id_pedido,data_venda,ids_cliente,idade_cliente,produto,categoria,quantidade,valor_unitario,valores_venda,estado,feedback
1,2022-01-01,103,21,Smartphone,Eletrônicos,3,302.68,908.04,FL,Muito satisfeito com a compra.
2,2022-01-02,436,20,Tablet,Eletrônicos,5,267.67,1338.36,CA,Muito satisfeito com a compra.
3,2022-01-03,861,67,Tablet,Eletrônicos,4,945.39,3781.55,NY,Atendimento excepcional.
4,2022-01-04,271,40,Smartphone,Eletrônicos,3,1334.83,4004.49,CA,Produto com ótimo custo-benefício.
5,2022-01-05,107,33,Fone de ouvido,Acessórios,2,742.1,1484.2,TX,Excelente produto!
6,2022-01-06,72,62,Laptop,Eletrônicos,1,425.41,425.41,FL,Produto com ótimo custo-benefício.
7,2022-01-07,701,30,Fone de ouvido,Acessórios,3,1646.98,4940.94,TX,Produto com defeito
8,2022-01-08,21,56,Fone de ouvido,Acessórios,5,758.05,3790.26,CA,Produto com ótimo custo-benefício.
9,2022-01-09,615,48,Smartphone,Eletrônicos,2,428.93,857.85,IL,Muito satisfeito com a compra.
10,2022-01-10,122,41,Laptop,Eletrônicos,1,761.92,761.92,IL,Produto cumpre o que promete
11,2022-01-11,467,64,Laptop,Eletrônicos,4,468.38,1873.52,CA,Entrega rápida!
12,2022-01-12,215,75,Fone de ouvido,Acessórios,2,1062.92,2125.85,NY,Produto com ótimo custo-benefício.
13,2022-01-13,331,32,Smartphone,Eletrônicos,1,1353.16,1353.16,TX,Sem reclamações.
14,2022-01-14,459,22,Laptop,Eletrônicos,4,1609.14,6436.55,CA,Entrega rápida!
15,2022-01-15,88,66,Fone de ouvido,Acessórios,1,493.75,493.75,CA,Entrega dentro do prazo previsto.
16,2022-01-16,373,39,Laptop,Eletrônicos,4,375.56,1502.24,IL,Entrega rápida!
17,2022-01-17,100,39,Smartphone,Eletrônicos,4,88.23,352.91,FL,Muito satisfeito com a compra.
18,2022-01-18,872,28,Smartphone,Eletrônicos,4,494.77,1979.08,FL,Produto ok.
19,2022-01-19,664,41,Smartphone,Eletrônicos,1,96.62,96.62,NY,Entrega rápida!
20,2022-01-20,131,62,Laptop,Eletrônicos,4,723.67,2894.7,NY,Atendimento excepcional.
21,2022-01-21,662,27,Tablet,Eletrônicos,2,334.1,668.2,NY,Excelente produto!
22,2022-01-22,309,64,Laptop,Eletrônicos,5,1180.8,5903.98,IL,Sem reclamações.
23,2022-01-23,770,51,Tablet,Eletrônicos,5,798.27,3991.34,CA,Entrega dentro do prazo previsto.
24,2022-01-24,344,28,Smartphone,Eletrônicos,4,232.49,929.97,NY,Muito satisfeito com a compra.
25,2022-01-25,492,74,Fone de ouvido,Acessórios,5,829.74,4148.7,IL,Sem reclamações.
26,2022-01-26,414,60,Tablet,Eletrônicos,5,458.23,2291.14,TX,Entrega dentro do prazo previsto.
27,2022-01-27,806,46,Smartphone,Eletrônicos,4,1376.35,5505.38,CA,Qualidade inferior ao anunciado
28,2022-01-28,386,39,Smartphone,Eletrônicos,4,760.65,3042.6,TX,Atendimento excepcional.
29,2022-01-29,192,50,Tablet,Eletrônicos,2,336.71,673.42,FL,Produto cumpre o que promete
30,2022-01-30,956,74,Fone de ouvido,Acessórios,3,731.72,2195.17,FL,Produto com ótimo custo-benefício.
31,2022-01-31,277,25,Smartphone,Eletrônicos,1,487.54,487.54,CA,Entrega dentro do prazo previsto.
32,2022-02-01,161,75,Tablet,Eletrônicos,4,1601.77,6407.08,NY,Entrega rápida!
33,2022-02-02,460,66,Fone de ouvido,Acessórios,4,1967.57,7870.27,CA,Entrega rápida!
34,2022-02-03,314,49,Fone de ouvido,Acessórios,5,99.71,498.54,NY,Atendimento sem problema
35,2022-02-04,22,57,Smartphone,Eletrônicos,2,1395.54,2791.08,FL,Produto cumpre o que promete
36,2022-02-05,253,62,Laptop,Eletrônicos,5,564.72,2823.59,CA,Atendimento excepcional.
37,2022-02-06,748,40,Laptop,Eletrônicos,4,179.5,717.99,CA,Entrega rápida!
38,2022-02-07,857,22,Smartphone,Eletrônicos,4,77.99,311.94,NY,Muito satisfeito com a compra.
39,2022-02-08,561,48,Fone de ouvido,Acessórios,5,1767.97,8839.84,FL,Excelente produto!
40,2022-02-09,475,46,Smartphone,Eletrônicos,4,739.53,2958.13,FL,Excelente produto!
41,2022-02-10,59,23,Tablet,Eletrônicos,3,1989.36,5968.08,NY,Entrega rápida!
42,2022-02-11,511,69,Laptop,Eletrônicos,1,912.64,912.64,NY,Entrega rápida!
43,2022-02-12,682,42,Tablet,Eletrônicos,1,415.82,415.82,NY,Atendimento excepcional.
44,2022-02-13,476,42,Smartphone,Eletrônicos,1,1565.43,1565.43,FL,Atendimento excepcional.
45,2022-02-14,700,78,Smartphone,Eletrônicos,3,1856.66,5569.98,FL,Qualidade inferior ao anunciado
46,2022-02-15,976,48,Fone de ouvido,Acessórios,4,1640.46,6561.84,CA,Atendimento excepcional.
47,2022-02-16,783,75,Fone de ouvido,Acessórios,5,1503.14,7515.69,FL,Produto ok.
48,2022-02-17,190,31,Fone de ouvido,Acessórios,2,702.66,1405.33,TX,Produto ok.
49,2022-02-18,958,34,Tablet,Eletrônicos,4,175.76,703.02,TX,Atendimento excepcional.
50,2022-02-19,687,33,Fone de ouvido,Acessórios,3,442.53,1327.6,NY,Excelente produto!
51,2022-02-20,958,45,Smartphone,Eletrônicos,3,921.28,2763.84,NY,Excelente produto!
52,2022-02-21,563,26,Fone de ouvido,Acessórios,1,1914.59,1914.59,NY,Excelente produto!
53,2022-02-22,876,68,Laptop,Eletrônicos,4,1459.57,5838.26,CA,Excelente produto!
54,2022-02-23,567,77,Fone de ouvido,Acessórios,1,1665.15,1665.15,TX,Produto com ótimo custo-benefício.
55,2022-02-24,244,19,Tablet,Eletrônicos,2,590.72,1181.45,TX,Entrega atrasada
56,2022-02-25,832,21,Laptop,Eletrônicos,1,1383.45,1383.45,FL,Muito satisfeito com a compra.
57,2022-02-26,505,37,Laptop,Eletrônicos,2,1731.75,3463.51,TX,Atendimento sem problema
58,2022-02-27,131,58,Laptop,Eletrônicos,3,984.85,2954.56,FL,Muito satisfeito com a compra.
59,2022-02-28,485,53,Tablet,Eletrônicos,1,888.29,888.29,CA,Produto com ótimo custo-benefício.
60,2022-03-01,819,54,Smartphone,Eletrônicos,1,1452.84,1452.84,NY,Produto com ótimo custo-benefício.
61,2022-03-02,647,23,Fone de ouvido,Acessórios,5,1141.83,5709.14,NY,Muito satisfeito com a compra.
62,2022-03-03,21,69,Laptop,Eletrônicos,3,1986.68,5960.05,FL,Entrega dentro do prazo previsto.
63,2022-03-04,841,18,Laptop,Eletrônicos,5,878.95,4394.75,IL,Atendimento excepcional.
64,2022-03-05,167,62,Laptop,Eletrônicos,2,393.09,786.18,FL,Produto com ótimo custo-benefício.
65,2022-03-06,274,67,Smartphone,Eletrônicos,2,970.27,1940.55,CA,Entrega rápida!
66,2022-03-07,388,20,Smartphone,Eletrônicos,3,508.65,1525.95,TX,Atendimento excepcional.
67,2022-03-08,601,69,Tablet,Eletrônicos,2,1144.44,2288.89,FL,Sem reclamações.
68,2022-03-09,316,54,Smartphone,Eletrônicos,3,295.3,885.91,CA,Atendimento sem problema
69,2022-03-10,14,62,Fone de ouvido,Acessórios,2,1902.45,3804.91,NY,Produto cumpre o que promete
70,2022-03-11,242,59,Tablet,Eletrônicos,4,1726.65,6906.62,IL,Entrega rápida!
71,2022-03-12,777,75,Tablet,Eletrônicos,1,353.35,353.35,IL,Atendimento excepcional.
72,2022-03-13,346,20,Fone de ouvido,Acessórios,4,386.17,1544.66,FL,Muito satisfeito com a compra.
73,2022-03-14,565,60,Fone de ouvido,Acessórios,3,1049.26,3147.77,TX,Produto cumpre o que promete
74,2022-03-15,898,50,Fone de ouvido,Acessórios,3,1557.12,4671.36,FL,Excelente produto!
75,2022-03-16,340,76,Tablet,Eletrônicos,4,477.2,1908.82,IL,Arrependido da compra
76,2022-03-17,92,76,Tablet,Eletrônicos,1,168.89,168.89,IL,Entrega atrasada
77,2022-03-18,367,32,Tablet,Eletrônicos,1,1113.79,1113.79,NY,Entrega atrasada
78,2022-03-19,956,73,Fone de ouvido,Acessórios,5,1398.61,6993.07,TX,Produto com ótimo custo-benefício.
79,2022-03-20,455,73,Fone de ouvido,Acessórios,2,526.51,1053.03,TX,Produto com ótimo custo-benefício.
80,2022-03-21,428,78,Laptop,Eletrônicos,5,1492.55,7462.74,IL,Produto ok.
81,2022-03-22,509,21,Smartphone,Eletrônicos,1,1903.76,1903.76,IL,Produto ok.
82,2022-03-23,776,32,Laptop,Eletrônicos,4,317.3,1269.18,FL,Entrega dentro do prazo previsto.
83,2022-03-24,943,24,Fone de ouvido,Acessórios,2,1046.51,2093.01,FL,Atendimento excepcional.
84,2022-03-25,35,64,Tablet,Eletrônicos,4,160.84,643.37,NY,Atendimento sem problema
85,2022-03-26,206,21,Fone de ouvido,Acessórios,5,452.99,2264.94,IL,Excelente produto!
86,2022-03-27,81,79,Smartphone,Eletrônicos,3,225.15,675.44,FL,Excelente produto!
87,2022-03-28,932,20,Laptop,Eletrônicos,4,837.81,3351.25,NY,Produto ok.
88,2022-03-29,562,40,Laptop,Eletrônicos,5,1650.62,8253.11,TX,Atendimento excepcional.
89,2022-03-30,872,31,Tablet,Eletrônicos,5,1175.4,5877.02,IL,Entrega dentro do prazo previsto.
90,2022-03-31,388,23,Laptop,Eletrônicos,5,484.04,2420.2,CA,Entrega rápida!
91,2022-04-01,2,50,Laptop,Eletrônicos,3,128.22,384.65,IL,Excelente produto!
92,2022-04-02,390,26,Fone de ouvido,Acessórios,3,1129.13,3387.38,FL,Atendimento excepcional.
93,2022-04-03,566,29,Laptop,Eletrônicos,3,308.95,926.86,IL,Atendimento excepcional.
94,2022-04-04,106,67,Laptop,Eletrônicos,2,718.33,1436.66,CA,Entrega rápida!
95,2022-04-05,772,78,Laptop,Eletrônicos,3,1044.87,3134.62,IL,Produto com ótimo custo-benefício.
96,2022-04-06,822,52,Tablet,Eletrônicos,3,1812.28,5436.84,FL,Produto ok.
97,2022-04-07,477,70,Tablet,Eletrônicos,3,209.56,628.67,TX,Atendimento excepcional.
98,2022-04-08,703,48,Fone de ouvido,Acessórios,4,1353.78,5415.14,FL,Atendimento sem problema
99,2022-04-09,402,68,Laptop,Eletrônicos,3,77.46,232.38,NY,Muito satisfeito com a compra.
100,2022-04-10,730,20,Tablet,Eletrônicos,2,1278.32,2556.64,FL,Produto ok.
101,2022-04-11,556,73,Tablet,Eletrônicos,5,1125.49,5627.44,NY,Muito satisfeito com a compra.
102,2022-04-12,162,63,Fone de ouvido,Acessórios,4,1633.14,6532.56,IL,Entrega rápida!
103,2022-04-13,202,53,Smartphone,Eletrônicos,1,1086.74,1086.74,NY,Entrega dentro do prazo previsto.
104,2022-04-14,958,30,Laptop,Eletrônicos,3,737.6,2212.81,IL,Entrega rápida!
105,2022-04-15,996,30,Tablet,Eletrônicos,5,523.36,2616.82,NY,Péssimo atendimento
106,2022-04-16,270,75,Fone de ouvido,Acessórios,5,216.24,1081.18,FL,Atendimento excepcional.
107,2022-04-17,863,51,Fone de ouvido,Acessórios,4,1092.49,4369.98,CA,Arrependido da compra
108,2022-04-18,816,38,Fone de ouvido,Acessórios,1,1782.23,1782.23,IL,Muito satisfeito com a compra.
109,2022-04-19,271,51,Tablet,Eletrônicos,2,1053.75,2107.5,NY,Entrega rápida!
110,2022-04-20,456,59,Laptop,Eletrônicos,5,1491.25,7456.25,CA,Entrega rápida!
111,2022-04-21,462,60,Smartphone,Eletrônicos,5,631.95,3159.74,NY,Atendimento excepcional.
112,2022-04-22,727,45,Laptop,Eletrônicos,5,923.86,4619.28,NY,Atendimento excepcional.
113,2022-04-23,252,73,Fone de ouvido,Acessórios,5,682.98,3414.88,NY,Atendimento excepcional.
114,2022-04-24,702,64,Fone de ouvido,Acessórios,4,263.07,1052.28,FL,Excelente produto!
115,2022-04-25,296,52,Smartphone,Eletrônicos,1,863.13,863.13,NY,Sem reclamações.
116,2022-04-26,725,31,Laptop,Eletrônicos,5,1540.36,7701.8,CA,Sem reclamações.
117,2022-04-27,720,35,Fone de ouvido,Acessórios,2,820.2,1640.4,NY,Excelente produto!
118,2022-04-28,749,36,Fone de ouvido,Acessórios,2,1317.85,2635.7,TX,Entrega rápida!
119,2022-04-29,338,36,Laptop,Eletrônicos,3,1529.3,4587.9,IL,Produto com ótimo custo-benefício.
120,2022-04-30,879,50,Fone de ouvido,Acessórios,5,679.34,3396.68,FL,Atendimento sem problema
121,2022-05-01,53,68,Laptop,Eletrônicos,5,1605.15,8025.77,TX,Entrega rápida!
122,2022-05-02,792,52,Fone de ouvido,Acessórios,5,710.91,3554.53,TX,Atendimento sem problema
123,2022-05-03,922,37,Laptop,Eletrônicos,5,549.41,2747.04,CA,Atendimento excepcional.
124,2022-05-04,217,46,Smartphone,Eletrônicos,5,483.77,2418.85,CA,Muito satisfeito com a compra.
125,2022-05-05,764,25,Fone de ouvido,Acessórios,2,439.81,879.63,FL,Atendimento excepcional.
126,2022-05-06,188,42,Smartphone,Eletrônicos,1,1487.39,1487.39,FL,Produto com ótimo custo-benefício.
127,2022-05-07,380,34,Fone de ouvido,Acessórios,1,1780.64,1780.64,IL,Produto com ótimo custo-benefício.
128,2022-05-08,493,18,Fone de ouvido,Acessórios,3,499.76,1499.29,NY,Sem reclamações.
129,2022-05-09,41,55,Tablet,Eletrônicos,2,216.22,432.44,FL,Atendimento excepcional.
130,2022-05-10,157,66,Laptop,Eletrônicos,5,661.85,3309.23,FL,Muito satisfeito com a compra.
131,2022-05-11,15,77,Smartphone,Eletrônicos,1,1332.8,1332.8,NY,Atendimento sem problema
132,2022-05-12,813,70,Smartphone,Eletrônicos,4,768.61,3074.46,IL,Muito satisfeito com a compra.
133,2022-05-13,65,47,Smartphone,Eletrônicos,4,1120.89,4483.58,CA,Muito satisfeito com a compra.
134,2022-05-14,857,45,Laptop,Eletrônicos,4,1501.39,6005.58,IL,Atendimento sem problema
135,2022-05-15,839,50,Tablet,Eletrônicos,5,846.53,4232.67,NY,Sem reclamações.
136,2022-05-16,521,30,Smartphone,Eletrônicos,5,1999.4,9997.02,CA,Atendimento excepcional.
137,2022-05-17,344,41,Laptop,Eletrônicos,3,631.0,1893.0,CA,Atendimento sem problema
138,2022-05-18,129,61,Fone de ouvido,Acessórios,3,1957.58,5872.75,CA,Muito satisfeito com a compra.
139,2022-05-19,648,54,Smartphone,Eletrônicos,3,445.91,1337.72,IL,Entrega rápida!
140,2022-05-20,472,39,Smartphone,Eletrônicos,4,266.32,1065.27,NY,Atendimento excepcional.
141,2022-05-21,63,69,Tablet,Eletrônicos,5,1514.12,7570.6,IL,Atendimento excepcional.
142,2022-05-22,139,30,Smartphone,Eletrônicos,4,1419.5,5678.02,IL,Péssimo atendimento
143,2022-05-23,499,57,Smartphone,Eletrônicos,3,1631.78,4895.34,TX,Produto ok.
144,2022-05-24,593,29,Fone de ouvido,Acessórios,5,720.0,3600.01,FL,Produto com ótimo custo-benefício.
145,2022-05-25,392,74,Laptop,Eletrônicos,2,1865.07,3730.15,IL,Excelente produto!
146,2022-05-26,675,58,Laptop,Eletrônicos,1,282.99,282.99,TX,Sem reclamações.
147,2022-05-27,419,66,Tablet,Eletrônicos,1,109.04,109.04,NY,Atendimento sem problema
148,2022-05-28,289,63,Fone de ouvido,Acessórios,3,636.1,1908.3,TX,Atendimento excepcional.
149,2022-05-29,379,24,Laptop,Eletrônicos,4,1604.78,6419.13,IL,Atendimento excepcional.
150,2022-05-30,773,53,Fone de ouvido,Acessórios,2,1362.32,2724.63,NY,Produto cumpre o que promete
151,2022-05-31,490,46,Laptop,Eletrônicos,5,900.61,4503.04,TX,Produto cumpre o que promete
152,2022-06-01,231,46,Fone de ouvido,Acessórios,4,549.69,2198.78,IL,Muito satisfeito com a compra.
153,2022-06-02,41,43,Tablet,Eletrônicos,3,165.58,496.75,NY,Entrega dentro do prazo previsto.
154,2022-06-03,28,44,Smartphone,Eletrônicos,4,708.14,2832.54,NY,Produto com ótimo custo-benefício.
155,2022-06-04,135,41,Tablet,Eletrônicos,3,947.04,2841.12,FL,Entrega rápida!
156,2022-06-05,201,48,Laptop,Eletrônicos,1,1389.7,1389.7,IL,Produto com ótimo custo-benefício.
157,2022-06-06,840,24,Tablet,Eletrônicos,1,1309.65,1309.65,FL,Atendimento excepcional.
158,2022-06-07,780,34,Smartphone,Eletrônicos,4,1897.32,7589.29,NY,Produto ok.
159,2022-06-08,930,66,Tablet,Eletrônicos,2,245.77,491.54,NY,Muito satisfeito com a compra.
160,2022-06-09,33,50,Laptop,Eletrônicos,5,705.86,3529.32,TX,Produto com ótimo custo-benefício.
161,2022-06-10,48,51,Laptop,Eletrônicos,3,989.08,2967.23,FL,Produto cumpre o que promete
162,2022-06-11,503,75,Tablet,Eletrônicos,5,1357.86,6789.28,CA,Excelente produto!
163,2022-06-12,407,35,Smartphone,Eletrônicos,1,1016.13,1016.13,IL,Produto cumpre o que promete
164,2022-06-13,574,58,Tablet,Eletrônicos,2,1829.88,3659.76,FL,Sem reclamações.
165,2022-06-14,728,22,Smartphone,Eletrônicos,2,1236.91,2473.82,NY,Excelente produto!
166,2022-06-15,805,18,Fone de ouvido,Acessórios,5,127.35,636.74,TX,Produto com ótimo custo-benefício.
167,2022-06-16,99,24,Smartphone,Eletrônicos,1,271.63,271.63,IL,Atendimento sem problema
168,2022-06-17,684,75,Fone de ouvido,Acessórios,5,1519.32,7596.58,IL,Produto com ótimo custo-benefício.
169,2022-06-18,872,51,Tablet,Eletrônicos,4,1445.79,5783.14,TX,Produto com ótimo custo-benefício.
170,2022-06-19,726,20,Smartphone,Eletrônicos,2,349.32,698.64,NY,Produto ok.
171,2022-06-20,987,53,Fone de ouvido,Acessórios,2,164.87,329.74,CA,Muito satisfeito com a compra.
172,2022-06-21,547,52,Fone de ouvido,Acessórios,4,1178.5,4714.0,TX,Excelente produto!
173,2022-06-22,961,68,Fone de ouvido,Acessórios,1,1289.69,1289.69,CA,Atendimento sem problema
174,2022-06-23,739,74,Laptop,Eletrônicos,2,313.83,627.67,FL,Sem reclamações.
175,2022-06-24,613,29,Tablet,Eletrônicos,3,973.56,2920.67,IL,Entrega rápida!
176,2022-06-25,943,32,Fone de ouvido,Acessórios,3,646.37,1939.11,NY,Entrega rápida!
177,2022-06-26,462,21,Smartphone,Eletrônicos,1,1866.05,1866.05,CA,Excelente produto!
178,2022-06-27,643,73,Fone de ouvido,Acessórios,4,477.44,1909.76,NY,Atendimento sem problema
179,2022-06-28,769,50,Laptop,Eletrônicos,5,1479.86,7399.29,FL,Entrega dentro do prazo previsto.
180,2022-06-29,5,33,Tablet,Eletrônicos,1,1060.36,1060.36,CA,Entrega rápida!
181,2022-06-30,218,46,Laptop,Eletrônicos,5,72.47,362.33,NY,Produto cumpre o que promete
182,2022-07-01,503,23,Laptop,Eletrônicos,1,1058.15,1058.15,NY,Atendimento excepcional.
183,2022-07-02,767,66,Laptop,Eletrônicos,3,243.97,731.91,FL,Sem reclamações.
184,2022-07-03,398,54,Smartphone,Eletrônicos,4,1335.17,5340.69,TX,Muito satisfeito com a compra.
185,2022-07-04,871,40,Tablet,Eletrônicos,3,1152.77,3458.31,FL,Atendimento sem problema
186,2022-07-05,795,30,Tablet,Eletrônicos,4,70.33,281.33,CA,Entrega atrasada
187,2022-07-06,393,61,Smartphone,Eletrônicos,5,449.15,2245.76,CA,Produto ok.
188,2022-07-07,207,18,Tablet,Eletrônicos,1,1563.64,1563.64,IL,Produto ok.
189,2022-07-08,15,74,Laptop,Eletrônicos,2,587.76,1175.51,NY,Produto cumpre o que promete
190,2022-07-09,858,29,Tablet,Eletrônicos,2,1023.6,2047.21,CA,Qualidade inferior ao anunciado
191,2022-07-10,554,44,Smartphone,Eletrônicos,4,658.4,2633.59,TX,Atendimento sem problema
192,2022-07-11,892,42,Laptop,Eletrônicos,4,1846.98,7387.91,TX,Produto cumpre o que promete
193,2022-07-12,461,39,Smartphone,Eletrônicos,3,1096.33,3288.98,FL,Produto cumpre o que promete
194,2022-07-13,691,79,Fone de ouvido,Acessórios,2,1407.54,2815.08,CA,Produto com ótimo custo-benefício.
195,2022-07-14,575,51,Laptop,Eletrônicos,3,212.78,638.34,CA,Produto com ótimo custo-benefício.
196,2022-07-15,864,35,Laptop,Eletrônicos,5,128.66,643.28,IL,Entrega rápida!
197,2022-07-16,743,58,Tablet,Eletrônicos,2,555.49,1110.99,IL,Produto com ótimo custo-benefício.
198,2022-07-17,241,33,Laptop,Eletrônicos,5,652.81,3264.06,IL,Atendimento sem problema
199,2022-07-18,564,46,Smartphone,Eletrônicos,1,1390.98,1390.98,CA,Atendimento excepcional.
200,2022-07-19,96,47,Tablet,Eletrônicos,3,1159.8,3479.41,FL,Atendimento excepcional.
201,2022-07-20,900,47,Fone de ouvido,Acessórios,4,780.43,3121.72,FL,Excelente produto!
202,2022-07-21,734,37,Smartphone,Eletrônicos,2,1325.53,2651.06,FL,Excelente produto!
203,2022-07-22,485,64,Fone de ouvido,Acessórios,3,368.95,1106.86,FL,Excelente produto!
204,2022-07-23,407,39,Fone de ouvido,Acessórios,4,173.8,695.22,TX,Arrependido da compra
205,2022-07-24,231,78,Fone de ouvido,Acessórios,1,1716.28,1716.28,CA,Entrega dentro do prazo previsto.
206,2022-07-25,749,59,Laptop,Eletrônicos,2,1149.69,2299.39,NY,Atendimento excepcional.
207,2022-07-26,655,51,Smartphone,Eletrônicos,5,1315.74,6578.68,CA,Muito satisfeito com a compra.
208,2022-07-27,171,21,Smartphone,Eletrônicos,1,649.12,649.12,FL,Entrega dentro do prazo previsto.
209,2022-07-28,541,67,Laptop,Eletrônicos,4,775.31,3101.25,TX,Sem reclamações.
210,2022-07-29,36,48,Tablet,Eletrônicos,2,210.62,421.23,TX,Produto com ótimo custo-benefício.
211,2022-07-30,525,68,Fone de ouvido,Acessórios,2,1721.13,3442.25,CA,Muito satisfeito com a compra.
212,2022-07-31,160,67,Smartphone,Eletrônicos,1,1205.26,1205.26,NY,Excelente produto!
213,2022-08-01,839,31,Laptop,Eletrônicos,2,213.07,426.15,FL,Atendimento excepcional.
214,2022-08-02,699,25,Fone de ouvido,Acessórios,4,1618.83,6475.33,TX,Entrega rápida!
215,2022-08-03,243,54,Tablet,Eletrônicos,1,916.02,916.02,FL,Produto ok.
216,2022-08-04,86,22,Tablet,Eletrônicos,5,1541.95,7709.74,FL,Produto cumpre o que promete
217,2022-08-05,796,25,Fone de ouvido,Acessórios,1,74.61,74.61,FL,Excelente produto!
218,2022-08-06,578,28,Tablet,Eletrônicos,1,106.04,106.04,IL,Entrega dentro do prazo previsto.
219,2022-08-07,682,73,Smartphone,Eletrônicos,5,383.03,1915.13,FL,Arrependido da compra
220,2022-08-08,557,46,Smartphone,Eletrônicos,4,461.29,1845.15,FL,Sem reclamações.
221,2022-08-09,574,72,Smartphone,Eletrônicos,3,1539.71,4619.14,NY,Atendimento sem problema
222,2022-08-10,953,38,Tablet,Eletrônicos,3,1428.05,4284.16,NY,Qualidade inferior ao anunciado
223,2022-08-11,646,56,Smartphone,Eletrônicos,5,1251.37,6256.86,IL,Muito satisfeito com a compra.
224,2022-08-12,796,30,Laptop,Eletrônicos,4,1775.47,7101.9,IL,Entrega rápida!
225,2022-08-13,28,66,Smartphone,Eletrônicos,2,531.94,1063.88,FL,Entrega atrasada
226,2022-08-14,620,36,Smartphone,Eletrônicos,5,1813.59,9067.95,TX,Produto com ótimo custo-benefício.
227,2022-08-15,556,20,Tablet,Eletrônicos,3,1823.47,5470.41,TX,Produto cumpre o que promete
228,2022-08-16,340,51,Smartphone,Eletrônicos,4,896.81,3587.23,CA,Produto cumpre o que promete
229,2022-08-17,798,55,Fone de ouvido,Acessórios,1,234.05,234.05,TX,Produto com ótimo custo-benefício.
230,2022-08-18,958,36,Laptop,Eletrônicos,4,1466.79,5867.17,TX,Muito satisfeito com a compra.
231,2022-08-19,331,49,Tablet,Eletrônicos,4,707.01,2828.04,NY,Entrega rápida!
232,2022-08-20,640,64,Laptop,Eletrônicos,3,1600.11,4800.34,CA,Produto com ótimo custo-benefício.
233,2022-08-21,506,53,Fone de ouvido,Acessórios,3,369.2,1107.59,CA,Atendimento excepcional.
234,2022-08-22,348,68,Tablet,Eletrônicos,2,1102.05,2204.11,NY,Muito satisfeito com a compra.
235,2022-08-23,473,56,Tablet,Eletrônicos,2,1040.74,2081.49,TX,Atendimento excepcional.
236,2022-08-24,231,69,Smartphone,Eletrônicos,5,245.61,1228.07,TX,Muito satisfeito com a compra.
237,2022-08-25,190,70,Laptop,Eletrônicos,1,758.5,758.5,CA,Atendimento excepcional.
238,2022-08-26,225,31,Fone de ouvido,Acessórios,2,215.27,430.55,TX,Produto ok.
239,2022-08-27,385,24,Fone de ouvido,Acessórios,3,956.24,2868.73,CA,Sem reclamações.
240,2022-08-28,377,37,Tablet,Eletrônicos,4,1693.66,6774.66,TX,Muito satisfeito com a compra.
241,2022-08-29,283,49,Smartphone,Eletrônicos,5,576.9,2884.5,FL,Muito satisfeito com a compra.
242,2022-08-30,958,63,Tablet,Eletrônicos,2,1541.48,3082.96,NY,Produto com defeito
243,2022-08-31,633,71,Tablet,Eletrônicos,4,407.68,1630.73,IL,Excelente produto!
244,2022-09-01,628,74,Tablet,Eletrônicos,4,1363.78,5455.13,FL,Atendimento excepcional.
245,2022-09-02,973,48,Tablet,Eletrônicos,2,1835.3,3670.6,TX,Entrega rápida!
246,2022-09-03,745,39,Fone de ouvido,Acessórios,1,681.66,681.66,IL,Atendimento excepcional.
247,2022-09-04,259,22,Fone de ouvido,Acessórios,1,1805.8,1805.8,FL,Muito satisfeito com a compra.
248,2022-09-05,359,48,Tablet,Eletrônicos,5,1035.57,5177.85,NY,Muito satisfeito com a compra.
249,2022-09-06,710,32,Tablet,Eletrônicos,1,667.77,667.77,IL,Atendimento excepcional.
250,2022-09-07,456,61,Smartphone,Eletrônicos,5,1798.19,8990.96,IL,Produto com ótimo custo-benefício.
251,2022-09-08,411,79,Tablet,Eletrônicos,3,112.47,337.42,NY,Entrega rápida!
252,2022-09-09,649,78,Fone de ouvido,Acessórios,2,104.64,209.27,FL,Produto ok.
253,2022-09-10,318,34,Laptop,Eletrônicos,4,1219.67,4878.67,IL,Entrega rápida!
254,2022-09-11,677,73,Fone de ouvido,Acessórios,5,1603.66,8018.32,NY,Produto com ótimo custo-benefício.
255,2022-09-12,225,70,Smartphone,Eletrônicos,1,1515.52,1515.52,FL,Produto cumpre o que promete
256,2022-09-13,819,54,Fone de ouvido,Acessórios,5,204.97,1024.83,TX,Atendimento excepcional.
257,2022-09-14,234,36,Laptop,Eletrônicos,5,1902.99,9514.95,CA,Muito satisfeito com a compra.
258,2022-09-15,684,27,Tablet,Eletrônicos,1,1420.97,1420.97,TX,Atendimento excepcional.
259,2022-09-16,664,61,Laptop,Eletrônicos,1,1900.77,1900.77,TX,Atendimento sem problema
260,2022-09-17,975,51,Tablet,Eletrônicos,2,691.74,1383.48,CA,Produto cumpre o que promete
261,2022-09-18,827,66,Tablet,Eletrônicos,4,1403.18,5612.73,TX,Atendimento excepcional.
262,2022-09-19,374,42,Fone de ouvido,Acessórios,2,1726.88,3453.76,TX,Produto com ótimo custo-benefício.
263,2022-09-20,672,54,Fone de ouvido,Acessórios,2,791.91,1583.81,NY,Excelente produto!
264,2022-09-21,608,75,Fone de ouvido,Acessórios,1,1931.48,1931.48,NY,Entrega dentro do prazo previsto.
265,2022-09-22,472,45,Smartphone,Eletrônicos,1,566.74,566.74,FL,Produto cumpre o que promete
266,2022-09-23,233,32,Fone de ouvido,Acessórios,4,665.45,2661.79,IL,Entrega rápida!
267,2022-09-24,692,37,Smartphone,Eletrônicos,5,1844.64,9223.2,FL,Entrega rápida!
268,2022-09-25,113,72,Fone de ouvido,Acessórios,2,1940.84,3881.67,NY,Muito satisfeito com a compra.
269,2022-09-26,830,30,Tablet,Eletrônicos,4,606.13,2424.53,NY,Excelente produto!
270,2022-09-27,497,37,Smartphone,Eletrônicos,2,315.96,631.92,CA,Entrega dentro do prazo previsto.
271,2022-09-28,442,60,Laptop,Eletrônicos,5,1530.16,7650.79,CA,Muito satisfeito com a compra.
272,2022-09-29,564,48,Smartphone,Eletrônicos,2,1862.85,3725.69,NY,Produto com ótimo custo-benefício.
273,2022-09-30,268,35,Smartphone,Eletrônicos,3,1221.39,3664.17,TX,Atendimento sem problema
274,2022-10-01,510,58,Laptop,Eletrônicos,4,1287.31,5149.25,FL,Produto com ótimo custo-benefício.
275,2022-10-02,807,65,Smartphone,Eletrônicos,1,1537.74,1537.74,NY,Atendimento sem problema
276,2022-10-03,386,73,Tablet,Eletrônicos,2,348.52,697.03,NY,Produto com ótimo custo-benefício.
277,2022-10-04,387,45,Fone de ouvido,Acessórios,4,1948.26,7793.06,CA,Muito satisfeito com a compra.
278,2022-10-05,113,64,Laptop,Eletrônicos,4,760.44,3041.77,FL,Produto ok.
279,2022-10-06,613,21,Fone de ouvido,Acessórios,2,1275.07,2550.14,FL,Produto ok.
280,2022-10-07,625,41,Tablet,Eletrônicos,1,963.8,963.8,IL,Muito satisfeito com a compra.
281,2022-10-08,952,61,Laptop,Eletrônicos,1,962.95,962.95,NY,Sem reclamações.
282,2022-10-09,81,62,Fone de ouvido,Acessórios,2,1420.35,2840.7,IL,Produto cumpre o que promete
283,2022-10-10,699,26,Fone de ouvido,Acessórios,4,1989.59,7958.37,CA,Entrega dentro do prazo previsto.
284,2022-10-11,113,64,Tablet,Eletrônicos,1,1335.17,1335.17,IL,Atendimento sem problema
285,2022-10-12,2,67,Fone de ouvido,Acessórios,2,1598.42,3196.83,TX,Entrega rápida!
286,2022-10-13,642,69,Tablet,Eletrônicos,2,103.85,207.7,NY,Atendimento excepcional.
287,2022-10-14,220,49,Smartphone,Eletrônicos,2,1630.33,3260.67,NY,Produto ok.
288,2022-10-15,566,76,Tablet,Eletrônicos,4,634.95,2539.81,FL,Produto com ótimo custo-benefício.
289,2022-10-16,855,49,Smartphone,Eletrônicos,1,297.07,297.07,IL,Produto ok.
290,2022-10-17,997,71,Laptop,Eletrônicos,4,271.0,1084.01,FL,Muito satisfeito com a compra.
291,2022-10-18,736,56,Fone de ouvido,Acessórios,3,1375.76,4127.27,IL,Entrega dentro do prazo previsto.
292,2022-10-19,225,38,Tablet,Eletrônicos,1,1995.35,1995.35,IL,Excelente produto!
293,2022-10-20,385,75,Tablet,Eletrônicos,4,1349.08,5396.32,CA,Atendimento excepcional.
294,2022-10-21,403,61,Fone de ouvido,Acessórios,1,561.58,561.58,IL,Produto ok.
295,2022-10-22,638,59,Fone de ouvido,Acessórios,3,446.45,1339.34,FL,Atendimento sem problema
296,2022-10-23,130,78,Laptop,Eletrônicos,5,1075.62,5378.08,IL,Produto com ótimo custo-benefício.
297,2022-10-24,53,56,Laptop,Eletrônicos,2,176.83,353.65,IL,Entrega rápida!
298,2022-10-25,684,63,Tablet,Eletrônicos,4,828.7,3314.78,NY,Sem reclamações.
299,2022-10-26,730,44,Laptop,Eletrônicos,3,1349.16,4047.47,NY,Atendimento sem problema
300,2022-10-27,672,64,Smartphone,Eletrônicos,3,1936.94,5810.82,NY,Atendimento excepcional.
301,2022-10-28,710,53,Laptop,Eletrônicos,1,880.02,880.02,TX,Entrega rápida!
302,2022-10-29,416,25,Laptop,Eletrônicos,1,440.44,440.44,NY,Produto com ótimo custo-benefício.
303,2022-10-30,247,36,Tablet,Eletrônicos,2,1643.86,3287.71,TX,Péssimo atendimento
304,2022-10-31,836,46,Smartphone,Eletrônicos,1,1501.19,1501.19,TX,Excelente produto!
305,2022-11-01,439,36,Laptop,Eletrônicos,4,1726.42,6905.69,FL,Atendimento excepcional.
306,2022-11-02,203,22,Smartphone,Eletrônicos,4,468.7,1874.81,NY,Entrega rápida!
307,2022-11-03,184,39,Smartphone,Eletrônicos,4,839.42,3357.69,IL,Atendimento sem problema
308,2022-11-04,123,52,Smartphone,Eletrônicos,5,1964.03,9820.16,CA,Sem reclamações.
309,2022-11-05,401,27,Fone de ouvido,Acessórios,4,358.18,1432.73,IL,Muito satisfeito com a compra.
310,2022-11-06,767,32,Fone de ouvido,Acessórios,1,1359.33,1359.33,NY,Atendimento excepcional.
311,2022-11-07,294,19,Fone de ouvido,Acessórios,1,512.51,512.51,IL,Atendimento excepcional.
312,2022-11-08,280,70,Fone de ouvido,Acessórios,4,1025.31,4101.24,NY,Atendimento excepcional.
313,2022-11-09,837,59,Tablet,Eletrônicos,3,1610.99,4832.98,NY,Produto com ótimo custo-benefício.
314,2022-11-10,884,39,Laptop,Eletrônicos,3,1002.74,3008.23,IL,Sem reclamações.
315,2022-11-11,610,65,Fone de ouvido,Acessórios,3,1620.69,4862.07,TX,Sem reclamações.
316,2022-11-12,198,52,Tablet,Eletrônicos,2,881.35,1762.71,FL,Entrega atrasada
317,2022-11-13,982,56,Laptop,Eletrônicos,5,1998.74,9993.69,FL,Entrega rápida!
318,2022-11-14,907,36,Fone de ouvido,Acessórios,4,899.87,3599.46,FL,Excelente produto!
319,2022-11-15,511,64,Laptop,Eletrônicos,2,341.29,682.58,FL,Atendimento sem problema
320,2022-11-16,752,29,Fone de ouvido,Acessórios,3,833.65,2500.94,CA,Atendimento excepcional.
321,2022-11-17,144,78,Tablet,Eletrônicos,4,1498.06,5992.23,NY,Entrega rápida!
322,2022-11-18,609,51,Smartphone,Eletrônicos,2,1703.48,3406.96,CA,Excelente produto!
323,2022-11-19,201,79,Smartphone,Eletrônicos,1,947.2,947.2,FL,Produto com defeito
324,2022-11-20,124,62,Laptop,Eletrônicos,3,1209.23,3627.69,FL,Sem reclamações.
325,2022-11-21,187,75,Tablet,Eletrônicos,2,1697.54,3395.07,IL,Produto com ótimo custo-benefício.
326,2022-11-22,326,37,Smartphone,Eletrônicos,1,1636.42,1636.42,FL,Produto com ótimo custo-benefício.
327,2022-11-23,464,68,Fone de ouvido,Acessórios,3,1332.56,3997.68,NY,Produto cumpre o que promete
328,2022-11-24,349,24,Smartphone,Eletrônicos,5,1639.3,8196.51,FL,Atendimento sem problema
329,2022-11-25,771,41,Laptop,Eletrônicos,3,1173.03,3519.08,FL,Produto cumpre o que promete
330,2022-11-26,660,20,Laptop,Eletrônicos,5,59.06,295.32,CA,Produto com ótimo custo-benefício.
331,2022-11-27,764,23,Tablet,Eletrônicos,5,130.47,652.35,NY,Muito satisfeito com a compra.
332,2022-11-28,955,50,Laptop,Eletrônicos,5,1960.63,9803.13,TX,Produto ok.
333,2022-11-29,932,70,Smartphone,Eletrônicos,4,332.73,1330.94,IL,Arrependido da compra
334,2022-11-30,403,51,Smartphone,Eletrônicos,4,838.81,3355.23,TX,Produto com ótimo custo-benefício.
335,2022-12-01,346,50,Smartphone,Eletrônicos,5,1870.93,9354.66,CA,Muito satisfeito com a compra.
336,2022-12-02,963,46,Smartphone,Eletrônicos,1,430.33,430.33,FL,Entrega rápida!
337,2022-12-03,511,40,Tablet,Eletrônicos,5,1695.39,8476.97,IL,Atendimento excepcional.
338,2022-12-04,147,75,Fone de ouvido,Acessórios,2,1645.62,3291.24,NY,Entrega rápida!
339,2022-12-05,148,21,Fone de ouvido,Acessórios,5,1973.34,9866.71,IL,Produto ok.
340,2022-12-06,864,22,Tablet,Eletrônicos,4,599.28,2397.12,CA,Entrega rápida!
341,2022-12-07,711,51,Laptop,Eletrônicos,4,664.88,2659.54,FL,Excelente produto!
342,2022-12-08,820,33,Fone de ouvido,Acessórios,2,1810.61,3621.22,CA,Atendimento excepcional.
343,2022-12-09,489,57,Laptop,Eletrônicos,2,506.45,1012.91,NY,Sem reclamações.
344,2022-12-10,929,64,Fone de ouvido,Acessórios,3,1118.41,3355.22,TX,Produto ok.
345,2022-12-11,936,60,Laptop,Eletrônicos,1,1429.32,1429.32,FL,Atendimento excepcional.
346,2022-12-12,640,78,Tablet,Eletrônicos,1,580.17,580.17,FL,Muito satisfeito com a compra.
347,2022-12-13,551,59,Smartphone,Eletrônicos,1,1879.91,1879.91,CA,Entrega rápida!
348,2022-12-14,338,79,Laptop,Eletrônicos,4,1348.11,5392.44,CA,Entrega rápida!
349,2022-12-15,872,20,Smartphone,Eletrônicos,1,141.92,141.92,CA,Excelente produto!
350,2022-12-16,641,72,Laptop,Eletrônicos,3,314.69,944.06,FL,Atendimento sem problema
351,2022-12-17,779,60,Laptop,Eletrônicos,3,422.02,1266.07,CA,Produto com ótimo custo-benefício.
352,2022-12-18,988,66,Laptop,Eletrônicos,1,527.67,527.67,IL,Qualidade inferior ao anunciado
353,2022-12-19,953,59,Laptop,Eletrônicos,2,1474.82,2949.64,IL,Entrega rápida!
354,2022-12-20,473,66,Laptop,Eletrônicos,3,223.42,670.27,IL,Atendimento excepcional.
355,2022-12-21,946,31,Smartphone,Eletrônicos,2,733.66,1467.32,FL,Muito satisfeito com a compra.
356,2022-12-22,151,72,Laptop,Eletrônicos,4,1827.2,7308.79,CA,Excelente produto!
357,2022-12-23,415,50,Smartphone,Eletrônicos,3,1135.5,3406.51,NY,Excelente produto!
358,2022-12-24,990,45,Tablet,Eletrônicos,2,567.72,1135.44,CA,Sem reclamações.
359,2022-12-25,298,74,Fone de ouvido,Acessórios,1,1916.26,1916.26,FL,Atendimento excepcional.
360,2022-12-26,611,58,Laptop,Eletrônicos,4,526.42,2105.66,IL,Entrega rápida!
361,2022-12-27,263,73,Fone de ouvido,Acessórios,5,1814.94,9074.72,FL,Entrega dentro do prazo previsto.
362,2022-12-28,764,73,Smartphone,Eletrônicos,5,1465.25,7326.25,CA,Péssimo atendimento
363,2022-12-29,144,32,Tablet,Eletrônicos,1,1494.02,1494.02,FL,Entrega dentro do prazo previsto.
364,2022-12-30,346,21,Tablet,Eletrônicos,4,1541.63,6166.53,NY,Atendimento sem problema
365,2022-12-31,624,37,Tablet,Eletrônicos,4,1037.81,4151.24,FL,Produto com ótimo custo-benefício.
366,2023-01-01,572,70,Fone de ouvido,Acessórios,4,1638.43,6553.71,TX,Atendimento excepcional.
367,2023-01-02,881,42,Smartphone,Eletrônicos,4,1680.58,6722.31,FL,Produto com ótimo custo-benefício.
368,2023-01-03,2,52,Laptop,Eletrônicos,5,752.95,3764.75,CA,Qualidade inferior ao anunciado
369,2023-01-04,897,69,Laptop,Eletrônicos,2,830.67,1661.34,TX,Entrega rápida!
370,2023-01-05,304,75,Smartphone,Eletrônicos,4,1783.08,7132.3,IL,Muito satisfeito com a compra.
371,2023-01-06,254,70,Fone de ouvido,Acessórios,2,1073.22,2146.44,CA,Atendimento excepcional.
372,2023-01-07,652,56,Laptop,Eletrônicos,4,1740.54,6962.16,NY,Produto com ótimo custo-benefício.
373,2023-01-08,453,70,Smartphone,Eletrônicos,3,1272.2,3816.6,FL,Muito satisfeito com a compra.
374,2023-01-09,37,74,Laptop,Eletrônicos,3,1207.46,3622.37,FL,Muito satisfeito com a compra.
375,2023-01-10,160,39,Tablet,Eletrônicos,3,110.41,331.24,CA,Excelente produto!
376,2023-01-11,9,52,Laptop,Eletrônicos,4,591.89,2367.58,FL,Muito satisfeito com a compra.
377,2023-01-12,233,71,Fone de ouvido,Acessórios,2,1029.01,2058.02,FL,Produto com ótimo custo-benefício.
378,2023-01-13,99,71,Smartphone,Eletrônicos,5,1195.27,5976.34,IL,Entrega rápida!
379,2023-01-14,659,64,Fone de ouvido,Acessórios,1,1279.35,1279.35,FL,Entrega dentro do prazo previsto.
380,2023-01-15,816,45,Smartphone,Eletrônicos,5,1446.63,7233.17,FL,Entrega rápida!
381,2023-01-16,208,27,Tablet,Eletrônicos,4,1329.66,5318.62,IL,Atendimento sem problema
382,2023-01-17,131,33,Smartphone,Eletrônicos,3,1704.72,5114.17,FL,Entrega rápida!
383,2023-01-18,404,66,Laptop,Eletrônicos,3,626.17,1878.5,IL,Entrega rápida!
384,2023-01-19,152,40,Laptop,Eletrônicos,2,1301.06,2602.12,NY,Produto cumpre o que promete
385,2023-01-20,54,36,Tablet,Eletrônicos,4,149.76,599.04,FL,Atendimento excepcional.
386,2023-01-21,120,18,Smartphone,Eletrônicos,5,986.37,4931.85,CA,Excelente produto!
387,2023-01-22,673,18,Tablet,Eletrônicos,4,572.66,2290.66,TX,Produto com defeito
388,2023-01-23,920,70,Laptop,Eletrônicos,4,792.73,3170.92,NY,Muito satisfeito com a compra.
389,2023-01-24,628,63,Fone de ouvido,Acessórios,3,741.59,2224.78,FL,Muito satisfeito com a compra.
390,2023-01-25,587,75,Tablet,Eletrônicos,5,167.84,839.2,CA,Qualidade inferior ao anunciado
391,2023-01-26,625,43,Fone de ouvido,Acessórios,1,959.96,959.96,TX,Excelente produto!
392,2023-01-27,968,51,Fone de ouvido,Acessórios,3,1989.53,5968.58,IL,Entrega dentro do prazo previsto.
393,2023-01-28,420,19,Smartphone,Eletrônicos,5,632.93,3164.63,FL,Muito satisfeito com a compra.
394,2023-01-29,422,45,Tablet,Eletrônicos,2,1485.48,2970.97,IL,Entrega rápida!
395,2023-01-30,104,37,Fone de ouvido,Acessórios,3,1118.19,3354.56,NY,Entrega rápida!
396,2023-01-31,852,59,Fone de ouvido,Acessórios,2,684.19,1368.38,TX,Excelente produto!
397,2023-02-01,254,64,Smartphone,Eletrônicos,3,224.73,674.2,TX,Produto cumpre o que promete
398,2023-02-02,227,44,Smartphone,Eletrônicos,4,470.92,1883.69,IL,Péssimo atendimento
399,2023-02-03,112,45,Laptop,Eletrônicos,5,1574.61,7873.07,IL,Produto com ótimo custo-benefício.
400,2023-02-04,510,77,Fone de ouvido,Acessórios,2,594.09,1188.18,NY,Produto cumpre o que promete
401,2023-02-05,473,48,Laptop,Eletrônicos,3,331.39,994.17,CA,Muito satisfeito com a compra.
402,2023-02-06,99,64,Fone de ouvido,Acessórios,2,696.03,1392.06,FL,Excelente produto!
403,2023-02-07,153,24,Laptop,Eletrônicos,3,1188.88,3566.65,CA,Entrega atrasada
404,2023-02-08,861,25,Smartphone,Eletrônicos,3,1421.75,4265.26,TX,Excelente produto!
405,2023-02-09,914,49,Tablet,Eletrônicos,1,805.36,805.36,FL,Produto com ótimo custo-benefício.
406,2023-02-10,896,28,Smartphone,Eletrônicos,1,1021.39,1021.39,NY,Produto com ótimo custo-benefício.
407,2023-02-11,878,65,Laptop,Eletrônicos,1,937.09,937.09,CA,Produto com ótimo custo-benefício.
408,2023-02-12,338,43,Laptop,Eletrônicos,2,67.56,135.11,CA,Entrega rápida!
409,2023-02-13,706,72,Tablet,Eletrônicos,4,821.42,3285.68,FL,Atendimento sem problema
410,2023-02-14,822,42,Fone de ouvido,Acessórios,3,1195.27,3585.82,NY,Atendimento sem problema
411,2023-02-15,163,24,Laptop,Eletrônicos,5,1161.39,5806.96,NY,Produto com ótimo custo-benefício.
412,2023-02-16,720,37,Laptop,Eletrônicos,1,1512.05,1512.05,CA,Entrega rápida!
413,2023-02-17,957,58,Laptop,Eletrônicos,2,1357.23,2714.47,CA,Produto com ótimo custo-benefício.
414,2023-02-18,681,74,Tablet,Eletrônicos,2,589.77,1179.55,IL,Muito satisfeito com a compra.
415,2023-02-19,996,68,Smartphone,Eletrônicos,2,548.51,1097.01,FL,Produto com defeito
416,2023-02-20,161,75,Laptop,Eletrônicos,5,955.08,4775.38,NY,Arrependido da compra
417,2023-02-21,580,47,Tablet,Eletrônicos,5,1479.29,7396.45,TX,Atendimento sem problema
418,2023-02-22,801,73,Laptop,Eletrônicos,1,232.96,232.96,FL,Produto ok.
419,2023-02-23,398,18,Fone de ouvido,Acessórios,5,1899.24,9496.18,IL,Atendimento sem problema
420,2023-02-24,277,35,Tablet,Eletrônicos,1,1109.15,1109.15,FL,Produto com ótimo custo-benefício.
421,2023-02-25,816,25,Laptop,Eletrônicos,5,647.5,3237.48,CA,Muito satisfeito com a compra.
422,2023-02-26,916,46,Tablet,Eletrônicos,5,1402.11,7010.56,FL,Atendimento excepcional.
423,2023-02-27,504,57,Laptop,Eletrônicos,5,137.22,686.08,FL,Entrega dentro do prazo previsto.
424,2023-02-28,896,39,Smartphone,Eletrônicos,1,994.57,994.57,FL,Entrega rápida!
425,2023-03-01,392,49,Laptop,Eletrônicos,3,997.64,2992.92,TX,Excelente produto!
426,2023-03-02,135,57,Tablet,Eletrônicos,1,365.85,365.85,IL,Muito satisfeito com a compra.
427,2023-03-03,195,79,Fone de ouvido,Acessórios,3,1682.91,5048.72,FL,Entrega dentro do prazo previsto.
428,2023-03-04,401,31,Fone de ouvido,Acessórios,2,1603.78,3207.57,FL,Produto ok.
429,2023-03-05,640,73,Fone de ouvido,Acessórios,2,347.83,695.66,TX,Excelente produto!
430,2023-03-06,33,19,Laptop,Eletrônicos,1,759.46,759.46,NY,Produto ok.
431,2023-03-07,688,52,Smartphone,Eletrônicos,3,245.84,737.51,FL,Entrega rápida!
432,2023-03-08,460,24,Laptop,Eletrônicos,3,1704.79,5114.36,FL,Produto cumpre o que promete
433,2023-03-09,955,20,Fone de ouvido,Acessórios,3,680.47,2041.42,NY,Excelente produto!
434,2023-03-10,883,78,Tablet,Eletrônicos,2,906.67,1813.33,FL,Produto com ótimo custo-benefício.
435,2023-03-11,470,32,Fone de ouvido,Acessórios,1,681.55,681.55,FL,Atendimento excepcional.
436,2023-03-12,375,60,Tablet,Eletrônicos,4,654.55,2618.2,FL,Atendimento excepcional.
437,2023-03-13,22,51,Smartphone,Eletrônicos,3,1507.24,4521.72,IL,Atendimento sem problema
438,2023-03-14,750,39,Tablet,Eletrônicos,3,1507.75,4523.26,CA,Entrega atrasada
439,2023-03-15,670,35,Laptop,Eletrônicos,4,1059.69,4238.75,IL,Entrega rápida!
440,2023-03-16,38,63,Laptop,Eletrônicos,1,1332.35,1332.35,NY,Muito satisfeito com a compra.
441,2023-03-17,230,35,Laptop,Eletrônicos,3,1047.74,3143.23,IL,Entrega dentro do prazo previsto.
442,2023-03-18,365,76,Tablet,Eletrônicos,1,105.75,105.75,IL,Muito satisfeito com a compra.
443,2023-03-19,563,51,Laptop,Eletrônicos,3,178.71,536.14,TX,Excelente produto!
444,2023-03-20,438,53,Laptop,Eletrônicos,5,798.29,3991.47,NY,Entrega rápida!
445,2023-03-21,776,63,Laptop,Eletrônicos,3,1512.01,4536.02,NY,Entrega dentro do prazo previsto.
446,2023-03-22,283,56,Smartphone,Eletrônicos,5,1830.79,9153.96,NY,Atendimento sem problema
447,2023-03-23,27,64,Tablet,Eletrônicos,1,107.93,107.93,IL,Produto ok.
448,2023-03-24,226,55,Tablet,Eletrônicos,3,767.66,2302.98,NY,Muito satisfeito com a compra.
449,2023-03-25,277,54,Fone de ouvido,Acessórios,2,486.38,972.75,TX,Produto ok.
450,2023-03-26,798,69,Tablet,Eletrônicos,2,1639.65,3279.3,FL,Atendimento excepcional.
451,2023-03-27,609,35,Smartphone,Eletrônicos,4,1699.64,6798.55,IL,Produto com ótimo custo-benefício.
452,2023-03-28,284,60,Tablet,Eletrônicos,2,452.5,904.99,FL,Produto cumpre o que promete
453,2023-03-29,879,57,Smartphone,Eletrônicos,5,1436.11,7180.57,FL,Qualidade inferior ao anunciado
454,2023-03-30,960,46,Smartphone,Eletrônicos,2,1476.92,2953.85,IL,Entrega dentro do prazo previsto.
455,2023-03-31,481,29,Tablet,Eletrônicos,2,395.26,790.53,IL,Entrega dentro do prazo previsto.
456,2023-04-01,453,35,Fone de ouvido,Acessórios,2,895.71,1791.41,NY,Entrega dentro do prazo previsto.
457,2023-04-02,829,48,Laptop,Eletrônicos,3,1259.66,3778.98,TX,Sem reclamações.
458,2023-04-03,816,32,Laptop,Eletrônicos,4,100.83,403.32,IL,Produto cumpre o que promete
459,2023-04-04,659,76,Tablet,Eletrônicos,1,838.95,838.95,FL,Muito satisfeito com a compra.
460,2023-04-05,516,57,Tablet,Eletrônicos,4,352.17,1408.67,IL,Muito satisfeito com a compra.
461,2023-04-06,547,75,Smartphone,Eletrônicos,5,1106.7,5533.49,TX,Produto cumpre o que promete
462,2023-04-07,192,47,Tablet,Eletrônicos,3,1693.69,5081.07,CA,Entrega atrasada
463,2023-04-08,49,53,Smartphone,Eletrônicos,3,1073.27,3219.81,FL,Produto com ótimo custo-benefício.
464,2023-04-09,512,45,Fone de ouvido,Acessórios,2,120.17,240.34,CA,Sem reclamações.
465,2023-04-10,17,70,Tablet,Eletrônicos,2,107.83,215.66,CA,Muito satisfeito com a compra.
466,2023-04-11,172,32,Laptop,Eletrônicos,5,1230.73,6153.66,TX,Péssimo atendimento
467,2023-04-12,220,60,Laptop,Eletrônicos,3,689.56,2068.69,IL,Atendimento sem problema
468,2023-04-13,158,50,Tablet,Eletrônicos,1,1166.7,1166.7,CA,Muito satisfeito com a compra.
469,2023-04-14,477,19,Smartphone,Eletrônicos,4,369.09,1476.37,NY,Produto ok.
470,2023-04-15,46,76,Laptop,Eletrônicos,3,1564.88,4694.64,IL,Atendimento sem problema
471,2023-04-16,373,25,Smartphone,Eletrônicos,1,1728.4,1728.4,FL,Sem reclamações.
472,2023-04-17,518,65,Tablet,Eletrônicos,1,1783.99,1783.99,IL,Arrependido da compra
473,2023-04-18,99,50,Tablet,Eletrônicos,4,642.95,2571.78,TX,Excelente produto!
474,2023-04-19,892,52,Laptop,Eletrônicos,1,1338.43,1338.43,TX,Excelente produto!
475,2023-04-20,745,35,Tablet,Eletrônicos,5,594.13,2970.66,FL,Atendimento sem problema
476,2023-04-21,37,43,Fone de ouvido,Acessórios,1,1537.38,1537.38,FL,Entrega atrasada
477,2023-04-22,280,65,Fone de ouvido,Acessórios,5,285.02,1425.12,FL,Produto com ótimo custo-benefício.
478,2023-04-23,349,38,Laptop,Eletrônicos,1,1537.39,1537.39,TX,Atendimento excepcional.
479,2023-04-24,497,45,Fone de ouvido,Acessórios,2,907.47,1814.94,IL,Entrega rápida!
480,2023-04-25,302,37,Smartphone,Eletrônicos,1,1718.32,1718.32,CA,Excelente produto!
481,2023-04-26,181,69,Laptop,Eletrônicos,5,1490.92,7454.58,CA,Entrega dentro do prazo previsto.
482,2023-04-27,607,62,Laptop,Eletrônicos,1,784.21,784.21,NY,Excelente produto!
483,2023-04-28,99,37,Smartphone,Eletrônicos,1,1811.9,1811.9,TX,Excelente produto!
484,2023-04-29,700,76,Fone de ouvido,Acessórios,1,602.51,602.51,FL,Produto ok.
485,2023-04-30,993,21,Fone de ouvido,Acessórios,5,1935.63,9678.14,IL,Atendimento excepcional.
486,2023-05-01,116,53,Fone de ouvido,Acessórios,1,1546.05,1546.05,TX,Produto cumpre o que promete
487,2023-05-02,191,71,Laptop,Eletrônicos,4,1981.82,7927.26,NY,Muito satisfeito com a compra.
488,2023-05-03,253,51,Laptop,Eletrônicos,4,155.11,620.46,CA,Produto cumpre o que promete
489,2023-05-04,981,62,Fone de ouvido,Acessórios,5,584.37,2921.85,IL,Excelente produto!
490,2023-05-05,928,30,Tablet,Eletrônicos,2,1495.47,2990.93,CA,Produto com ótimo custo-benefício.
491,2023-05-06,983,48,Fone de ouvido,Acessórios,4,1848.39,7393.55,IL,Entrega rápida!
492,2023-05-07,161,69,Smartphone,Eletrônicos,3,106.1,318.31,FL,Atendimento sem problema
493,2023-05-08,256,79,Laptop,Eletrônicos,4,50.02,200.07,IL,Excelente produto!
494,2023-05-09,323,56,Smartphone,Eletrônicos,3,549.67,1649.02,FL,Produto com ótimo custo-benefício.
495,2023-05-10,128,24,Smartphone,Eletrônicos,5,1712.92,8564.59,TX,Entrega dentro do prazo previsto.
496,2023-05-11,18,34,Laptop,Eletrônicos,2,1545.95,3091.9,CA,Muito satisfeito com a compra.
497,2023-05-12,793,59,Tablet,Eletrônicos,3,713.54,2140.62,IL,Qualidade inferior ao anunciado
498,2023-05-13,735,29,Fone de ouvido,Acessórios,3,53.92,161.77,IL,Atendimento excepcional.
499,2023-05-14,566,74,Smartphone,Eletrônicos,4,1131.68,4526.7,NY,Produto com ótimo custo-benefício.
500,2023-05-15,570,72,Laptop,Eletrônicos,3,514.01,1542.04,CA,Atendimento excepcional.
501,2023-05-16,323,76,Smartphone,Eletrônicos,5,1503.94,7519.69,TX,Atendimento excepcional.
502,2023-05-17,872,71,Fone de ouvido,Acessórios,5,920.38,4601.91,FL,Produto com ótimo custo-benefício.
503,2023-05-18,686,47,Tablet,Eletrônicos,5,1373.27,6866.37,TX,Produto com ótimo custo-benefício.
504,2023-05-19,792,65,Tablet,Eletrônicos,4,1712.0,6848.01,NY,Entrega rápida!
505,2023-05-20,626,51,Tablet,Eletrônicos,2,1094.73,2189.46,TX,Atendimento sem problema
506,2023-05-21,288,39,Laptop,Eletrônicos,4,705.11,2820.45,FL,Atendimento sem problema
507,2023-05-22,943,38,Laptop,Eletrônicos,5,1550.61,7753.05,CA,Produto cumpre o que promete
508,2023-05-23,854,26,Tablet,Eletrônicos,4,567.12,2268.46,NY,Muito satisfeito com a compra.
509,2023-05-24,663,29,Fone de ouvido,Acessórios,5,1788.46,8942.31,IL,Produto ok.
510,2023-05-25,962,34,Fone de ouvido,Acessórios,1,189.28,189.28,IL,Muito satisfeito com a compra.
511,2023-05-26,639,33,Laptop,Eletrônicos,1,1679.16,1679.16,CA,Arrependido da compra
512,2023-05-27,155,22,Tablet,Eletrônicos,3,228.53,685.6,TX,Excelente produto!
513,2023-05-28,490,36,Fone de ouvido,Acessórios,2,159.47,318.93,IL,Atendimento sem problema
514,2023-05-29,386,74,Fone de ouvido,Acessórios,1,758.35,758.35,NY,Entrega dentro do prazo previsto.
515,2023-05-30,986,45,Fone de ouvido,Acessórios,5,1915.27,9576.36,FL,Atendimento sem problema
516,2023-05-31,785,34,Laptop,Eletrônicos,4,1967.8,7871.19,TX,Produto ok.
517,2023-06-01,104,39,Tablet,Eletrônicos,4,444.04,1776.15,FL,Entrega rápida!
518,2023-06-02,929,52,Smartphone,Eletrônicos,3,339.84,1019.53,TX,Produto ok.
519,2023-06-03,393,66,Tablet,Eletrônicos,4,738.26,2953.04,NY,Entrega rápida!
520,2023-06-04,811,76,Tablet,Eletrônicos,1,707.32,707.32,FL,Atendimento excepcional.
521,2023-06-05,246,32,Laptop,Eletrônicos,4,1531.21,6124.82,NY,Excelente produto!
522,2023-06-06,176,36,Fone de ouvido,Acessórios,1,915.8,915.8,FL,Produto cumpre o que promete
523,2023-06-07,39,64,Fone de ouvido,Acessórios,1,1570.77,1570.77,TX,Atendimento excepcional.
524,2023-06-08,477,67,Laptop,Eletrônicos,2,1509.99,3019.98,NY,Produto com ótimo custo-benefício.
525,2023-06-09,682,43,Laptop,Eletrônicos,3,1177.71,3533.12,TX,Muito satisfeito com a compra.
526,2023-06-10,759,61,Laptop,Eletrônicos,5,1675.35,8376.74,TX,Entrega dentro do prazo previsto.
527,2023-06-11,538,77,Laptop,Eletrônicos,1,431.51,431.51,FL,Produto ok.
528,2023-06-12,867,61,Laptop,Eletrônicos,3,365.53,1096.59,FL,Atendimento excepcional.
529,2023-06-13,818,73,Smartphone,Eletrônicos,5,1513.77,7568.84,NY,Produto com ótimo custo-benefício.
530,2023-06-14,921,52,Tablet,Eletrônicos,4,527.35,2109.42,IL,Excelente produto!
531,2023-06-15,408,60,Tablet,Eletrônicos,3,55.45,166.35,CA,Produto com ótimo custo-benefício.
532,2023-06-16,525,40,Tablet,Eletrônicos,3,1828.32,5484.97,FL,Produto com defeito
533,2023-06-17,828,27,Fone de ouvido,Acessórios,3,1264.73,3794.18,TX,Produto com ótimo custo-benefício.
534,2023-06-18,506,39,Smartphone,Eletrônicos,4,917.63,3670.51,CA,Produto com ótimo custo-benefício.
535,2023-06-19,903,64,Tablet,Eletrônicos,4,1465.19,5860.74,NY,Sem reclamações.
536,2023-06-20,825,72,Fone de ouvido,Acessórios,3,700.0,2099.99,CA,Atendimento excepcional.
537,2023-06-21,36,28,Smartphone,Eletrônicos,2,1909.65,3819.3,CA,Entrega dentro do prazo previsto.
538,2023-06-22,685,72,Smartphone,Eletrônicos,1,183.81,183.81,IL,Entrega dentro do prazo previsto.
539,2023-06-23,20,43,Fone de ouvido,Acessórios,4,1299.85,5199.4,IL,Excelente produto!
540,2023-06-24,321,18,Smartphone,Eletrônicos,2,1565.71,3131.43,CA,Excelente produto!
541,2023-06-25,776,69,Fone de ouvido,Acessórios,4,964.8,3859.18,IL,Muito satisfeito com a compra.
542,2023-06-26,512,53,Tablet,Eletrônicos,3,1522.19,4566.56,IL,Excelente produto!
543,2023-06-27,400,70,Fone de ouvido,Acessórios,2,1857.48,3714.95,CA,Entrega rápida!
544,2023-06-28,654,79,Smartphone,Eletrônicos,5,1500.79,7503.94,FL,Produto cumpre o que promete
545,2023-06-29,972,75,Tablet,Eletrônicos,1,653.27,653.27,IL,Sem reclamações.
546,2023-06-30,883,38,Tablet,Eletrônicos,1,1145.6,1145.6,CA,Excelente produto!
547,2023-07-01,471,25,Laptop,Eletrônicos,4,1827.63,7310.51,FL,Sem reclamações.
548,2023-07-02,143,37,Laptop,Eletrônicos,1,925.74,925.74,IL,Muito satisfeito com a compra.
549,2023-07-03,92,62,Smartphone,Eletrônicos,5,1379.31,6896.56,CA,Sem reclamações.
550,2023-07-04,354,34,Fone de ouvido,Acessórios,2,957.75,1915.51,IL,Excelente produto!
551,2023-07-05,834,32,Fone de ouvido,Acessórios,2,286.62,573.24,FL,Produto com ótimo custo-benefício.
552,2023-07-06,800,38,Smartphone,Eletrônicos,3,164.27,492.8,CA,Produto ok.
553,2023-07-07,727,18,Tablet,Eletrônicos,2,1906.93,3813.87,FL,Excelente produto!
554,2023-07-08,959,77,Smartphone,Eletrônicos,4,1244.46,4977.83,TX,Excelente produto!
555,2023-07-09,854,20,Smartphone,Eletrônicos,5,252.44,1262.2,NY,Excelente produto!
556,2023-07-10,51,48,Tablet,Eletrônicos,3,1722.01,5166.02,TX,Excelente produto!
557,2023-07-11,665,73,Fone de ouvido,Acessórios,4,1069.25,4277.01,IL,Sem reclamações.
558,2023-07-12,698,75,Smartphone,Eletrônicos,4,1555.27,6221.07,FL,Sem reclamações.
559,2023-07-13,575,48,Fone de ouvido,Acessórios,4,297.17,1188.7,CA,Excelente produto!
560,2023-07-14,190,38,Smartphone,Eletrônicos,1,1818.48,1818.48,FL,Atendimento excepcional.
561,2023-07-15,125,40,Tablet,Eletrônicos,4,1201.54,4806.18,IL,Atendimento excepcional.
562,2023-07-16,150,79,Tablet,Eletrônicos,1,1489.61,1489.61,CA,Atendimento sem problema
563,2023-07-17,314,34,Laptop,Eletrônicos,2,111.19,222.38,TX,Atendimento excepcional.
564,2023-07-18,570,39,Tablet,Eletrônicos,1,664.84,664.84,FL,Entrega dentro do prazo previsto.
565,2023-07-19,342,77,Laptop,Eletrônicos,4,571.52,2286.07,NY,Entrega atrasada
566,2023-07-20,305,79,Smartphone,Eletrônicos,5,1901.71,9508.55,IL,Atendimento excepcional.
567,2023-07-21,692,73,Fone de ouvido,Acessórios,5,411.41,2057.05,IL,Excelente produto!
568,2023-07-22,682,39,Tablet,Eletrônicos,2,1428.75,2857.5,FL,Produto cumpre o que promete
569,2023-07-23,838,53,Tablet,Eletrônicos,4,133.37,533.48,TX,Entrega rápida!
570,2023-07-24,783,76,Tablet,Eletrônicos,1,435.48,435.48,TX,Atendimento excepcional.
571,2023-07-25,54,25,Smartphone,Eletrônicos,5,710.26,3551.32,NY,Sem reclamações.
572,2023-07-26,444,64,Laptop,Eletrônicos,3,1599.29,4797.86,NY,Atendimento sem problema
573,2023-07-27,613,25,Smartphone,Eletrônicos,4,1590.45,6361.82,FL,Muito satisfeito com a compra.
574,2023-07-28,993,79,Fone de ouvido,Acessórios,4,1907.57,7630.29,CA,Muito satisfeito com a compra.
575,2023-07-29,264,31,Smartphone,Eletrônicos,3,1837.7,5513.09,TX,Produto com ótimo custo-benefício.
576,2023-07-30,53,55,Fone de ouvido,Acessórios,5,208.95,1044.77,CA,Produto ok.
577,2023-07-31,572,41,Tablet,Eletrônicos,3,1668.24,5004.73,CA,Atendimento sem problema
578,2023-08-01,620,77,Fone de ouvido,Acessórios,2,929.79,1859.58,FL,Produto ok.
579,2023-08-02,5,39,Fone de ouvido,Acessórios,1,1738.48,1738.48,NY,Entrega dentro do prazo previsto.
580,2023-08-03,103,32,Laptop,Eletrônicos,1,224.11,224.11,CA,Atendimento excepcional.
581,2023-08-04,196,37,Fone de ouvido,Acessórios,5,1654.4,8272.0,FL,Entrega rápida!
582,2023-08-05,774,44,Fone de ouvido,Acessórios,3,361.3,1083.91,NY,Entrega rápida!
583,2023-08-06,877,45,Smartphone,Eletrônicos,4,700.99,2803.96,CA,Entrega dentro do prazo previsto.
584,2023-08-07,992,39,Tablet,Eletrônicos,4,106.25,425.02,CA,Atendimento excepcional.
585,2023-08-08,884,48,Smartphone,Eletrônicos,4,291.27,1165.08,NY,Produto ok.
586,2023-08-09,350,26,Smartphone,Eletrônicos,2,919.17,1838.33,NY,Atendimento sem problema
587,2023-08-10,47,73,Tablet,Eletrônicos,2,1645.76,3291.52,IL,Produto ok.
588,2023-08-11,867,79,Tablet,Eletrônicos,4,1558.66,6234.62,IL,Produto ok.
589,2023-08-12,823,40,Fone de ouvido,Acessórios,5,508.83,2544.15,FL,Muito satisfeito com a compra.
590,2023-08-13,936,22,Fone de ouvido,Acessórios,2,345.8,691.59,FL,Atendimento excepcional.
591,2023-08-14,820,62,Laptop,Eletrônicos,2,809.06,1618.13,TX,Excelente produto!
592,2023-08-15,656,56,Smartphone,Eletrônicos,1,1772.37,1772.37,IL,Excelente produto!
593,2023-08-16,269,34,Tablet,Eletrônicos,1,228.28,228.28,NY,Entrega rápida!
594,2023-08-17,370,57,Fone de ouvido,Acessórios,5,1108.68,5543.41,IL,Muito satisfeito com a compra.
595,2023-08-18,636,22,Tablet,Eletrônicos,2,223.17,446.35,FL,Arrependido da compra
596,2023-08-19,106,72,Fone de ouvido,Acessórios,2,966.91,1933.83,FL,Muito satisfeito com a compra.
597,2023-08-20,670,24,Laptop,Eletrônicos,3,297.24,891.73,FL,Entrega dentro do prazo previsto.
598,2023-08-21,659,25,Laptop,Eletrônicos,5,206.66,1033.29,NY,Entrega rápida!
599,2023-08-22,657,24,Tablet,Eletrônicos,5,422.16,2110.78,CA,Entrega atrasada
600,2023-08-23,120,39,Laptop,Eletrônicos,3,547.75,1643.25,FL,Atendimento excepcional.
601,2023-08-24,831,61,Tablet,Eletrônicos,3,588.72,1766.15,IL,Entrega rápida!
602,2023-08-25,787,55,Fone de ouvido,Acessórios,1,1308.27,1308.27,CA,Excelente produto!
603,2023-08-26,604,70,Smartphone,Eletrônicos,5,157.21,786.07,IL,Produto cumpre o que promete
604,2023-08-27,58,38,Laptop,Eletrônicos,5,207.58,1037.89,FL,Entrega rápida!
605,2023-08-28,951,21,Fone de ouvido,Acessórios,3,417.98,1253.93,NY,Produto cumpre o que promete
606,2023-08-29,346,49,Smartphone,Eletrônicos,4,1750.52,7002.09,CA,Produto ok.
607,2023-08-30,741,72,Smartphone,Eletrônicos,4,1275.78,5103.12,CA,Entrega rápida!
608,2023-08-31,474,46,Smartphone,Eletrônicos,1,1474.22,1474.22,FL,Entrega rápida!
609,2023-09-01,117,77,Fone de ouvido,Acessórios,4,772.21,3088.82,FL,Produto ok.
610,2023-09-02,830,76,Fone de ouvido,Acessórios,4,465.78,1863.12,FL,Entrega rápida!
611,2023-09-03,791,47,Tablet,Eletrônicos,4,124.02,496.1,TX,Produto ok.
612,2023-09-04,127,20,Smartphone,Eletrônicos,2,1002.64,2005.29,NY,Entrega rápida!
613,2023-09-05,393,22,Smartphone,Eletrônicos,1,1169.85,1169.85,NY,Entrega dentro do prazo previsto.
614,2023-09-06,908,36,Smartphone,Eletrônicos,3,1799.16,5397.47,FL,Sem reclamações.
615,2023-09-07,641,25,Tablet,Eletrônicos,4,1770.08,7080.33,TX,Produto cumpre o que promete
616,2023-09-08,58,54,Smartphone,Eletrônicos,2,878.14,1756.27,FL,Produto com ótimo custo-benefício.
617,2023-09-09,634,48,Fone de ouvido,Acessórios,4,875.98,3503.91,FL,Sem reclamações.
618,2023-09-10,513,44,Smartphone,Eletrônicos,2,364.19,728.38,NY,Sem reclamações.
619,2023-09-11,751,30,Laptop,Eletrônicos,1,552.03,552.03,TX,Atendimento excepcional.
620,2023-09-12,802,59,Fone de ouvido,Acessórios,4,1855.04,7420.18,NY,Sem reclamações.
621,2023-09-13,96,23,Tablet,Eletrônicos,2,325.02,650.04,FL,Excelente produto!
622,2023-09-14,638,18,Smartphone,Eletrônicos,5,1938.96,9694.82,IL,Qualidade inferior ao anunciado
623,2023-09-15,118,47,Laptop,Eletrônicos,5,1034.24,5171.2,CA,Atendimento sem problema
624,2023-09-16,560,28,Tablet,Eletrônicos,2,940.38,1880.77,FL,Excelente produto!
625,2023-09-17,601,69,Tablet,Eletrônicos,4,390.54,1562.18,TX,Atendimento excepcional.
626,2023-09-18,488,58,Fone de ouvido,Acessórios,4,1340.01,5360.02,IL,Péssimo atendimento
627,2023-09-19,237,48,Tablet,Eletrônicos,1,946.7,946.7,TX,Atendimento excepcional.
628,2023-09-20,885,33,Tablet,Eletrônicos,1,772.79,772.79,FL,Produto com defeito
629,2023-09-21,897,32,Tablet,Eletrônicos,3,565.81,1697.42,FL,Produto cumpre o que promete
630,2023-09-22,272,22,Tablet,Eletrônicos,1,179.65,179.65,CA,Atendimento excepcional.
631,2023-09-23,189,32,Smartphone,Eletrônicos,4,1062.69,4250.76,TX,Produto com ótimo custo-benefício.
632,2023-09-24,999,18,Smartphone,Eletrônicos,3,660.17,1980.51,IL,Entrega rápida!
633,2023-09-25,704,32,Smartphone,Eletrônicos,1,1430.34,1430.34,CA,Entrega dentro do prazo previsto.
634,2023-09-26,447,53,Smartphone,Eletrônicos,2,1460.87,2921.74,TX,Entrega rápida!
635,2023-09-27,581,77,Laptop,Eletrônicos,5,697.61,3488.04,FL,Atendimento excepcional.
636,2023-09-28,790,65,Smartphone,Eletrônicos,1,1354.79,1354.79,CA,Produto com defeito
637,2023-09-29,861,71,Tablet,Eletrônicos,1,554.42,554.42,FL,Atendimento excepcional.
638,2023-09-30,247,56,Smartphone,Eletrônicos,2,1467.99,2935.98,NY,Entrega rápida!
639,2023-10-01,963,72,Smartphone,Eletrônicos,4,81.35,325.4,NY,Produto com ótimo custo-benefício.
640,2023-10-02,76,25,Fone de ouvido,Acessórios,2,345.64,691.27,CA,Atendimento excepcional.
641,2023-10-03,154,70,Tablet,Eletrônicos,1,527.77,527.77,CA,Atendimento excepcional.
642,2023-10-04,656,39,Smartphone,Eletrônicos,4,1557.22,6228.9,TX,Atendimento excepcional.
643,2023-10-05,435,44,Smartphone,Eletrônicos,3,179.43,538.3,IL,Excelente produto!
644,2023-10-06,997,76,Smartphone,Eletrônicos,1,416.71,416.71,IL,Produto com ótimo custo-benefício.
645,2023-10-07,86,51,Laptop,Eletrônicos,2,749.32,1498.63,NY,Atendimento sem problema
646,2023-10-08,697,47,Smartphone,Eletrônicos,3,67.89,203.67,NY,Atendimento sem problema
647,2023-10-09,285,29,Fone de ouvido,Acessórios,5,1536.14,7680.68,NY,Produto com ótimo custo-benefício.
648,2023-10-10,974,75,Tablet,Eletrônicos,3,1142.21,3426.62,FL,Entrega rápida!
649,2023-10-11,220,77,Tablet,Eletrônicos,2,1806.32,3612.65,IL,Atendimento excepcional.
650,2023-10-12,69,19,Smartphone,Eletrônicos,3,110.51,331.53,CA,Produto com ótimo custo-benefício.
651,2023-10-13,47,63,Smartphone,Eletrônicos,2,579.21,1158.42,NY,Muito satisfeito com a compra.
652,2023-10-14,94,68,Smartphone,Eletrônicos,1,1475.94,1475.94,TX,Qualidade inferior ao anunciado
653,2023-10-15,750,69,Tablet,Eletrônicos,4,1366.54,5466.17,CA,Entrega rápida!
654,2023-10-16,958,55,Tablet,Eletrônicos,5,523.96,2619.81,CA,Muito satisfeito com a compra.
655,2023-10-17,453,39,Laptop,Eletrônicos,4,1211.59,4846.36,CA,Sem reclamações.
656,2023-10-18,204,68,Fone de ouvido,Acessórios,4,1597.83,6391.31,IL,Sem reclamações.
657,2023-10-19,912,34,Laptop,Eletrônicos,4,115.09,460.37,NY,Entrega atrasada
658,2023-10-20,218,52,Fone de ouvido,Acessórios,2,1449.38,2898.75,TX,Atendimento excepcional.
659,2023-10-21,474,69,Laptop,Eletrônicos,2,541.59,1083.18,FL,Entrega rápida!
660,2023-10-22,432,74,Tablet,Eletrônicos,5,1898.31,9491.55,TX,Excelente produto!
661,2023-10-23,341,59,Laptop,Eletrônicos,2,1099.53,2199.06,TX,Excelente produto!
662,2023-10-24,551,73,Fone de ouvido,Acessórios,2,115.1,230.21,TX,Muito satisfeito com a compra.
663,2023-10-25,612,62,Smartphone,Eletrônicos,2,836.69,1673.38,FL,Sem reclamações.
664,2023-10-26,289,69,Fone de ouvido,Acessórios,2,1934.31,3868.62,TX,Produto cumpre o que promete
665,2023-10-27,254,40,Smartphone,Eletrônicos,1,1474.23,1474.23,TX,Muito satisfeito com a compra.
666,2023-10-28,734,46,Tablet,Eletrônicos,5,635.93,3179.67,NY,Excelente produto!
667,2023-10-29,357,46,Fone de ouvido,Acessórios,2,1171.77,2343.54,NY,Qualidade inferior ao anunciado
668,2023-10-30,23,74,Laptop,Eletrônicos,5,1218.25,6091.24,NY,Atendimento excepcional.
669,2023-10-31,762,67,Fone de ouvido,Acessórios,3,95.53,286.59,CA,Produto com defeito
670,2023-11-01,522,36,Smartphone,Eletrônicos,1,398.73,398.73,TX,Sem reclamações.
671,2023-11-02,758,34,Tablet,Eletrônicos,2,1125.97,2251.93,IL,Péssimo atendimento
672,2023-11-03,837,25,Laptop,Eletrônicos,1,835.37,835.37,IL,Produto cumpre o que promete
673,2023-11-04,100,67,Fone de ouvido,Acessórios,1,420.57,420.57,IL,Excelente produto!
674,2023-11-05,802,24,Smartphone,Eletrônicos,3,1556.7,4670.11,FL,Produto ok.
675,2023-11-06,180,72,Laptop,Eletrônicos,5,1003.54,5017.7,NY,Excelente produto!
676,2023-11-07,223,28,Tablet,Eletrônicos,1,654.45,654.45,NY,Atendimento excepcional.
677,2023-11-08,906,20,Laptop,Eletrônicos,4,365.27,1461.08,NY,Excelente produto!
678,2023-11-09,762,19,Tablet,Eletrônicos,3,1241.77,3725.31,FL,Excelente produto!
679,2023-11-10,659,36,Laptop,Eletrônicos,4,1349.21,5396.84,TX,Atendimento excepcional.
680,2023-11-11,442,45,Fone de ouvido,Acessórios,3,1355.71,4067.14,CA,Atendimento excepcional.
681,2023-11-12,608,73,Smartphone,Eletrônicos,4,479.56,1918.24,NY,Excelente produto!
682,2023-11-13,769,45,Fone de ouvido,Acessórios,4,1210.91,4843.64,TX,Produto com defeito
683,2023-11-14,325,42,Fone de ouvido,Acessórios,1,1815.54,1815.54,IL,Excelente produto!
684,2023-11-15,516,28,Tablet,Eletrônicos,1,738.72,738.72,CA,Atendimento excepcional.
685,2023-11-16,16,57,Tablet,Eletrônicos,3,461.0,1382.99,IL,Produto com ótimo custo-benefício.
686,2023-11-17,792,60,Tablet,Eletrônicos,5,1555.69,7778.46,TX,Entrega rápida!
687,2023-11-18,336,19,Fone de ouvido,Acessórios,1,394.92,394.92,TX,Sem reclamações.
688,2023-11-19,759,29,Laptop,Eletrônicos,1,544.81,544.81,IL,Entrega dentro do prazo previsto.
689,2023-11-20,258,78,Laptop,Eletrônicos,2,246.26,492.51,CA,Atendimento excepcional.
690,2023-11-21,497,58,Fone de ouvido,Acessórios,1,572.35,572.35,IL,Produto com ótimo custo-benefício.
691,2023-11-22,988,55,Fone de ouvido,Acessórios,5,850.15,4250.77,IL,Produto cumpre o que promete
692,2023-11-23,896,29,Smartphone,Eletrônicos,2,175.11,350.22,IL,Excelente produto!
693,2023-11-24,160,67,Tablet,Eletrônicos,4,1749.83,6999.33,CA,Muito satisfeito com a compra.
694,2023-11-25,475,42,Tablet,Eletrônicos,4,1051.67,4206.66,FL,Entrega dentro do prazo previsto.
695,2023-11-26,852,54,Fone de ouvido,Acessórios,2,1196.8,2393.6,CA,Produto cumpre o que promete
696,2023-11-27,664,48,Fone de ouvido,Acessórios,2,774.01,1548.01,IL,Produto com ótimo custo-benefício.
697,2023-11-28,908,71,Laptop,Eletrônicos,2,1356.18,2712.36,NY,Excelente produto!
698,2023-11-29,690,34,Fone de ouvido,Acessórios,3,891.97,2675.92,NY,Atendimento sem problema
699,2023-11-30,675,65,Laptop,Eletrônicos,5,1534.56,7672.81,TX,Muito satisfeito com a compra.
700,2023-12-01,380,29,Fone de ouvido,Acessórios,5,1651.73,8258.67,FL,Atendimento sem problema
701,2023-12-02,545,78,Smartphone,Eletrônicos,4,1360.11,5440.42,TX,Produto com ótimo custo-benefício.
702,2023-12-03,929,47,Smartphone,Eletrônicos,4,1008.1,4032.42,TX,Excelente produto!
703,2023-12-04,957,19,Laptop,Eletrônicos,4,1575.43,6301.7,NY,Produto com ótimo custo-benefício.
704,2023-12-05,691,33,Tablet,Eletrônicos,1,1013.86,1013.86,CA,Produto com defeito
705,2023-12-06,427,18,Smartphone,Eletrônicos,4,267.44,1069.78,TX,Sem reclamações.
706,2023-12-07,613,69,Laptop,Eletrônicos,2,276.86,553.73,TX,Produto cumpre o que promete
707,2023-12-08,268,51,Fone de ouvido,Acessórios,4,1899.74,7598.95,FL,Excelente produto!
708,2023-12-09,835,62,Fone de ouvido,Acessórios,2,466.45,932.9,NY,Produto cumpre o que promete
709,2023-12-10,577,65,Laptop,Eletrônicos,3,1641.05,4923.16,CA,Entrega dentro do prazo previsto.
710,2023-12-11,417,18,Tablet,Eletrônicos,1,531.08,531.08,FL,Produto com ótimo custo-benefício.
711,2023-12-12,168,68,Laptop,Eletrônicos,1,890.02,890.02,CA,Péssimo atendimento
712,2023-12-13,842,53,Laptop,Eletrônicos,5,1327.15,6635.74,CA,Atendimento sem problema
713,2023-12-14,43,69,Smartphone,Eletrônicos,3,359.79,1079.37,TX,Produto com defeito
714,2023-12-15,556,20,Laptop,Eletrônicos,2,1487.63,2975.26,FL,Atendimento sem problema
715,2023-12-16,285,51,Laptop,Eletrônicos,3,1395.33,4185.99,TX,Sem reclamações.
716,2023-12-17,397,29,Fone de ouvido,Acessórios,1,1109.01,1109.01,IL,Péssimo atendimento
717,2023-12-18,12,73,Smartphone,Eletrônicos,2,1153.49,2306.97,CA,Produto com ótimo custo-benefício.
718,2023-12-19,607,75,Fone de ouvido,Acessórios,3,256.25,768.76,FL,Produto cumpre o que promete
719,2023-12-20,302,62,Fone de ouvido,Acessórios,1,900.1,900.1,NY,Atendimento excepcional.
720,2023-12-21,898,44,Tablet,Eletrônicos,2,218.81,437.63,TX,Sem reclamações.
721,2023-12-22,253,67,Tablet,Eletrônicos,2,650.33,1300.67,IL,Produto ok.
722,2023-12-23,499,54,Smartphone,Eletrônicos,1,1805.61,1805.61,IL,Atendimento sem problema
723,2023-12-24,754,72,Smartphone,Eletrônicos,2,1170.34,2340.68,IL,Entrega dentro do prazo previsto.
724,2023-12-25,35,42,Tablet,Eletrônicos,1,1498.27,1498.27,TX,Atendimento excepcional.
725,2023-12-26,727,29,Tablet,Eletrônicos,4,1169.08,4676.31,NY,Excelente produto!
726,2023-12-27,849,68,Tablet,Eletrônicos,4,428.76,1715.05,FL,Entrega rápida!
727,2023-12-28,90,50,Tablet,Eletrônicos,2,1209.88,2419.75,CA,Atendimento excepcional.
728,2023-12-29,776,26,Tablet,Eletrônicos,2,1523.01,3046.01,NY,Entrega dentro do prazo previsto.
729,2023-12-30,605,18,Fone de ouvido,Acessórios,1,319.89,319.89,TX,Produto com ótimo custo-benefício.
730,2023-12-31,922,73,Smartphone,Eletrônicos,2,1642.97,3285.94,FL,Produto com ótimo custo-benefício.
731,2024-01-01,970,67,Fone de ouvido,Acessórios,5,1133.01,5665.07,CA,Atendimento excepcional.
732,2024-01-02,602,40,Fone de ouvido,Acessórios,4,58.34,233.35,FL,Atendimento excepcional.
733,2024-01-03,418,45,Laptop,Eletrônicos,2,1063.57,2127.14,CA,Atendimento sem problema
734,2024-01-04,115,20,Fone de ouvido,Acessórios,2,821.56,1643.12,CA,Produto ok.
735,2024-01-05,617,55,Tablet,Eletrônicos,3,628.07,1884.21,IL,Entrega rápida!
736,2024-01-06,903,71,Tablet,Eletrônicos,2,1553.95,3107.9,TX,Produto cumpre o que promete
737,2024-01-07,196,53,Laptop,Eletrônicos,5,1804.02,9020.12,NY,Atendimento excepcional.
738,2024-01-08,826,73,Laptop,Eletrônicos,4,1537.17,6148.69,IL,Sem reclamações.
739,2024-01-09,501,61,Laptop,Eletrônicos,3,1701.21,5103.62,IL,Entrega rápida!
740,2024-01-10,626,61,Laptop,Eletrônicos,1,1822.12,1822.12,FL,Arrependido da compra
741,2024-01-11,493,22,Laptop,Eletrônicos,1,1829.63,1829.63,CA,Atendimento excepcional.
742,2024-01-12,75,72,Fone de ouvido,Acessórios,4,273.54,1094.18,CA,Produto cumpre o que promete
743,2024-01-13,413,46,Laptop,Eletrônicos,1,939.95,939.95,FL,Produto com ótimo custo-benefício.
744,2024-01-14,376,70,Fone de ouvido,Acessórios,5,50.56,252.79,TX,Entrega rápida!
745,2024-01-15,420,30,Smartphone,Eletrônicos,2,1037.6,2075.2,CA,Excelente produto!
746,2024-01-16,729,61,Laptop,Eletrônicos,4,1852.28,7409.1,IL,Produto com ótimo custo-benefício.
747,2024-01-17,277,21,Laptop,Eletrônicos,3,438.25,1314.75,IL,Produto ok.
748,2024-01-18,761,23,Fone de ouvido,Acessórios,2,1297.58,2595.17,CA,Atendimento excepcional.
749,2024-01-19,676,68,Smartphone,Eletrônicos,1,1306.54,1306.54,CA,Produto ok.
750,2024-01-20,394,55,Fone de ouvido,Acessórios,1,362.69,362.69,TX,Produto ok.
751,2024-01-21,869,23,Fone de ouvido,Acessórios,3,515.13,1545.39,CA,Produto com ótimo custo-benefício.
752,2024-01-22,457,28,Laptop,Eletrônicos,5,950.94,4754.71,TX,Atendimento excepcional.
753,2024-01-23,920,44,Tablet,Eletrônicos,3,417.01,1251.02,IL,Entrega atrasada
754,2024-01-24,192,71,Tablet,Eletrônicos,4,1190.74,4762.95,TX,Muito satisfeito com a compra.
755,2024-01-25,739,63,Fone de ouvido,Acessórios,3,994.86,2984.57,CA,Excelente produto!
756,2024-01-26,689,79,Laptop,Eletrônicos,1,1062.44,1062.44,NY,Produto cumpre o que promete
757,2024-01-27,99,76,Smartphone,Eletrônicos,5,312.21,1561.06,CA,Muito satisfeito com a compra.
758,2024-01-28,548,52,Tablet,Eletrônicos,5,1058.64,5293.21,NY,Entrega rápida!
759,2024-01-29,978,78,Smartphone,Eletrônicos,3,146.48,439.45,IL,Muito satisfeito com a compra.
760,2024-01-30,999,57,Tablet,Eletrônicos,4,1768.99,7075.98,FL,Entrega atrasada
761,2024-01-31,96,21,Laptop,Eletrônicos,1,719.34,719.34,IL,Muito satisfeito com a compra.
762,2024-02-01,664,44,Fone de ouvido,Acessórios,2,1719.86,3439.72,IL,Entrega atrasada
763,2024-02-02,663,33,Smartphone,Eletrônicos,5,1418.23,7091.15,IL,Excelente produto!
764,2024-02-03,190,35,Smartphone,Eletrônicos,3,1544.04,4632.11,TX,Muito satisfeito com a compra.
765,2024-02-04,736,24,Fone de ouvido,Acessórios,4,663.36,2653.45,IL,Entrega atrasada
766,2024-02-05,37,28,Smartphone,Eletrônicos,4,494.1,1976.4,FL,Atendimento excepcional.
767,2024-02-06,780,25,Tablet,Eletrônicos,1,843.14,843.14,CA,Produto com ótimo custo-benefício.
768,2024-02-07,369,76,Fone de ouvido,Acessórios,5,97.24,486.2,NY,Muito satisfeito com a compra.
769,2024-02-08,695,69,Tablet,Eletrônicos,1,1841.57,1841.57,IL,Qualidade inferior ao anunciado
770,2024-02-09,525,23,Tablet,Eletrônicos,2,804.68,1609.36,NY,Muito satisfeito com a compra.
771,2024-02-10,279,73,Laptop,Eletrônicos,2,1977.69,3955.37,IL,Sem reclamações.
772,2024-02-11,217,65,Tablet,Eletrônicos,2,1534.83,3069.65,TX,Produto com ótimo custo-benefício.
773,2024-02-12,867,22,Laptop,Eletrônicos,4,207.0,828.02,NY,Muito satisfeito com a compra.
774,2024-02-13,873,74,Smartphone,Eletrônicos,5,1337.37,6686.84,IL,Excelente produto!
775,2024-02-14,798,23,Smartphone,Eletrônicos,1,578.14,578.14,IL,Produto com defeito
776,2024-02-15,273,55,Laptop,Eletrônicos,1,525.25,525.25,FL,Produto cumpre o que promete
777,2024-02-16,881,77,Tablet,Eletrônicos,2,550.3,1100.59,FL,Atendimento sem problema
778,2024-02-17,62,78,Fone de ouvido,Acessórios,5,1836.35,9181.73,FL,Atendimento excepcional.
779,2024-02-18,596,19,Fone de ouvido,Acessórios,5,1024.96,5124.81,TX,Excelente produto!
780,2024-02-19,880,48,Laptop,Eletrônicos,3,1355.47,4066.4,NY,Sem reclamações.
781,2024-02-20,729,56,Smartphone,Eletrônicos,5,597.85,2989.24,TX,Sem reclamações.
782,2024-02-21,342,49,Smartphone,Eletrônicos,5,1069.76,5348.81,CA,Entrega dentro do prazo previsto.
783,2024-02-22,397,26,Fone de ouvido,Acessórios,1,732.7,732.7,IL,Produto com ótimo custo-benefício.
784,2024-02-23,699,32,Laptop,Eletrônicos,5,676.22,3381.11,IL,Entrega atrasada
785,2024-02-24,19,38,Fone de ouvido,Acessórios,5,531.59,2657.95,IL,Produto com ótimo custo-benefício.
786,2024-02-25,177,63,Tablet,Eletrônicos,1,847.56,847.56,FL,Produto com ótimo custo-benefício.
787,2024-02-26,612,70,Tablet,Eletrônicos,5,1337.06,6685.29,IL,Qualidade inferior ao anunciado
788,2024-02-27,396,45,Laptop,Eletrônicos,1,482.99,482.99,FL,Sem reclamações.
789,2024-02-28,445,62,Laptop,Eletrônicos,3,1932.62,5797.85,CA,Atendimento excepcional.
790,2024-02-29,233,44,Tablet,Eletrônicos,4,292.99,1171.97,TX,Produto ok.
791,2024-03-01,915,22,Smartphone,Eletrônicos,1,986.4,986.4,TX,Excelente produto!
792,2024-03-02,76,34,Laptop,Eletrônicos,1,215.81,215.81,TX,Muito satisfeito com a compra.
793,2024-03-03,265,54,Tablet,Eletrônicos,5,94.2,470.99,FL,Produto ok.
794,2024-03-04,455,75,Tablet,Eletrônicos,1,1849.22,1849.22,NY,Produto com ótimo custo-benefício.
795,2024-03-05,796,41,Smartphone,Eletrônicos,2,1630.25,3260.5,NY,Excelente produto!
796,2024-03-06,718,48,Smartphone,Eletrônicos,2,1403.6,2807.21,CA,Atendimento excepcional.
797,2024-03-07,735,52,Smartphone,Eletrônicos,3,1737.12,5211.37,NY,Excelente produto!
798,2024-03-08,384,58,Smartphone,Eletrônicos,1,1615.55,1615.55,CA,Excelente produto!
799,2024-03-09,564,58,Fone de ouvido,Acessórios,5,1312.11,6560.57,IL,Produto cumpre o que promete
800,2024-03-10,851,71,Smartphone,Eletrônicos,5,1702.32,8511.59,TX,Atendimento excepcional.
801,2024-03-11,506,21,Fone de ouvido,Acessórios,4,812.06,3248.24,FL,Muito satisfeito com a compra.
802,2024-03-12,367,37,Laptop,Eletrônicos,3,1127.87,3383.6,CA,Produto cumpre o que promete
803,2024-03-13,144,60,Tablet,Eletrônicos,5,1563.81,7819.03,FL,Sem reclamações.
804,2024-03-14,885,34,Fone de ouvido,Acessórios,4,215.36,861.42,FL,Atendimento sem problema
805,2024-03-15,69,63,Laptop,Eletrônicos,5,1724.36,8621.79,TX,Entrega rápida!
806,2024-03-16,99,27,Laptop,Eletrônicos,4,355.82,1423.28,IL,Excelente produto!
807,2024-03-17,396,54,Fone de ouvido,Acessórios,2,1735.86,3471.71,IL,Produto cumpre o que promete
808,2024-03-18,25,38,Laptop,Eletrônicos,2,657.1,1314.2,NY,Excelente produto!
809,2024-03-19,948,38,Laptop,Eletrônicos,5,687.23,3436.13,IL,Produto com ótimo custo-benefício.
810,2024-03-20,891,77,Fone de ouvido,Acessórios,3,194.2,582.6,TX,Entrega dentro do prazo previsto.
811,2024-03-21,469,66,Laptop,Eletrônicos,1,1777.5,1777.5,FL,Atendimento excepcional.
812,2024-03-22,484,33,Smartphone,Eletrônicos,3,390.3,1170.89,CA,Qualidade inferior ao anunciado
813,2024-03-23,565,50,Smartphone,Eletrônicos,3,1278.6,3835.79,CA,Sem reclamações.
814,2024-03-24,151,27,Tablet,Eletrônicos,1,1305.74,1305.74,IL,Produto cumpre o que promete
815,2024-03-25,144,61,Laptop,Eletrônicos,2,598.25,1196.49,NY,Produto cumpre o que promete
816,2024-03-26,569,35,Tablet,Eletrônicos,2,1972.04,3944.08,CA,Produto com ótimo custo-benefício.
817,2024-03-27,39,50,Smartphone,Eletrônicos,1,175.12,175.12,NY,Entrega dentro do prazo previsto.
818,2024-03-28,109,46,Smartphone,Eletrônicos,4,1235.35,4941.4,CA,Produto cumpre o que promete
819,2024-03-29,693,48,Smartphone,Eletrônicos,3,985.11,2955.33,NY,Muito satisfeito com a compra.
820,2024-03-30,42,41,Laptop,Eletrônicos,5,528.69,2643.47,NY,Entrega atrasada
821,2024-03-31,186,77,Laptop,Eletrônicos,2,368.93,737.85,FL,Produto cumpre o que promete
822,2024-04-01,935,29,Smartphone,Eletrônicos,5,1487.31,7436.57,TX,Entrega atrasada
823,2024-04-02,398,37,Tablet,Eletrônicos,1,1836.81,1836.81,CA,Atendimento sem problema
824,2024-04-03,223,23,Tablet,Eletrônicos,5,259.72,1298.58,IL,Atendimento excepcional.
825,2024-04-04,634,25,Fone de ouvido,Acessórios,5,428.26,2141.31,TX,Atendimento excepcional.
826,2024-04-05,133,31,Smartphone,Eletrônicos,3,1973.23,5919.68,FL,Entrega rápida!
827,2024-04-06,163,22,Tablet,Eletrônicos,1,79.29,79.29,FL,Atendimento excepcional.
828,2024-04-07,215,71,Smartphone,Eletrônicos,5,1041.09,5205.46,FL,Entrega rápida!
829,2024-04-08,733,53,Tablet,Eletrônicos,2,1056.42,2112.84,IL,Entrega rápida!
830,2024-04-09,235,71,Fone de ouvido,Acessórios,1,563.16,563.16,CA,Produto cumpre o que promete
831,2024-04-10,843,65,Fone de ouvido,Acessórios,2,1342.91,2685.81,CA,Muito satisfeito com a compra.
832,2024-04-11,658,55,Smartphone,Eletrônicos,4,1892.63,7570.54,NY,Produto com ótimo custo-benefício.
833,2024-04-12,751,20,Tablet,Eletrônicos,5,927.92,4639.59,NY,Entrega rápida!
834,2024-04-13,588,53,Laptop,Eletrônicos,1,1511.37,1511.37,NY,Sem reclamações.
835,2024-04-14,9,39,Fone de ouvido,Acessórios,2,1309.84,2619.67,IL,Entrega atrasada
836,2024-04-15,74,25,Smartphone,Eletrônicos,5,972.24,4861.18,TX,Sem reclamações.
837,2024-04-16,954,78,Smartphone,Eletrônicos,3,147.13,441.4,CA,Atendimento excepcional.
838,2024-04-17,492,79,Tablet,Eletrônicos,2,1496.41,2992.82,NY,Produto com ótimo custo-benefício.
839,2024-04-18,913,31,Smartphone,Eletrônicos,2,758.34,1516.68,IL,Sem reclamações.
840,2024-04-19,253,24,Fone de ouvido,Acessórios,4,487.76,1951.06,IL,Excelente produto!
841,2024-04-20,230,21,Smartphone,Eletrônicos,3,1899.12,5697.37,NY,Entrega atrasada
842,2024-04-21,519,79,Smartphone,Eletrônicos,4,1558.33,6233.32,FL,Muito satisfeito com a compra.
843,2024-04-22,174,36,Laptop,Eletrônicos,3,1926.42,5779.27,FL,Produto com ótimo custo-benefício.
844,2024-04-23,653,60,Laptop,Eletrônicos,2,549.62,1099.25,FL,Produto com ótimo custo-benefício.
845,2024-04-24,168,64,Fone de ouvido,Acessórios,4,1679.8,6719.19,NY,Atendimento sem problema
846,2024-04-25,170,41,Tablet,Eletrônicos,5,1235.06,6175.28,IL,Muito satisfeito com a compra.
847,2024-04-26,393,33,Laptop,Eletrônicos,3,1963.93,5891.8,IL,Muito satisfeito com a compra.
848,2024-04-27,946,23,Tablet,Eletrônicos,2,1895.32,3790.64,CA,Atendimento excepcional.
849,2024-04-28,795,61,Fone de ouvido,Acessórios,1,1947.29,1947.29,FL,Excelente produto!
850,2024-04-29,634,25,Laptop,Eletrônicos,3,1905.95,5717.84,NY,Qualidade inferior ao anunciado
851,2024-04-30,194,42,Tablet,Eletrônicos,3,64.94,194.82,CA,Atendimento excepcional.
852,2024-05-01,517,49,Laptop,Eletrônicos,5,1495.12,7475.58,IL,Entrega rápida!
853,2024-05-02,29,42,Fone de ouvido,Acessórios,3,580.27,1740.82,CA,Excelente produto!
854,2024-05-03,165,27,Fone de ouvido,Acessórios,3,1424.8,4274.41,FL,Produto com ótimo custo-benefício.
855,2024-05-04,422,60,Laptop,Eletrônicos,5,1962.19,9810.96,TX,Excelente produto!
856,2024-05-05,339,58,Tablet,Eletrônicos,5,126.75,633.75,FL,Entrega rápida!
857,2024-05-06,648,75,Smartphone,Eletrônicos,4,1155.63,4622.51,FL,Sem reclamações.
858,2024-05-07,496,34,Smartphone,Eletrônicos,2,1483.16,2966.32,NY,Qualidade inferior ao anunciado
859,2024-05-08,365,77,Laptop,Eletrônicos,2,544.05,1088.1,TX,Atendimento excepcional.
860,2024-05-09,833,63,Tablet,Eletrônicos,4,488.99,1955.95,TX,Sem reclamações.
861,2024-05-10,342,20,Smartphone,Eletrônicos,2,167.67,335.35,TX,Qualidade inferior ao anunciado
862,2024-05-11,500,26,Fone de ouvido,Acessórios,3,233.14,699.43,IL,Excelente produto!
863,2024-05-12,657,69,Tablet,Eletrônicos,4,1330.66,5322.65,CA,Entrega rápida!
864,2024-05-13,511,75,Smartphone,Eletrônicos,4,1035.16,4140.64,IL,Atendimento sem problema
865,2024-05-14,327,77,Tablet,Eletrônicos,2,108.64,217.28,TX,Atendimento sem problema
866,2024-05-15,217,35,Laptop,Eletrônicos,1,1940.84,1940.84,NY,Atendimento excepcional.
867,2024-05-16,301,66,Tablet,Eletrônicos,2,1329.29,2658.58,FL,Entrega rápida!
868,2024-05-17,132,47,Smartphone,Eletrônicos,1,1055.16,1055.16,FL,Excelente produto!
869,2024-05-18,804,22,Laptop,Eletrônicos,4,581.81,2327.25,IL,Produto com ótimo custo-benefício.
870,2024-05-19,70,79,Tablet,Eletrônicos,1,1333.29,1333.29,IL,Produto cumpre o que promete
871,2024-05-20,252,69,Fone de ouvido,Acessórios,3,760.13,2280.38,NY,Sem reclamações.
872,2024-05-21,415,49,Smartphone,Eletrônicos,5,1419.86,7099.32,FL,Sem reclamações.
873,2024-05-22,787,70,Laptop,Eletrônicos,1,1381.02,1381.02,IL,Excelente produto!
874,2024-05-23,445,44,Tablet,Eletrônicos,5,230.85,1154.25,CA,Produto com ótimo custo-benefício.
875,2024-05-24,876,38,Fone de ouvido,Acessórios,3,1823.06,5469.18,IL,Sem reclamações.
876,2024-05-25,182,41,Smartphone,Eletrônicos,5,999.6,4998.0,IL,Atendimento excepcional.
877,2024-05-26,167,55,Fone de ouvido,Acessórios,3,816.24,2448.73,TX,Produto cumpre o que promete
878,2024-05-27,91,20,Tablet,Eletrônicos,5,1913.15,9565.76,CA,Atendimento sem problema
879,2024-05-28,714,33,Tablet,Eletrônicos,5,904.51,4522.54,CA,Produto ok.
880,2024-05-29,858,32,Laptop,Eletrônicos,2,1456.38,2912.76,NY,Produto cumpre o que promete
881,2024-05-30,531,42,Fone de ouvido,Acessórios,1,1327.52,1327.52,TX,Entrega dentro do prazo previsto.
882,2024-05-31,39,25,Laptop,Eletrônicos,5,372.02,1860.12,CA,Atendimento excepcional.
883,2024-06-01,126,58,Smartphone,Eletrônicos,4,1982.73,7930.91,TX,Produto com defeito
884,2024-06-02,451,21,Laptop,Eletrônicos,2,954.03,1908.06,TX,Atendimento excepcional.
885,2024-06-03,173,49,Smartphone,Eletrônicos,1,819.83,819.83,FL,Qualidade inferior ao anunciado
886,2024-06-04,653,62,Tablet,Eletrônicos,2,1843.25,3686.49,CA,Excelente produto!
887,2024-06-05,754,73,Tablet,Eletrônicos,1,1082.01,1082.01,FL,Muito satisfeito com a compra.
888,2024-06-06,220,76,Fone de ouvido,Acessórios,3,1424.9,4274.7,IL,Sem reclamações.
889,2024-06-07,638,52,Smartphone,Eletrônicos,5,1700.18,8500.9,IL,Atendimento sem problema
890,2024-06-08,58,70,Tablet,Eletrônicos,4,509.21,2036.86,FL,Produto ok.
891,2024-06-09,660,47,Fone de ouvido,Acessórios,2,380.46,760.92,IL,Muito satisfeito com a compra.
892,2024-06-10,476,56,Fone de ouvido,Acessórios,2,183.59,367.18,FL,Atendimento sem problema
893,2024-06-11,456,65,Laptop,Eletrônicos,2,1799.41,3598.82,NY,Produto com ótimo custo-benefício.
894,2024-06-12,829,66,Fone de ouvido,Acessórios,2,440.72,881.43,TX,Muito satisfeito com a compra.
895,2024-06-13,895,47,Tablet,Eletrônicos,5,650.12,3250.6,NY,Qualidade inferior ao anunciado
896,2024-06-14,361,34,Laptop,Eletrônicos,1,607.32,607.32,CA,Entrega dentro do prazo previsto.
897,2024-06-15,935,36,Smartphone,Eletrônicos,5,643.95,3219.73,NY,Excelente produto!
898,2024-06-16,1,69,Smartphone,Eletrônicos,3,1352.72,4058.16,NY,Produto com ótimo custo-benefício.
899,2024-06-17,387,48,Tablet,Eletrônicos,5,1910.52,9552.61,IL,Produto ok.
900,2024-06-18,973,34,Tablet,Eletrônicos,5,692.43,3462.17,FL,Atendimento sem problema
901,2024-06-19,348,73,Laptop,Eletrônicos,3,844.91,2534.74,CA,Atendimento excepcional.
902,2024-06-20,190,19,Laptop,Eletrônicos,5,1553.74,7768.68,IL,Produto cumpre o que promete
903,2024-06-21,505,76,Tablet,Eletrônicos,1,893.06,893.06,CA,Atendimento sem problema
904,2024-06-22,191,54,Tablet,Eletrônicos,4,1855.78,7423.13,TX,Entrega rápida!
905,2024-06-23,508,65,Smartphone,Eletrônicos,3,1031.28,3093.83,FL,Atendimento excepcional.
906,2024-06-24,369,46,Smartphone,Eletrônicos,2,728.08,1456.17,IL,Excelente produto!
907,2024-06-25,409,47,Smartphone,Eletrônicos,1,1944.57,1944.57,NY,Sem reclamações.
908,2024-06-26,824,71,Tablet,Eletrônicos,4,880.27,3521.1,TX,Excelente produto!
909,2024-06-27,929,60,Fone de ouvido,Acessórios,1,500.79,500.79,NY,Produto ok.
910,2024-06-28,934,39,Tablet,Eletrônicos,1,396.52,396.52,CA,Produto ok.
911,2024-06-29,117,55,Tablet,Eletrônicos,2,1990.6,3981.21,TX,Atendimento sem problema
912,2024-06-30,134,28,Smartphone,Eletrônicos,4,1518.33,6073.3,IL,Produto com ótimo custo-benefício.
913,2024-07-01,58,50,Tablet,Eletrônicos,1,846.89,846.89,NY,Excelente produto!
914,2024-07-02,556,36,Laptop,Eletrônicos,2,1661.41,3322.82,NY,Sem reclamações.
915,2024-07-03,685,20,Tablet,Eletrônicos,3,1116.27,3348.82,CA,Entrega dentro do prazo previsto.
916,2024-07-04,672,57,Tablet,Eletrônicos,2,668.91,1337.82,CA,Entrega rápida!
917,2024-07-05,173,39,Tablet,Eletrônicos,5,1499.6,7498.01,FL,Atendimento excepcional.
918,2024-07-06,829,35,Tablet,Eletrônicos,2,1504.49,3008.99,FL,Produto cumpre o que promete
919,2024-07-07,815,62,Fone de ouvido,Acessórios,2,1025.33,2050.66,CA,Muito satisfeito com a compra.
920,2024-07-08,149,47,Tablet,Eletrônicos,2,138.06,276.12,FL,Produto ok.
921,2024-07-09,80,18,Laptop,Eletrônicos,1,200.19,200.19,NY,Produto com ótimo custo-benefício.
922,2024-07-10,886,37,Laptop,Eletrônicos,4,1588.06,6352.25,CA,Produto cumpre o que promete
923,2024-07-11,213,66,Tablet,Eletrônicos,2,1655.78,3311.56,TX,Excelente produto!
924,2024-07-12,203,22,Smartphone,Eletrônicos,2,1372.67,2745.33,CA,Entrega dentro do prazo previsto.
925,2024-07-13,764,29,Fone de ouvido,Acessórios,5,1686.18,8430.92,IL,Muito satisfeito com a compra.
926,2024-07-14,229,28,Tablet,Eletrônicos,5,1453.0,7265.0,IL,Produto com ótimo custo-benefício.
927,2024-07-15,676,41,Tablet,Eletrônicos,3,1799.02,5397.07,CA,Produto com ótimo custo-benefício.
928,2024-07-16,227,75,Tablet,Eletrônicos,3,343.28,1029.83,TX,Produto cumpre o que promete
929,2024-07-17,659,35,Smartphone,Eletrônicos,5,806.1,4030.48,CA,Excelente produto!
930,2024-07-18,532,25,Smartphone,Eletrônicos,4,955.02,3820.06,TX,Produto com ótimo custo-benefício.
931,2024-07-19,441,46,Smartphone,Eletrônicos,3,630.44,1891.33,NY,Entrega atrasada
932,2024-07-20,402,73,Fone de ouvido,Acessórios,4,1464.46,5857.86,NY,Entrega rápida!
933,2024-07-21,47,39,Laptop,Eletrônicos,5,1829.26,9146.28,TX,Muito satisfeito com a compra.
934,2024-07-22,233,73,Fone de ouvido,Acessórios,3,854.34,2563.02,FL,Sem reclamações.
935,2024-07-23,305,62,Smartphone,Eletrônicos,2,1886.01,3772.01,NY,Entrega dentro do prazo previsto.
936,2024-07-24,526,19,Laptop,Eletrônicos,5,1057.7,5288.5,IL,Entrega rápida!
937,2024-07-25,143,40,Laptop,Eletrônicos,3,1068.91,3206.72,CA,Produto ok.
938,2024-07-26,415,33,Smartphone,Eletrônicos,4,1220.43,4881.71,FL,Produto com ótimo custo-benefício.
939,2024-07-27,513,61,Smartphone,Eletrônicos,4,573.25,2292.98,IL,Excelente produto!
940,2024-07-28,373,25,Fone de ouvido,Acessórios,3,797.55,2392.66,CA,Muito satisfeito com a compra.
941,2024-07-29,566,21,Smartphone,Eletrônicos,4,1128.81,4515.25,IL,Muito satisfeito com a compra.
942,2024-07-30,886,31,Laptop,Eletrônicos,3,1886.87,5660.6,FL,Muito satisfeito com a compra.
943,2024-07-31,259,26,Tablet,Eletrônicos,3,1303.25,3909.75,TX,Produto com ótimo custo-benefício.
944,2024-08-01,656,28,Smartphone,Eletrônicos,4,699.58,2798.31,CA,Atendimento excepcional.
945,2024-08-02,471,65,Smartphone,Eletrônicos,1,70.41,70.41,IL,Muito satisfeito com a compra.
946,2024-08-03,953,55,Fone de ouvido,Acessórios,2,1964.25,3928.5,IL,Muito satisfeito com a compra.
947,2024-08-04,971,61,Fone de ouvido,Acessórios,5,1011.32,5056.6,FL,Excelente produto!
948,2024-08-05,12,68,Smartphone,Eletrônicos,2,1880.07,3760.13,FL,Excelente produto!
949,2024-08-06,330,33,Laptop,Eletrônicos,5,1121.22,5606.12,FL,Atendimento excepcional.
950,2024-08-07,736,30,Laptop,Eletrônicos,5,1230.66,6153.28,TX,Produto cumpre o que promete
951,2024-08-08,784,53,Tablet,Eletrônicos,2,1438.23,2876.46,NY,Produto cumpre o que promete
952,2024-08-09,968,61,Smartphone,Eletrônicos,3,675.9,2027.71,IL,Produto cumpre o que promete
953,2024-08-10,358,53,Fone de ouvido,Acessórios,4,1413.02,5652.07,TX,Produto ok.
954,2024-08-11,972,34,Laptop,Eletrônicos,1,1077.24,1077.24,IL,Muito satisfeito com a compra.
955,2024-08-12,408,31,Tablet,Eletrônicos,1,1361.34,1361.34,TX,Produto ok.
956,2024-08-13,668,46,Smartphone,Eletrônicos,1,1679.87,1679.87,CA,Entrega dentro do prazo previsto.
957,2024-08-14,373,75,Laptop,Eletrônicos,2,409.25,818.49,NY,Entrega rápida!
958,2024-08-15,8,34,Smartphone,Eletrônicos,2,1246.42,2492.85,IL,Qualidade inferior ao anunciado
959,2024-08-16,122,18,Smartphone,Eletrônicos,3,151.62,454.85,FL,Atendimento excepcional.
960,2024-08-17,348,37,Laptop,Eletrônicos,1,249.12,249.12,NY,Muito satisfeito com a compra.
961,2024-08-18,676,50,Laptop,Eletrônicos,3,1365.46,4096.38,IL,Entrega rápida!
962,2024-08-19,90,79,Laptop,Eletrônicos,1,188.33,188.33,CA,Sem reclamações.
963,2024-08-20,648,71,Smartphone,Eletrônicos,2,1210.95,2421.9,IL,Péssimo atendimento
964,2024-08-21,698,79,Smartphone,Eletrônicos,4,479.02,1916.1,IL,Produto com defeito
965,2024-08-22,316,19,Tablet,Eletrônicos,4,642.97,2571.86,IL,Atendimento excepcional.
966,2024-08-23,178,34,Fone de ouvido,Acessórios,4,302.79,1211.16,NY,Produto ok.
967,2024-08-24,540,40,Smartphone,Eletrônicos,4,534.9,2139.61,IL,Entrega rápida!
968,2024-08-25,732,39,Fone de ouvido,Acessórios,5,1651.52,8257.59,FL,Produto com ótimo custo-benefício.
969,2024-08-26,869,18,Laptop,Eletrônicos,1,1295.81,1295.81,TX,Sem reclamações.
970,2024-08-27,41,29,Smartphone,Eletrônicos,4,1902.03,7608.13,FL,Produto com ótimo custo-benefício.
971,2024-08-28,740,30,Tablet,Eletrônicos,5,145.05,725.26,CA,Atendimento excepcional.
972,2024-08-29,704,31,Tablet,Eletrônicos,5,1595.2,7976.02,NY,Excelente produto!
973,2024-08-30,923,27,Fone de ouvido,Acessórios,5,1413.2,7066.0,TX,Atendimento excepcional.
974,2024-08-31,502,29,Laptop,Eletrônicos,3,558.74,1676.22,NY,Atendimento excepcional.
975,2024-09-01,959,74,Fone de ouvido,Acessórios,3,1471.88,4415.63,NY,Entrega rápida!
976,2024-09-02,145,39,Laptop,Eletrônicos,5,1447.27,7236.35,IL,Atendimento excepcional.
977,2024-09-03,201,35,Tablet,Eletrônicos,4,945.72,3782.89,FL,Muito satisfeito com a compra.
978,2024-09-04,929,56,Fone de ouvido,Acessórios,1,1392.85,1392.85,TX,Entrega rápida!
979,2024-09-05,724,36,Tablet,Eletrônicos,2,916.93,1833.87,IL,Atendimento sem problema
980,2024-09-06,461,47,Tablet,Eletrônicos,3,704.31,2112.94,TX,Produto cumpre o que promete
981,2024-09-07,732,32,Laptop,Eletrônicos,4,959.66,3838.63,FL,Atendimento sem problema
982,2024-09-08,752,56,Fone de ouvido,Acessórios,4,1795.5,7182.01,IL,Sem reclamações.
983,2024-09-09,925,31,Fone de ouvido,Acessórios,2,799.94,1599.88,TX,Muito satisfeito com a compra.
984,2024-09-10,909,26,Tablet,Eletrônicos,2,837.19,1674.38,IL,Sem reclamações.
985,2024-09-11,558,22,Tablet,Eletrônicos,4,1236.39,4945.55,NY,Arrependido da compra
986,2024-09-12,547,50,Laptop,Eletrônicos,2,1518.35,3036.7,CA,Produto com ótimo custo-benefício.
987,2024-09-13,253,65,Smartphone,Eletrônicos,4,1482.51,5930.04,TX,Excelente produto!
988,2024-09-14,390,22,Smartphone,Eletrônicos,2,88.61,177.22,FL,Entrega dentro do prazo previsto.
989,2024-09-15,594,41,Tablet,Eletrônicos,2,1390.46,2780.92,TX,Atendimento excepcional.
990,2024-09-16,883,25,Smartphone,Eletrônicos,4,928.58,3714.32,CA,Entrega atrasada
991,2024-09-17,256,36,Smartphone,Eletrônicos,5,1071.98,5359.88,TX,Sem reclamações.
992,2024-09-18,709,69,Smartphone,Eletrônicos,4,1145.24,4580.97,TX,Atendimento excepcional.
993,2024-09-19,815,29,Smartphone,Eletrônicos,1,1476.85,1476.85,TX,Excelente produto!
994,2024-09-20,921,25,Tablet,Eletrônicos,2,1671.1,3342.2,FL,Entrega dentro do prazo previsto.
995,2024-09-21,450,25,Smartphone,Eletrônicos,3,1310.21,3930.63,CA,Muito satisfeito com a compra.
996,2024-09-22,10,72,Smartphone,Eletrônicos,2,1149.62,2299.24,CA,Produto cumpre o que promete
997,2024-09-23,824,55,Laptop,Eletrônicos,1,778.85,778.85,FL,Atendimento excepcional.
998,2024-09-24,798,37,Tablet,Eletrônicos,3,318.86,956.59,TX,Qualidade inferior ao anunciado
999,2024-09-25,242,75,Fone de ouvido,Acessórios,3,1919.23,5757.68,TX,Produto com ótimo custo-benefício.
1000,2024-09-26,251,46,Fone de ouvido,Acessórios,4,950.59,3802.37,CA,Entrega dentro do prazo previsto.
1001,2024-09-27,877,58,Laptop,Eletrônicos,5,1154.11,5770.57,TX,Atendimento excepcional.
1002,2024-09-28,5,51,Laptop,Eletrônicos,4,1514.59,6058.37,NY,Produto com ótimo custo-benefício.
1003,2024-09-29,119,35,Tablet,Eletrônicos,3,183.4,550.2,TX,Produto ok.
1004,2024-09-30,801,18,Fone de ouvido,Acessórios,3,1717.27,5151.81,TX,Atendimento excepcional.
1005,2024-10-01,374,28,Smartphone,Eletrônicos,5,1604.2,8021.0,IL,Atendimento excepcional.
1006,2024-10-02,65,64,Laptop,Eletrônicos,2,1560.14,3120.27,CA,Excelente produto!
1007,2024-10-03,146,61,Fone de ouvido,Acessórios,5,92.87,464.33,CA,Excelente produto!
1008,2024-10-04,224,52,Tablet,Eletrônicos,4,1076.71,4306.85,NY,Atendimento excepcional.
1009,2024-10-05,239,68,Smartphone,Eletrônicos,2,155.82,311.65,NY,Sem reclamações.
1010,2024-10-06,177,69,Tablet,Eletrônicos,4,1124.2,4496.81,NY,Excelente produto!
1011,2024-10-07,779,49,Laptop,Eletrônicos,5,1450.97,7254.87,CA,Produto com ótimo custo-benefício.
1012,2024-10-08,853,68,Fone de ouvido,Acessórios,2,287.61,575.22,IL,Excelente produto!
1013,2024-10-09,282,59,Fone de ouvido,Acessórios,5,1405.02,7025.11,IL,Produto cumpre o que promete
1014,2024-10-10,63,33,Fone de ouvido,Acessórios,1,926.59,926.59,FL,Produto cumpre o que promete
1015,2024-10-11,217,23,Fone de ouvido,Acessórios,3,1632.53,4897.58,CA,Entrega rápida!
1016,2024-10-12,854,26,Smartphone,Eletrônicos,2,1090.5,2181.0,FL,Atendimento sem problema
1017,2024-10-13,827,57,Smartphone,Eletrônicos,3,705.44,2116.31,TX,Entrega dentro do prazo previsto.
1018,2024-10-14,795,39,Tablet,Eletrônicos,1,697.38,697.38,NY,Excelente produto!
1019,2024-10-15,689,65,Smartphone,Eletrônicos,2,1800.1,3600.2,FL,Entrega rápida!
1020,2024-10-16,461,25,Laptop,Eletrônicos,3,933.1,2799.3,FL,Atendimento excepcional.
1021,2024-10-17,929,73,Laptop,Eletrônicos,3,841.22,2523.66,CA,Muito satisfeito com a compra.
1022,2024-10-18,610,49,Fone de ouvido,Acessórios,2,127.75,255.51,NY,Produto ok.
1023,2024-10-19,105,43,Laptop,Eletrônicos,3,760.43,2281.3,NY,Atendimento excepcional.
1024,2024-10-20,99,71,Tablet,Eletrônicos,3,1706.77,5120.32,IL,Excelente produto!
1025,2024-10-21,511,35,Smartphone,Eletrônicos,2,1533.93,3067.85,FL,Entrega rápida!
1026,2024-10-22,385,54,Smartphone,Eletrônicos,3,480.78,1442.34,IL,Entrega dentro do prazo previsto.
1027,2024-10-23,405,69,Smartphone,Eletrônicos,3,855.46,2566.38,FL,Excelente produto!
1028,2024-10-24,823,29,Laptop,Eletrônicos,4,433.33,1733.32,CA,Excelente produto!
1029,2024-10-25,518,55,Smartphone,Eletrônicos,4,1910.72,7642.89,CA,Entrega atrasada
1030,2024-10-26,476,51,Fone de ouvido,Acessórios,1,1216.33,1216.33,TX,Excelente produto!
1031,2024-10-27,977,21,Fone de ouvido,Acessórios,4,1520.99,6083.97,FL,Entrega rápida!
1032,2024-10-28,709,33,Fone de ouvido,Acessórios,4,1441.93,5767.71,FL,Produto ok.
1033,2024-10-29,863,78,Laptop,Eletrônicos,1,1753.69,1753.69,NY,Sem reclamações.
1034,2024-10-30,645,41,Smartphone,Eletrônicos,3,1901.19,5703.57,NY,Excelente produto!
1035,2024-10-31,870,31,Laptop,Eletrônicos,3,113.27,339.81,IL,Produto ok.
1036,2024-11-01,771,34,Smartphone,Eletrônicos,4,1951.84,7807.35,TX,Péssimo atendimento
1037,2024-11-02,437,68,Tablet,Eletrônicos,1,1747.56,1747.56,CA,Muito satisfeito com a compra.
1038,2024-11-03,23,48,Tablet,Eletrônicos,3,796.75,2390.24,FL,Entrega rápida!
1039,2024-11-04,997,21,Laptop,Eletrônicos,5,1682.29,8411.43,IL,Entrega dentro do prazo previsto.
1040,2024-11-05,565,67,Fone de ouvido,Acessórios,2,1486.29,2972.58,TX,Produto com ótimo custo-benefício.
1041,2024-11-06,677,61,Laptop,Eletrônicos,2,1596.57,3193.15,NY,Muito satisfeito com a compra.
1042,2024-11-07,714,51,Fone de ouvido,Acessórios,2,480.35,960.7,TX,Sem reclamações.
1043,2024-11-08,458,55,Smartphone,Eletrônicos,4,1314.7,5258.8,IL,Excelente produto!
1044,2024-11-09,83,55,Fone de ouvido,Acessórios,2,100.56,201.11,CA,Atendimento excepcional.
1045,2024-11-10,145,20,Fone de ouvido,Acessórios,2,1704.05,3408.09,NY,Entrega rápida!
1046,2024-11-11,85,25,Smartphone,Eletrônicos,5,1904.53,9522.67,NY,Entrega dentro do prazo previsto.
1047,2024-11-12,78,29,Tablet,Eletrônicos,3,1341.14,4023.42,CA,Atendimento excepcional.
1048,2024-11-13,457,52,Smartphone,Eletrônicos,5,1049.71,5248.53,NY,Produto cumpre o que promete
1049,2024-11-14,878,19,Laptop,Eletrônicos,4,1465.18,5860.7,IL,Sem reclamações.
1050,2024-11-15,1,70,Laptop,Eletrônicos,2,686.4,1372.81,NY,Atendimento excepcional.
1051,2024-11-16,51,46,Laptop,Eletrônicos,3,1271.46,3814.37,FL,Péssimo atendimento
1052,2024-11-17,685,40,Laptop,Eletrônicos,2,1452.0,2903.99,TX,Produto com defeito
1053,2024-11-18,717,50,Laptop,Eletrônicos,2,328.23,656.46,IL,Muito satisfeito com a compra.
1054,2024-11-19,772,67,Tablet,Eletrônicos,4,323.13,1292.53,CA,Produto com ótimo custo-benefício.
1055,2024-11-20,446,35,Tablet,Eletrônicos,2,1446.47,2892.94,IL,Produto com ótimo custo-benefício.
1056,2024-11-21,449,57,Fone de ouvido,Acessórios,1,891.98,891.98,FL,Entrega rápida!
1057,2024-11-22,881,75,Laptop,Eletrônicos,3,1783.94,5351.83,NY,Atendimento excepcional.
1058,2024-11-23,488,39,Smartphone,Eletrônicos,3,658.28,1974.84,NY,Excelente produto!
1059,2024-11-24,800,31,Laptop,Eletrônicos,1,132.74,132.74,IL,Atendimento excepcional.
1060,2024-11-25,34,46,Tablet,Eletrônicos,4,1317.26,5269.03,NY,Entrega rápida!
1061,2024-11-26,348,62,Laptop,Eletrônicos,2,1384.27,2768.53,NY,Atendimento excepcional.
1062,2024-11-27,95,32,Tablet,Eletrônicos,2,1129.5,2259.01,FL,Produto com ótimo custo-benefício.
1063,2024-11-28,72,32,Fone de ouvido,Acessórios,3,1382.5,4147.5,CA,Muito satisfeito com a compra.
1064,2024-11-29,551,62,Fone de ouvido,Acessórios,4,1071.32,4285.28,TX,Atendimento excepcional.
1065,2024-11-30,154,21,Fone de ouvido,Acessórios,4,1400.63,5602.54,IL,Arrependido da compra
1066,2024-12-01,250,53,Tablet,Eletrônicos,4,135.68,542.71,CA,Produto com ótimo custo-benefício.
1067,2024-12-02,674,22,Laptop,Eletrônicos,2,768.37,1536.75,TX,Entrega atrasada
1068,2024-12-03,438,20,Laptop,Eletrônicos,4,461.09,1844.37,CA,Muito satisfeito com a compra.
1069,2024-12-04,118,29,Smartphone,Eletrônicos,1,243.69,243.69,IL,Entrega dentro do prazo previsto.
1070,2024-12-05,771,79,Tablet,Eletrônicos,5,506.48,2532.4,FL,Excelente produto!
1071,2024-12-06,891,37,Smartphone,Eletrônicos,4,423.06,1692.22,FL,Sem reclamações.
1072,2024-12-07,306,61,Fone de ouvido,Acessórios,5,1947.61,9738.03,FL,Excelente produto!
1073,2024-12-08,268,37,Laptop,Eletrônicos,2,608.76,1217.53,CA,Qualidade inferior ao anunciado
1074,2024-12-09,961,56,Tablet,Eletrônicos,4,500.37,2001.48,IL,Produto com ótimo custo-benefício.
1075,2024-12-10,54,56,Smartphone,Eletrônicos,3,1678.01,5034.02,NY,Excelente produto!
1076,2024-12-11,236,18,Smartphone,Eletrônicos,2,867.28,1734.55,NY,Muito satisfeito com a compra.
1077,2024-12-12,389,61,Smartphone,Eletrônicos,1,871.86,871.86,FL,Sem reclamações.
1078,2024-12-13,990,20,Laptop,Eletrônicos,1,915.0,915.0,CA,Produto com defeito
1079,2024-12-14,734,64,Laptop,Eletrônicos,5,862.24,4311.21,NY,Muito satisfeito com a compra.
1080,2024-12-15,763,26,Laptop,Eletrônicos,5,686.8,3434.01,CA,Entrega dentro do prazo previsto.
1081,2024-12-16,825,71,Tablet,Eletrônicos,3,608.36,1825.09,IL,Entrega dentro do prazo previsto.
1082,2024-12-17,401,71,Laptop,Eletrônicos,3,1769.82,5309.46,FL,Excelente produto!
1083,2024-12-18,624,37,Tablet,Eletrônicos,1,365.33,365.33,TX,Atendimento sem problema
1084,2024-12-19,767,75,Smartphone,Eletrônicos,4,403.07,1612.29,FL,Atendimento excepcional.
1085,2024-12-20,303,26,Smartphone,Eletrônicos,1,1164.85,1164.85,TX,Excelente produto!
1086,2024-12-21,919,48,Fone de ouvido,Acessórios,1,720.13,720.13,NY,Produto ok.
1087,2024-12-22,207,63,Laptop,Eletrônicos,3,871.98,2615.95,TX,Excelente produto!
1088,2024-12-23,229,45,Smartphone,Eletrônicos,5,1622.77,8113.83,CA,Produto ok.
1089,2024-12-24,853,52,Laptop,Eletrônicos,3,1812.08,5436.24,TX,Entrega dentro do prazo previsto.
1090,2024-12-25,910,57,Tablet,Eletrônicos,3,1591.58,4774.74,NY,Produto ok.
1091,2024-12-26,578,78,Smartphone,Eletrônicos,3,508.11,1524.33,NY,Produto com ótimo custo-benefício.
1092,2024-12-27,75,55,Laptop,Eletrônicos,1,1960.94,1960.94,FL,Atendimento excepcional.
1093,2024-12-28,435,61,Smartphone,Eletrônicos,4,758.19,3032.78,NY,Atendimento excepcional.
1094,2024-12-29,103,19,Smartphone,Eletrônicos,1,379.68,379.68,CA,Arrependido da compra
1095,2024-12-30,422,20,Laptop,Eletrônicos,2,1024.02,2048.04,TX,Excelente produto!
1096,2024-12-31,704,31,Smartphone,Eletrônicos,3,1464.31,4392.92,IL,Atendimento excepcional.
1097,2025-01-01,764,34,Smartphone,Eletrônicos,3,212.38,637.13,NY,Entrega rápida!
1098,2025-01-02,738,52,Smartphone,Eletrônicos,2,1286.86,2573.72,TX,Atendimento excepcional.
1099,2025-01-03,806,21,Smartphone,Eletrônicos,3,1723.25,5169.76,FL,Produto com ótimo custo-benefício.
1100,2025-01-04,306,64,Tablet,Eletrônicos,3,560.47,1681.42,IL,Atendimento excepcional.
1101,2025-01-05,98,47,Smartphone,Eletrônicos,3,1401.59,4204.77,FL,Produto com ótimo custo-benefício.
1102,2025-01-06,850,71,Fone de ouvido,Acessórios,2,829.82,1659.64,CA,Produto com defeito
1103,2025-01-07,798,75,Smartphone,Eletrônicos,1,857.56,857.56,FL,Produto cumpre o que promete
1104,2025-01-08,335,79,Laptop,Eletrônicos,3,597.59,1792.76,TX,Atendimento sem problema
1105,2025-01-09,859,56,Fone de ouvido,Acessórios,4,1267.57,5070.27,IL,Entrega rápida!
1106,2025-01-10,435,68,Tablet,Eletrônicos,2,753.95,1507.9,FL,Entrega dentro do prazo previsto.
1107,2025-01-11,447,31,Fone de ouvido,Acessórios,5,1670.26,8351.3,FL,Qualidade inferior ao anunciado
1108,2025-01-12,994,65,Fone de ouvido,Acessórios,2,1927.67,3855.33,CA,Péssimo atendimento
1109,2025-01-13,308,44,Fone de ouvido,Acessórios,1,1873.42,1873.42,TX,Excelente produto!
1110,2025-01-14,249,30,Laptop,Eletrônicos,2,368.1,736.2,FL,Sem reclamações.
1111,2025-01-15,166,72,Laptop,Eletrônicos,5,77.67,388.36,TX,Atendimento excepcional.
1112,2025-01-16,481,78,Laptop,Eletrônicos,4,905.01,3620.05,NY,Entrega rápida!
1113,2025-01-17,984,37,Tablet,Eletrônicos,5,1471.32,7356.62,CA,Excelente produto!
1114,2025-01-18,335,66,Laptop,Eletrônicos,2,1956.04,3912.08,CA,Entrega dentro do prazo previsto.
1115,2025-01-19,542,66,Laptop,Eletrônicos,5,1577.67,7888.37,CA,Atendimento excepcional.
1116,2025-01-20,759,41,Fone de ouvido,Acessórios,2,1182.07,2364.14,TX,Excelente produto!
1117,2025-01-21,106,27,Laptop,Eletrônicos,4,101.39,405.55,FL,Produto ok.
1118,2025-01-22,563,24,Smartphone,Eletrônicos,4,1659.8,6639.22,FL,Muito satisfeito com a compra.
1119,2025-01-23,81,69,Laptop,Eletrônicos,1,395.43,395.43,TX,Excelente produto!
1120,2025-01-24,133,34,Tablet,Eletrônicos,4,158.43,633.73,TX,Atendimento excepcional.
1121,2025-01-25,797,39,Tablet,Eletrônicos,3,1708.2,5124.6,NY,Produto com ótimo custo-benefício.
1122,2025-01-26,900,76,Smartphone,Eletrônicos,5,1154.19,5770.95,IL,Produto com ótimo custo-benefício.
1123,2025-01-27,138,61,Tablet,Eletrônicos,5,300.68,1503.38,IL,Excelente produto!
1124,2025-01-28,184,28,Tablet,Eletrônicos,2,803.76,1607.52,CA,Arrependido da compra
1125,2025-01-29,401,59,Fone de ouvido,Acessórios,4,216.81,867.23,FL,Produto cumpre o que promete
1126,2025-01-30,330,40,Smartphone,Eletrônicos,1,1294.12,1294.12,CA,Muito satisfeito com a compra.
1127,2025-01-31,785,71,Fone de ouvido,Acessórios,1,600.73,600.73,FL,Entrega rápida!
1128,2025-02-01,508,77,Fone de ouvido,Acessórios,1,1738.88,1738.88,FL,Entrega rápida!
1129,2025-02-02,852,39,Laptop,Eletrônicos,3,747.7,2243.11,NY,Atendimento excepcional.
1130,2025-02-03,984,57,Smartphone,Eletrônicos,4,1014.54,4058.14,TX,Muito satisfeito com a compra.
1131,2025-02-04,69,79,Laptop,Eletrônicos,1,173.87,173.87,TX,Atendimento excepcional.
1132,2025-02-05,546,64,Laptop,Eletrônicos,3,587.41,1762.22,TX,Excelente produto!
1133,2025-02-06,774,71,Fone de ouvido,Acessórios,5,1369.7,6848.48,IL,Muito satisfeito com a compra.
1134,2025-02-07,53,35,Tablet,Eletrônicos,2,1485.71,2971.42,TX,Produto com ótimo custo-benefício.
1135,2025-02-08,450,72,Smartphone,Eletrônicos,4,523.5,2094.01,IL,Produto com defeito
1136,2025-02-09,205,62,Tablet,Eletrônicos,4,1032.45,4129.8,CA,Arrependido da compra
1137,2025-02-10,126,43,Fone de ouvido,Acessórios,5,1644.19,8220.93,IL,Produto com defeito
1138,2025-02-11,747,65,Fone de ouvido,Acessórios,4,790.82,3163.3,FL,Produto com defeito
1139,2025-02-12,43,47,Fone de ouvido,Acessórios,4,310.85,1243.42,NY,Excelente produto!
1140,2025-02-13,752,30,Fone de ouvido,Acessórios,4,892.15,3568.59,NY,Produto ok.
1141,2025-02-14,971,21,Fone de ouvido,Acessórios,4,1221.23,4884.9,FL,Muito satisfeito com a compra.
1142,2025-02-15,883,60,Fone de ouvido,Acessórios,3,64.43,193.28,CA,Sem reclamações.
1143,2025-02-16,111,44,Tablet,Eletrônicos,3,729.71,2189.12,NY,Produto ok.
1144,2025-02-17,761,68,Laptop,Eletrônicos,2,1234.5,2469.0,FL,Atendimento excepcional.
1145,2025-02-18,663,57,Tablet,Eletrônicos,4,1906.23,7624.91,NY,Excelente produto!
1146,2025-02-19,183,27,Smartphone,Eletrônicos,5,846.67,4233.35,IL,Excelente produto!
1147,2025-02-20,848,61,Tablet,Eletrônicos,1,367.8,367.8,NY,Atendimento excepcional.
1148,2025-02-21,95,45,Fone de ouvido,Acessórios,2,1091.73,2183.45,IL,Péssimo atendimento
1149,2025-02-22,971,38,Tablet,Eletrônicos,1,607.22,607.22,IL,Produto ok.
1150,2025-02-23,374,69,Laptop,Eletrônicos,1,468.82,468.82,NY,Entrega rápida!
1151,2025-02-24,912,28,Smartphone,Eletrônicos,4,1201.29,4805.15,NY,Entrega rápida!
1152,2025-02-25,520,37,Tablet,Eletrônicos,5,1835.97,9179.86,IL,Atendimento excepcional.
1153,2025-02-26,900,70,Laptop,Eletrônicos,1,1678.69,1678.69,NY,Produto com defeito
1154,2025-02-27,360,77,Tablet,Eletrônicos,1,405.47,405.47,CA,Arrependido da compra
1155,2025-02-28,900,53,Smartphone,Eletrônicos,2,1543.46,3086.93,TX,Produto com ótimo custo-benefício.
1156,2025-03-01,696,36,Tablet,Eletrônicos,5,498.24,2491.22,TX,Produto ok.
1157,2025-03-02,281,69,Fone de ouvido,Acessórios,5,616.87,3084.34,FL,Produto ok.
1158,2025-03-03,195,27,Tablet,Eletrônicos,1,1844.1,1844.1,TX,Excelente produto!
1159,2025-03-04,864,32,Laptop,Eletrônicos,5,1826.55,9132.74,CA,Arrependido da compra
1160,2025-03-05,195,62,Tablet,Eletrônicos,2,378.83,757.66,TX,Produto com ótimo custo-benefício.
1161,2025-03-06,667,62,Laptop,Eletrônicos,2,175.17,350.35,TX,Atendimento excepcional.
1162,2025-03-07,93,70,Smartphone,Eletrônicos,2,621.58,1243.16,CA,Muito satisfeito com a compra.
1163,2025-03-08,672,77,Tablet,Eletrônicos,4,1184.46,4737.85,IL,Produto cumpre o que promete
1164,2025-03-09,946,35,Smartphone,Eletrônicos,1,1759.94,1759.94,TX,Atendimento excepcional.
1165,2025-03-10,61,24,Smartphone,Eletrônicos,5,281.73,1408.66,FL,Entrega dentro do prazo previsto.
1166,2025-03-11,634,47,Tablet,Eletrônicos,2,859.17,1718.34,TX,Produto cumpre o que promete
1167,2025-03-12,51,31,Laptop,Eletrônicos,1,579.91,579.91,TX,Produto cumpre o que promete
1168,2025-03-13,403,54,Smartphone,Eletrônicos,1,79.11,79.11,CA,Produto cumpre o que promete
1169,2025-03-14,789,58,Smartphone,Eletrônicos,4,1587.47,6349.88,CA,Atendimento excepcional.
1170,2025-03-15,5,47,Tablet,Eletrônicos,5,1635.9,8179.52,FL,Muito satisfeito com a compra.
1171,2025-03-16,466,71,Tablet,Eletrônicos,5,481.4,2406.98,NY,Entrega rápida!
1172,2025-03-17,604,44,Tablet,Eletrônicos,2,344.92,689.84,CA,Produto com ótimo custo-benefício.
1173,2025-03-18,682,66,Tablet,Eletrônicos,2,331.89,663.79,NY,Produto com defeito
1174,2025-03-19,829,74,Tablet,Eletrônicos,1,954.7,954.7,FL,Arrependido da compra
1175,2025-03-20,534,54,Fone de ouvido,Acessórios,5,530.67,2653.33,TX,Entrega rápida!
1176,2025-03-21,405,65,Tablet,Eletrônicos,5,1047.14,5235.72,TX,Produto cumpre o que promete
1177,2025-03-22,838,58,Laptop,Eletrônicos,2,800.46,1600.92,NY,Atendimento sem problema
1178,2025-03-23,513,34,Smartphone,Eletrônicos,3,461.24,1383.71,FL,Péssimo atendimento
1179,2025-03-24,645,47,Laptop,Eletrônicos,1,1514.82,1514.82,FL,Muito satisfeito com a compra.
1180,2025-03-25,233,35,Laptop,Eletrônicos,5,343.21,1716.05,CA,Sem reclamações.
1181,2025-03-26,524,20,Fone de ouvido,Acessórios,4,1607.86,6431.44,NY,Entrega rápida!
1182,2025-03-27,346,45,Tablet,Eletrônicos,4,1144.82,4579.28,CA,Produto com ótimo custo-benefício.
1183,2025-03-28,46,54,Smartphone,Eletrônicos,3,1672.47,5017.42,NY,Muito satisfeito com a compra.
1184,2025-03-29,546,47,Laptop,Eletrônicos,2,59.28,118.56,CA,Entrega rápida!
1185,2025-03-30,945,71,Tablet,Eletrônicos,2,1510.92,3021.84,CA,Entrega rápida!
1186,2025-03-31,78,38,Tablet,Eletrônicos,2,150.46,300.91,FL,Entrega rápida!
1187,2025-04-01,730,66,Fone de ouvido,Acessórios,4,1902.69,7610.77,FL,Atendimento sem problema
1188,2025-04-02,813,37,Fone de ouvido,Acessórios,2,1420.34,2840.68,TX,Atendimento sem problema
1189,2025-04-03,923,39,Fone de ouvido,Acessórios,4,674.34,2697.34,TX,Entrega atrasada
1190,2025-04-04,73,53,Smartphone,Eletrônicos,3,673.71,2021.13,FL,Excelente produto!
1191,2025-04-05,794,53,Laptop,Eletrônicos,1,1729.91,1729.91,FL,Arrependido da compra
1192,2025-04-06,249,38,Fone de ouvido,Acessórios,5,1810.54,9052.69,CA,Atendimento sem problema
1193,2025-04-07,47,41,Fone de ouvido,Acessórios,3,1788.57,5365.7,TX,Excelente produto!
1194,2025-04-08,121,38,Fone de ouvido,Acessórios,4,1627.04,6508.17,FL,Atendimento sem problema
1195,2025-04-09,214,24,Laptop,Eletrônicos,3,1647.11,4941.34,NY,Atendimento sem problema
1196,2025-04-10,239,25,Laptop,Eletrônicos,5,1166.9,5834.49,NY,Muito satisfeito com a compra.
1197,2025-04-11,56,39,Fone de ouvido,Acessórios,1,105.05,105.05,TX,Produto ok.
1198,2025-04-12,350,39,Fone de ouvido,Acessórios,5,219.21,1096.04,NY,Sem reclamações.
1199,2025-04-13,107,47,Tablet,Eletrônicos,4,1316.63,5266.52,CA,Produto com defeito
1200,2025-04-14,831,51,Fone de ouvido,Acessórios,5,832.27,4161.36,TX,Produto com defeito
1201,2025-04-15,48,46,Smartphone,Eletrônicos,3,1156.25,3468.76,FL,Produto ok.
1202,2025-04-16,573,78,Smartphone,Eletrônicos,2,500.6,1001.2,NY,Atendimento sem problema
1203,2025-04-17,337,27,Fone de ouvido,Acessórios,3,1316.36,3949.09,CA,Entrega atrasada
1204,2025-04-18,26,22,Laptop,Eletrônicos,4,523.52,2094.07,FL,Péssimo atendimento
1205,2025-04-19,804,66,Tablet,Eletrônicos,1,948.58,948.58,IL,Entrega dentro do prazo previsto.
1206,2025-04-20,257,74,Laptop,Eletrônicos,5,983.5,4917.52,CA,Atendimento sem problema
1207,2025-04-21,8,56,Fone de ouvido,Acessórios,1,396.45,396.45,NY,Produto com ótimo custo-benefício.
1208,2025-04-22,625,51,Smartphone,Eletrônicos,4,1758.61,7034.42,CA,Produto cumpre o que promete
1209,2025-04-23,867,55,Tablet,Eletrônicos,5,1075.35,5376.76,IL,Produto com ótimo custo-benefício.
1210,2025-04-24,253,27,Laptop,Eletrônicos,3,1740.23,5220.69,IL,Excelente produto!
1211,2025-04-25,692,26,Laptop,Eletrônicos,3,561.94,1685.83,CA,Muito satisfeito com a compra.
1212,2025-04-26,719,77,Fone de ouvido,Acessórios,4,386.06,1544.22,FL,Muito satisfeito com a compra.
1213,2025-04-27,303,49,Tablet,Eletrônicos,5,85.13,425.66,FL,Excelente produto!
1214,2025-04-28,639,22,Smartphone,Eletrônicos,3,233.04,699.11,IL,Entrega dentro do prazo previsto.
1215,2025-04-29,56,52,Fone de ouvido,Acessórios,4,337.57,1350.27,TX,Sem reclamações.
1216,2025-04-30,726,28,Tablet,Eletrônicos,4,203.77,815.07,TX,Excelente produto!
1217,2025-05-01,526,59,Laptop,Eletrônicos,1,1798.91,1798.91,FL,Entrega dentro do prazo previsto.
1218,2025-05-02,474,33,Fone de ouvido,Acessórios,3,1827.3,5481.91,TX,Qualidade inferior ao anunciado
1219,2025-05-03,28,44,Laptop,Eletrônicos,5,1877.86,9389.29,FL,Excelente produto!
1220,2025-05-04,983,37,Laptop,Eletrônicos,3,1921.73,5765.19,NY,Muito satisfeito com a compra.
1221,2025-05-05,78,68,Fone de ouvido,Acessórios,3,1009.08,3027.23,FL,Muito satisfeito com a compra.
1222,2025-05-06,216,18,Fone de ouvido,Acessórios,3,1083.55,3250.64,NY,Qualidade inferior ao anunciado
1223,2025-05-07,386,43,Fone de ouvido,Acessórios,4,305.12,1220.48,IL,Atendimento excepcional.
1224,2025-05-08,365,79,Fone de ouvido,Acessórios,2,317.25,634.5,TX,Entrega atrasada
1225,2025-05-09,666,28,Fone de ouvido,Acessórios,2,1556.88,3113.75,IL,Muito satisfeito com a compra.
1226,2025-05-10,526,78,Laptop,Eletrônicos,1,1718.67,1718.67,CA,Excelente produto!
1227,2025-05-11,699,32,Smartphone,Eletrônicos,3,1580.19,4740.58,CA,Atendimento excepcional.
1228,2025-05-12,312,56,Smartphone,Eletrônicos,2,1677.42,3354.85,IL,Produto com ótimo custo-benefício.
1229,2025-05-13,883,57,Fone de ouvido,Acessórios,1,589.31,589.31,FL,Atendimento sem problema
1230,2025-05-14,7,65,Laptop,Eletrônicos,4,958.83,3835.31,FL,Entrega rápida!
1231,2025-05-15,3,35,Smartphone,Eletrônicos,3,945.44,2836.32,TX,Excelente produto!
1232,2025-05-16,623,41,Smartphone,Eletrônicos,5,1990.8,9954.01,IL,Atendimento excepcional.
1233,2025-05-17,919,45,Smartphone,Eletrônicos,4,1900.9,7603.59,CA,Produto ok.
1234,2025-05-18,750,42,Laptop,Eletrônicos,1,1217.05,1217.05,IL,Produto cumpre o que promete
1235,2025-05-19,363,40,Fone de ouvido,Acessórios,4,319.05,1276.19,IL,Produto cumpre o que promete
1236,2025-05-20,751,28,Fone de ouvido,Acessórios,5,554.26,2771.31,TX,Arrependido da compra
1237,2025-05-21,508,50,Fone de ouvido,Acessórios,4,759.34,3037.34,FL,Entrega rápida!
1238,2025-05-22,274,33,Tablet,Eletrônicos,1,1752.76,1752.76,CA,Entrega rápida!
1239,2025-05-23,506,53,Tablet,Eletrônicos,5,382.73,1913.67,TX,Excelente produto!
1240,2025-05-24,806,40,Tablet,Eletrônicos,5,478.51,2392.53,CA,Atendimento excepcional.
1241,2025-05-25,739,23,Laptop,Eletrônicos,4,731.3,2925.2,CA,Atendimento excepcional.
1242,2025-05-26,883,60,Smartphone,Eletrônicos,5,1857.47,9287.37,FL,Qualidade inferior ao anunciado
1243,2025-05-27,15,79,Smartphone,Eletrônicos,4,1032.43,4129.73,FL,Entrega dentro do prazo previsto.
1244,2025-05-28,192,41,Laptop,Eletrônicos,3,1311.33,3933.99,TX,Atendimento excepcional.
1245,2025-05-29,985,55,Laptop,Eletrônicos,5,805.09,4025.43,NY,Excelente produto!
1246,2025-05-30,631,59,Fone de ouvido,Acessórios,4,417.62,1670.47,TX,Atendimento sem problema
1247,2025-05-31,485,23,Fone de ouvido,Acessórios,3,484.46,1453.38,TX,Arrependido da compra
1248,2025-06-01,28,27,Tablet,Eletrônicos,5,1615.21,8076.04,NY,Entrega rápida!
1249,2025-06-02,714,39,Tablet,Eletrônicos,3,1792.29,5376.87,CA,Entrega rápida!
1250,2025-06-03,39,40,Laptop,Eletrônicos,5,1011.5,5057.49,IL,Qualidade inferior ao anunciado
1251,2025-06-04,953,22,Tablet,Eletrônicos,1,746.14,746.14,NY,Entrega atrasada
1252,2025-06-05,273,45,Smartphone,Eletrônicos,1,1625.28,1625.28,IL,Atendimento excepcional.
1253,2025-06-06,231,76,Laptop,Eletrônicos,4,1362.53,5450.14,CA,Atendimento excepcional.
1254,2025-06-07,86,26,Laptop,Eletrônicos,2,129.7,259.41,NY,Atendimento excepcional.
1255,2025-06-08,474,56,Smartphone,Eletrônicos,1,733.94,733.94,FL,Produto cumpre o que promete
1256,2025-06-09,126,66,Fone de ouvido,Acessórios,2,1380.24,2760.47,TX,Muito satisfeito com a compra.
1257,2025-06-10,812,76,Fone de ouvido,Acessórios,3,1168.68,3506.03,NY,Entrega atrasada
1258,2025-06-11,537,61,Smartphone,Eletrônicos,3,1957.23,5871.69,NY,Entrega rápida!
1259,2025-06-12,145,45,Smartphone,Eletrônicos,2,1738.92,3477.85,CA,Entrega dentro do prazo previsto.
1260,2025-06-13,525,79,Tablet,Eletrônicos,4,166.49,665.96,FL,Sem reclamações.
1261,2025-06-14,212,42,Laptop,Eletrônicos,5,1465.25,7326.25,NY,Muito satisfeito com a compra.
1262,2025-06-15,25,60,Tablet,Eletrônicos,2,705.84,1411.67,FL,Atendimento excepcional.
1263,2025-06-16,580,55,Smartphone,Eletrônicos,2,1380.06,2760.12,IL,Muito satisfeito com a compra.
1264,2025-06-17,394,44,Tablet,Eletrônicos,2,1253.59,2507.18,NY,Sem reclamações.
1265,2025-06-18,67,41,Smartphone,Eletrônicos,2,1030.95,2061.9,FL,Excelente produto!
1266,2025-06-19,233,74,Tablet,Eletrônicos,2,1713.25,3426.5,TX,Produto cumpre o que promete
1267,2025-06-20,109,60,Tablet,Eletrônicos,4,1431.95,5727.78,CA,Produto cumpre o que promete
1268,2025-06-21,146,60,Fone de ouvido,Acessórios,1,1784.63,1784.63,FL,Excelente produto!
1269,2025-06-22,111,63,Smartphone,Eletrônicos,5,599.13,2995.64,CA,Entrega atrasada
1270,2025-06-23,228,33,Tablet,Eletrônicos,1,728.85,728.85,NY,Produto ok.
1271,2025-06-24,111,19,Laptop,Eletrônicos,2,1262.81,2525.61,NY,Produto ok.
1272,2025-06-25,470,19,Tablet,Eletrônicos,1,1934.61,1934.61,IL,Excelente produto!
1273,2025-06-26,34,22,Tablet,Eletrônicos,4,774.59,3098.34,CA,Sem reclamações.
1274,2025-06-27,623,63,Laptop,Eletrônicos,3,112.97,338.92,TX,Excelente produto!
1275,2025-06-28,776,38,Smartphone,Eletrônicos,1,919.48,919.48,TX,Atendimento sem problema
1276,2025-06-29,936,77,Fone de ouvido,Acessórios,5,1110.66,5553.31,FL,Excelente produto!
1277,2025-06-30,369,27,Fone de ouvido,Acessórios,4,1611.93,6447.7,TX,Entrega dentro do prazo previsto.
1278,2025-07-01,748,59,Fone de ouvido,Acessórios,3,1470.77,4412.31,CA,Entrega dentro do prazo previsto.
1279,2025-07-02,595,35,Laptop,Eletrônicos,4,1931.09,7724.37,NY,Entrega rápida!
1280,2025-07-03,554,43,Tablet,Eletrônicos,2,1576.23,3152.46,CA,Excelente produto!
1281,2025-07-04,425,37,Smartphone,Eletrônicos,3,632.33,1896.98,CA,Atendimento excepcional.
1282,2025-07-05,613,58,Tablet,Eletrônicos,5,1300.69,6503.46,NY,Entrega rápida!
1283,2025-07-06,518,53,Fone de ouvido,Acessórios,3,1360.87,4082.61,CA,Produto ok.
1284,2025-07-07,692,66,Tablet,Eletrônicos,5,1996.14,9980.7,TX,Entrega dentro do prazo previsto.
1285,2025-07-08,282,38,Laptop,Eletrônicos,2,320.54,641.08,FL,Muito satisfeito com a compra.
1286,2025-07-09,320,19,Laptop,Eletrônicos,5,423.08,2115.42,FL,Muito satisfeito com a compra.
1287,2025-07-10,738,63,Smartphone,Eletrônicos,4,353.25,1413.01,CA,Produto ok.
1288,2025-07-11,443,71,Smartphone,Eletrônicos,1,1198.67,1198.67,NY,Entrega rápida!
1289,2025-07-12,952,50,Fone de ouvido,Acessórios,4,313.84,1255.35,IL,Entrega atrasada
1290,2025-07-13,315,40,Smartphone,Eletrônicos,4,1329.22,5316.86,CA,Produto com ótimo custo-benefício.
1291,2025-07-14,877,56,Tablet,Eletrônicos,3,1617.36,4852.08,CA,Entrega dentro do prazo previsto.
1292,2025-07-15,966,48,Laptop,Eletrônicos,2,893.95,1787.89,IL,Atendimento excepcional.
1293,2025-07-16,741,21,Laptop,Eletrônicos,1,1143.34,1143.34,FL,Muito satisfeito com a compra.
1294,2025-07-17,377,58,Laptop,Eletrônicos,5,1829.81,9149.04,FL,Entrega rápida!
1295,2025-07-18,289,20,Smartphone,Eletrônicos,3,1160.65,3481.96,IL,Produto cumpre o que promete
1296,2025-07-19,437,54,Laptop,Eletrônicos,2,456.78,913.56,NY,Excelente produto!
1297,2025-07-20,662,70,Laptop,Eletrônicos,1,719.23,719.23,CA,Sem reclamações.
1298,2025-07-21,277,73,Laptop,Eletrônicos,4,1083.2,4332.8,TX,Excelente produto!
1299,2025-07-22,710,27,Fone de ouvido,Acessórios,2,352.05,704.1,FL,Entrega rápida!
1300,2025-07-23,582,59,Fone de ouvido,Acessórios,2,1244.41,2488.83,FL,Excelente produto!
1301,2025-07-24,503,49,Smartphone,Eletrônicos,2,1998.53,3997.06,FL,Muito satisfeito com a compra.
1302,2025-07-25,624,53,Laptop,Eletrônicos,4,1322.44,5289.77,NY,Excelente produto!
1303,2025-07-26,516,66,Smartphone,Eletrônicos,5,776.2,3881.01,IL,Excelente produto!
1304,2025-07-27,350,44,Laptop,Eletrônicos,3,696.91,2090.72,NY,Produto ok.
1305,2025-07-28,843,70,Laptop,Eletrônicos,5,1866.63,9333.13,FL,Péssimo atendimento
1306,2025-07-29,446,66,Laptop,Eletrônicos,1,1749.45,1749.45,CA,Produto cumpre o que promete
1307,2025-07-30,830,36,Smartphone,Eletrônicos,3,971.1,2913.3,FL,Entrega rápida!
1308,2025-07-31,350,55,Smartphone,Eletrônicos,1,739.16,739.16,CA,Excelente produto!
1309,2025-08-01,607,18,Laptop,Eletrônicos,4,1435.41,5741.62,CA,Atendimento excepcional.
1310,2025-08-02,664,43,Tablet,Eletrônicos,5,663.28,3316.4,FL,Muito satisfeito com a compra.
1311,2025-08-03,823,63,Smartphone,Eletrônicos,2,282.84,565.67,FL,Muito satisfeito com a compra.
1312,2025-08-04,137,79,Fone de ouvido,Acessórios,3,654.8,1964.39,CA,Excelente produto!
1313,2025-08-05,759,30,Smartphone,Eletrônicos,2,896.88,1793.75,NY,Entrega rápida!
1314,2025-08-06,899,52,Laptop,Eletrônicos,1,548.05,548.05,NY,Atendimento excepcional.
1315,2025-08-07,243,72,Tablet,Eletrônicos,2,472.79,945.57,NY,Atendimento excepcional.
1316,2025-08-08,543,19,Laptop,Eletrônicos,2,61.97,123.95,TX,Atendimento excepcional.
1317,2025-08-09,40,39,Fone de ouvido,Acessórios,4,1280.14,5120.57,CA,Entrega rápida!
1318,2025-08-10,229,56,Smartphone,Eletrônicos,4,1248.18,4992.7,TX,Atendimento sem problema
1319,2025-08-11,548,45,Smartphone,Eletrônicos,5,416.65,2083.25,TX,Atendimento excepcional.
1320,2025-08-12,920,61,Laptop,Eletrônicos,1,1890.12,1890.12,CA,Excelente produto!
1321,2025-08-13,223,19,Laptop,Eletrônicos,4,848.66,3394.65,TX,Atendimento excepcional.
1322,2025-08-14,6,28,Fone de ouvido,Acessórios,4,99.68,398.74,CA,Atendimento excepcional.
1323,2025-08-15,322,65,Tablet,Eletrônicos,5,478.56,2392.78,IL,Atendimento sem problema
1324,2025-08-16,468,76,Fone de ouvido,Acessórios,3,1399.53,4198.59,IL,Excelente produto!
1325,2025-08-17,732,54,Tablet,Eletrônicos,5,443.16,2215.79,CA,Excelente produto!
1326,2025-08-18,75,43,Smartphone,Eletrônicos,2,155.13,310.26,CA,Produto ok.
1327,2025-08-19,4,45,Tablet,Eletrônicos,2,1254.53,2509.05,CA,Atendimento excepcional.
1328,2025-08-20,847,43,Tablet,Eletrônicos,4,1060.79,4243.17,NY,Produto cumpre o que promete
1329,2025-08-21,646,34,Smartphone,Eletrônicos,4,1534.47,6137.87,CA,Sem reclamações.
1330,2025-08-22,118,20,Smartphone,Eletrônicos,5,1556.63,7783.16,FL,Produto com ótimo custo-benefício.
1331,2025-08-23,881,31,Smartphone,Eletrônicos,5,1921.87,9609.37,IL,Excelente produto!
1332,2025-08-24,606,33,Fone de ouvido,Acessórios,1,161.18,161.18,IL,Produto ok.
1333,2025-08-25,504,66,Smartphone,Eletrônicos,2,126.03,252.06,CA,Qualidade inferior ao anunciado
1334,2025-08-26,998,77,Laptop,Eletrônicos,5,1975.03,9875.17,IL,Produto cumpre o que promete
1335,2025-08-27,947,68,Smartphone,Eletrônicos,3,1307.45,3922.36,CA,Muito satisfeito com a compra.
1336,2025-08-28,574,53,Smartphone,Eletrônicos,1,1444.97,1444.97,CA,Muito satisfeito com a compra.
1337,2025-08-29,441,45,Smartphone,Eletrônicos,5,238.14,1190.7,IL,Produto cumpre o que promete
1338,2025-08-30,194,45,Tablet,Eletrônicos,4,186.13,744.54,IL,Entrega rápida!
1339,2025-08-31,847,70,Fone de ouvido,Acessórios,5,362.49,1812.47,FL,Produto com ótimo custo-benefício.
1340,2025-09-01,715,69,Smartphone,Eletrônicos,4,883.03,3532.13,TX,Entrega dentro do prazo previsto.
1341,2025-09-02,392,69,Fone de ouvido,Acessórios,4,264.84,1059.37,FL,Entrega rápida!
1342,2025-09-03,26,42,Laptop,Eletrônicos,2,920.35,1840.7,FL,Atendimento sem problema
1343,2025-09-04,435,74,Laptop,Eletrônicos,2,1145.0,2289.99,IL,Entrega dentro do prazo previsto.
1344,2025-09-05,173,26,Smartphone,Eletrônicos,5,50.65,253.25,FL,Atendimento excepcional.
1345,2025-09-06,300,28,Laptop,Eletrônicos,5,272.78,1363.89,IL,Entrega dentro do prazo previsto.
1346,2025-09-07,645,54,Fone de ouvido,Acessórios,3,781.63,2344.89,NY,Entrega dentro do prazo previsto.
1347,2025-09-08,326,60,Tablet,Eletrônicos,1,153.99,153.99,CA,Entrega rápida!
1348,2025-09-09,410,62,Smartphone,Eletrônicos,1,310.38,310.38,TX,Atendimento excepcional.
1349,2025-09-10,118,38,Laptop,Eletrônicos,5,502.0,2510.01,NY,Muito satisfeito com a compra.
1350,2025-09-11,836,19,Fone de ouvido,Acessórios,2,887.72,1775.45,CA,Produto com defeito
1351,2025-09-12,787,71,Fone de ouvido,Acessórios,3,1443.93,4331.8,CA,Produto com ótimo custo-benefício.
1352,2025-09-13,724,51,Laptop,Eletrônicos,1,308.74,308.74,TX,Produto com ótimo custo-benefício.
1353,2025-09-14,225,59,Fone de ouvido,Acessórios,5,1489.02,7445.1,FL,Atendimento excepcional.
1354,2025-09-15,532,30,Fone de ouvido,Acessórios,2,1717.37,3434.74,CA,Excelente produto!
1355,2025-09-16,113,22,Smartphone,Eletrônicos,2,1320.38,2640.77,TX,Entrega rápida!
1356,2025-09-17,140,28,Fone de ouvido,Acessórios,2,135.27,270.53,IL,Produto com ótimo custo-benefício.
1357,2025-09-18,559,46,Laptop,Eletrônicos,4,909.27,3637.1,CA,Entrega rápida!
1358,2025-09-19,1,64,Smartphone,Eletrônicos,2,1337.13,2674.26,CA,Atendimento excepcional.
1359,2025-09-20,90,45,Laptop,Eletrônicos,5,1958.1,9790.5,FL,Produto cumpre o que promete
1360,2025-09-21,654,45,Tablet,Eletrônicos,3,1906.03,5718.08,FL,Produto cumpre o que promete
1361,2025-09-22,320,22,Laptop,Eletrônicos,5,821.62,4108.11,IL,Muito satisfeito com a compra.
1362,2025-09-23,550,37,Laptop,Eletrônicos,2,1251.07,2502.13,CA,Produto cumpre o que promete
1363,2025-09-24,805,54,Smartphone,Eletrônicos,3,1787.09,5361.27,FL,Entrega rápida!
1364,2025-09-25,894,56,Fone de ouvido,Acessórios,1,1670.54,1670.54,TX,Muito satisfeito com a compra.
1365,2025-09-26,139,27,Laptop,Eletrônicos,1,984.87,984.87,CA,Entrega rápida!
1366,2025-09-27,511,49,Smartphone,Eletrônicos,5,559.42,2797.1,TX,Atendimento excepcional.
1367,2025-09-28,868,46,Tablet,Eletrônicos,3,317.34,952.03,NY,Muito satisfeito com a compra.
1368,2025-09-29,845,19,Smartphone,Eletrônicos,5,1001.56,5007.81,IL,Excelente produto!
1369,2025-09-30,259,18,Smartphone,Eletrônicos,3,1459.55,4378.65,FL,Atendimento excepcional.
1370,2025-10-01,673,37,Fone de ouvido,Acessórios,3,1941.05,5823.15,NY,Muito satisfeito com a compra.
1371,2025-10-02,902,72,Laptop,Eletrônicos,5,1730.54,8652.7,FL,Muito satisfeito com a compra.
1372,2025-10-03,690,18,Tablet,Eletrônicos,3,448.27,1344.81,NY,Qualidade inferior ao anunciado
1373,2025-10-04,10,21,Smartphone,Eletrônicos,2,1453.57,2907.13,FL,Produto com ótimo custo-benefício.
1374,2025-10-05,261,32,Laptop,Eletrônicos,3,613.75,1841.24,IL,Sem reclamações.
1375,2025-10-06,919,64,Laptop,Eletrônicos,3,1382.77,4148.31,CA,Excelente produto!
1376,2025-10-07,650,47,Smartphone,Eletrônicos,5,1348.32,6741.6,TX,Atendimento excepcional.
1377,2025-10-08,172,23,Laptop,Eletrônicos,1,581.24,581.24,NY,Péssimo atendimento
1378,2025-10-09,898,55,Smartphone,Eletrônicos,4,507.06,2028.23,TX,Produto cumpre o que promete
1379,2025-10-10,13,18,Smartphone,Eletrônicos,3,252.68,758.04,TX,Muito satisfeito com a compra.
1380,2025-10-11,168,24,Smartphone,Eletrônicos,4,148.55,594.21,FL,Atendimento excepcional.
1381,2025-10-12,642,79,Tablet,Eletrônicos,3,1723.98,5171.94,CA,Excelente produto!
1382,2025-10-13,596,22,Smartphone,Eletrônicos,5,147.21,736.03,FL,Atendimento sem problema
1383,2025-10-14,321,71,Fone de ouvido,Acessórios,5,223.05,1115.23,TX,Excelente produto!
1384,2025-10-15,319,66,Laptop,Eletrônicos,3,515.76,1547.28,IL,Atendimento sem problema
1385,2025-10-16,613,24,Tablet,Eletrônicos,5,1780.93,8904.67,CA,Produto cumpre o que promete
1386,2025-10-17,329,53,Laptop,Eletrônicos,5,699.23,3496.17,CA,Entrega rápida!
1387,2025-10-18,785,20,Tablet,Eletrônicos,3,424.01,1272.03,TX,Atendimento sem problema
1388,2025-10-19,777,29,Fone de ouvido,Acessórios,1,1445.33,1445.33,FL,Produto ok.
1389,2025-10-20,971,76,Tablet,Eletrônicos,3,672.19,2016.56,IL,Excelente produto!
1390,2025-10-21,911,78,Tablet,Eletrônicos,1,700.06,700.06,NY,Entrega rápida!
1391,2025-10-22,920,32,Tablet,Eletrônicos,5,1491.0,7455.02,FL,Atendimento sem problema
1392,2025-10-23,550,37,Laptop,Eletrônicos,1,540.72,540.72,CA,Produto com ótimo custo-benefício.
1393,2025-10-24,419,58,Smartphone,Eletrônicos,5,1798.68,8993.41,FL,Produto ok.
1394,2025-10-25,606,38,Laptop,Eletrônicos,1,1144.77,1144.77,NY,Produto com ótimo custo-benefício.
1395,2025-10-26,95,49,Smartphone,Eletrônicos,1,1098.77,1098.77,IL,Entrega rápida!
1396,2025-10-27,817,29,Laptop,Eletrônicos,3,566.27,1698.8,IL,Arrependido da compra
1397,2025-10-28,581,54,Fone de ouvido,Acessórios,1,1678.43,1678.43,NY,Produto com ótimo custo-benefício.
1398,2025-10-29,318,57,Fone de ouvido,Acessórios,5,1166.86,5834.31,NY,Entrega rápida!
1399,2025-10-30,956,64,Tablet,Eletrônicos,3,353.26,1059.77,TX,Produto cumpre o que promete
1400,2025-10-31,236,24,Fone de ouvido,Acessórios,1,452.28,452.28,CA,Atendimento sem problema
1401,2025-11-01,946,68,Tablet,Eletrônicos,3,963.1,2889.3,TX,Excelente produto!
1402,2025-11-02,334,62,Smartphone,Eletrônicos,4,1570.3,6281.21,FL,Sem reclamações.
1403,2025-11-03,885,48,Fone de ouvido,Acessórios,3,1881.63,5644.88,NY,Excelente produto!
1404,2025-11-04,376,18,Smartphone,Eletrônicos,4,1343.82,5375.29,TX,Produto ok.
1405,2025-11-05,459,77,Laptop,Eletrônicos,4,1036.98,4147.92,CA,Atendimento excepcional.
1406,2025-11-06,137,28,Smartphone,Eletrônicos,3,538.93,1616.78,CA,Atendimento excepcional.
1407,2025-11-07,930,62,Laptop,Eletrônicos,5,1362.09,6810.46,NY,Produto ok.
1408,2025-11-08,588,51,Smartphone,Eletrônicos,5,1965.37,9826.84,TX,Atendimento sem problema
1409,2025-11-09,995,36,Smartphone,Eletrônicos,5,978.63,4893.17,IL,Produto ok.
1410,2025-11-10,547,28,Fone de ouvido,Acessórios,2,366.18,732.35,NY,Produto com ótimo custo-benefício.
1411,2025-11-11,513,50,Smartphone,Eletrônicos,4,251.51,1006.06,FL,Entrega atrasada
1412,2025-11-12,296,50,Fone de ouvido,Acessórios,3,575.05,1725.15,TX,Entrega rápida!
1413,2025-11-13,320,25,Fone de ouvido,Acessórios,5,1160.41,5802.06,TX,Atendimento excepcional.
1414,2025-11-14,918,62,Tablet,Eletrônicos,5,1896.27,9481.35,NY,Qualidade inferior ao anunciado
1415,2025-11-15,572,25,Tablet,Eletrônicos,3,633.37,1900.12,TX,Muito satisfeito com a compra.
1416,2025-11-16,832,51,Laptop,Eletrônicos,4,645.51,2582.05,TX,Atendimento excepcional.
1417,2025-11-17,349,57,Smartphone,Eletrônicos,3,988.3,2964.9,FL,Entrega atrasada
1418,2025-11-18,840,44,Laptop,Eletrônicos,2,1841.16,3682.32,FL,Péssimo atendimento
1419,2025-11-19,779,46,Smartphone,Eletrônicos,2,867.16,1734.31,IL,Entrega dentro do prazo previsto.
1420,2025-11-20,873,31,Tablet,Eletrônicos,3,485.3,1455.89,FL,Produto com ótimo custo-benefício.
1421,2025-11-21,229,51,Tablet,Eletrônicos,4,368.11,1472.42,IL,Entrega rápida!
1422,2025-11-22,270,62,Smartphone,Eletrônicos,5,941.18,4705.9,FL,Entrega rápida!
1423,2025-11-23,828,76,Smartphone,Eletrônicos,2,1611.32,3222.64,IL,Entrega rápida!
1424,2025-11-24,798,54,Tablet,Eletrônicos,2,618.14,1236.27,FL,Muito satisfeito com a compra.
1425,2025-11-25,291,18,Tablet,Eletrônicos,4,1049.42,4197.68,FL,Entrega rápida!
1426,2025-11-26,725,26,Laptop,Eletrônicos,2,1225.87,2451.73,NY,Excelente produto!
1427,2025-11-27,165,69,Tablet,Eletrônicos,2,928.42,1856.83,FL,Produto com ótimo custo-benefício.
1428,2025-11-28,5,27,Smartphone,Eletrônicos,4,423.8,1695.18,IL,Sem reclamações.
1429,2025-11-29,851,47,Laptop,Eletrônicos,3,1847.4,5542.21,NY,Excelente produto!
1430,2025-11-30,379,60,Smartphone,Eletrônicos,5,1152.63,5763.13,IL,Sem reclamações.
1431,2025-12-01,78,35,Fone de ouvido,Acessórios,5,1471.81,7359.06,FL,Muito satisfeito com a compra.
1432,2025-12-02,410,34,Laptop,Eletrônicos,2,1290.28,2580.57,FL,Excelente produto!
1433,2025-12-03,574,23,Smartphone,Eletrônicos,5,1996.19,9980.97,IL,Atendimento excepcional.
1434,2025-12-04,132,28,Tablet,Eletrônicos,3,939.8,2819.41,TX,Atendimento excepcional.
1435,2025-12-05,601,41,Fone de ouvido,Acessórios,2,878.7,1757.39,NY,Entrega rápida!
1436,2025-12-06,749,53,Smartphone,Eletrônicos,5,752.27,3761.36,NY,Produto ok.
1437,2025-12-07,42,50,Laptop,Eletrônicos,1,755.18,755.18,FL,Entrega rápida!
1438,2025-12-08,89,50,Smartphone,Eletrônicos,1,587.75,587.75,NY,Péssimo atendimento
1439,2025-12-09,402,71,Fone de ouvido,Acessórios,1,1962.23,1962.23,IL,Produto ok.
1440,2025-12-10,296,35,Laptop,Eletrônicos,1,1748.02,1748.02,FL,Excelente produto!
1441,2025-12-11,840,22,Fone de ouvido,Acessórios,1,667.51,667.51,NY,Excelente produto!
1442,2025-12-12,295,48,Smartphone,Eletrônicos,2,645.2,1290.39,CA,Entrega dentro do prazo previsto.
1443,2025-12-13,616,33,Tablet,Eletrônicos,4,251.89,1007.57,NY,Sem reclamações.
1444,2025-12-14,526,19,Tablet,Eletrônicos,4,1760.21,7040.84,IL,Sem reclamações.
1445,2025-12-15,800,26,Smartphone,Eletrônicos,2,774.94,1549.89,NY,Sem reclamações.
1446,2025-12-16,691,19,Smartphone,Eletrônicos,2,1166.6,2333.2,TX,Excelente produto!
1447,2025-12-17,637,54,Smartphone,Eletrônicos,3,1805.74,5417.21,TX,Atendimento excepcional.
1448,2025-12-18,422,37,Laptop,Eletrônicos,4,845.8,3383.19,FL,Entrega dentro do prazo previsto.
1449,2025-12-19,865,76,Fone de ouvido,Acessórios,1,1623.39,1623.39,TX,Entrega rápida!
1450,2025-12-20,23,34,Fone de ouvido,Acessórios,2,889.06,1778.11,IL,Atendimento excepcional.
1451,2025-12-21,575,75,Fone de ouvido,Acessórios,1,1416.83,1416.83,CA,Sem reclamações.
1452,2025-12-22,143,42,Smartphone,Eletrônicos,4,890.81,3563.24,CA,Produto com ótimo custo-benefício.
1453,2025-12-23,993,36,Fone de ouvido,Acessórios,5,815.88,4079.4,FL,Atendimento excepcional.
1454,2025-12-24,665,59,Smartphone,Eletrônicos,5,1981.88,9909.42,FL,Sem reclamações.
1455,2025-12-25,145,25,Laptop,Eletrônicos,2,1244.08,2488.16,TX,Excelente produto!
1456,2025-12-26,225,69,Tablet,Eletrônicos,3,766.41,2299.24,IL,Produto cumpre o que promete
1457,2025-12-27,503,28,Smartphone,Eletrônicos,1,552.75,552.75,TX,Sem reclamações.
1458,2025-12-28,962,30,Smartphone,Eletrônicos,2,127.54,255.09,IL,Entrega rápida!
1459,2025-12-29,974,30,Tablet,Eletrônicos,3,1427.8,4283.41,IL,Produto com ótimo custo-benefício.
1460,2025-12-30,821,26,Tablet,Eletrônicos,1,775.71,775.71,CA,Atendimento sem problema
1461,2025-12-31,616,22,Laptop,Eletrônicos,4,1651.45,6605.78,IL,Produto com ótimo custo-benefício.
1462,2026-01-01,104,35,Fone de ouvido,Acessórios,5,759.54,3797.72,NY,Muito satisfeito com a compra.
1463,2026-01-02,947,57,Smartphone,Eletrônicos,3,777.99,2333.98,IL,Qualidade inferior ao anunciado
1464,2026-01-03,39,78,Fone de ouvido,Acessórios,1,1569.4,1569.4,CA,Produto ok.
1465,2026-01-04,947,69,Smartphone,Eletrônicos,2,1004.46,2008.92,TX,Produto com ótimo custo-benefício.
1466,2026-01-05,198,31,Laptop,Eletrônicos,1,1775.54,1775.54,IL,Entrega rápida!
1467,2026-01-06,646,51,Tablet,Eletrônicos,2,1200.76,2401.53,NY,Arrependido da compra
1468,2026-01-07,579,39,Laptop,Eletrônicos,5,519.26,2596.29,FL,Produto cumpre o que promete
1469,2026-01-08,391,65,Tablet,Eletrônicos,5,1158.13,5790.65,TX,Atendimento excepcional.
1470,2026-01-09,179,50,Fone de ouvido,Acessórios,1,57.8,57.8,FL,Entrega dentro do prazo previsto.
1471,2026-01-10,968,41,Fone de ouvido,Acessórios,1,659.17,659.17,NY,Muito satisfeito com a compra.
1472,2026-01-11,554,74,Laptop,Eletrônicos,2,455.51,911.01,CA,Produto com ótimo custo-benefício.
1473,2026-01-12,448,72,Tablet,Eletrônicos,2,1325.67,2651.33,CA,Atendimento excepcional.
1474,2026-01-13,500,46,Laptop,Eletrônicos,3,315.28,945.83,TX,Entrega rápida!
1475,2026-01-14,15,30,Tablet,Eletrônicos,3,615.69,1847.07,IL,Produto ok.
1476,2026-01-15,623,74,Tablet,Eletrônicos,3,696.05,2088.16,IL,Atendimento excepcional.
1477,2026-01-16,669,67,Fone de ouvido,Acessórios,1,56.42,56.42,FL,Produto cumpre o que promete
1478,2026-01-17,289,44,Fone de ouvido,Acessórios,3,141.19,423.58,CA,Produto com ótimo custo-benefício.
1479,2026-01-18,478,18,Tablet,Eletrônicos,1,656.7,656.7,IL,Muito satisfeito com a compra.
1480,2026-01-19,231,24,Tablet,Eletrônicos,5,483.6,2417.98,IL,Atendimento excepcional.
1481,2026-01-20,923,21,Tablet,Eletrônicos,4,277.97,1111.87,CA,Atendimento excepcional.
1482,2026-01-21,420,27,Fone de ouvido,Acessórios,5,350.62,1753.08,CA,Produto com ótimo custo-benefício.
1483,2026-01-22,157,57,Fone de ouvido,Acessórios,1,1679.3,1679.3,NY,Muito satisfeito com a compra.
1484,2026-01-23,550,52,Smartphone,Eletrônicos,1,1382.47,1382.47,FL,Produto ok.
1485,2026-01-24,441,72,Tablet,Eletrônicos,4,994.03,3976.12,CA,Produto ok.
1486,2026-01-25,97,56,Smartphone,Eletrônicos,2,1822.31,3644.61,NY,Produto ok.
1487,2026-01-26,997,76,Tablet,Eletrônicos,2,107.63,215.26,CA,Produto ok.
1488,2026-01-27,411,75,Fone de ouvido,Acessórios,2,722.62,1445.25,TX,Sem reclamações.
1489,2026-01-28,951,74,Smartphone,Eletrônicos,3,1655.6,4966.79,TX,Excelente produto!
1490,2026-01-29,289,33,Smartphone,Eletrônicos,2,1275.16,2550.33,TX,Arrependido da compra
1491,2026-01-30,254,44,Laptop,Eletrônicos,3,1964.29,5892.87,CA,Produto com ótimo custo-benefício.
1492,2026-01-31,196,37,Tablet,Eletrônicos,3,1891.8,5675.41,IL,Atendimento sem problema
1493,2026-02-01,598,79,Fone de ouvido,Acessórios,2,381.39,762.78,IL,Produto ok.
1494,2026-02-02,834,27,Laptop,Eletrônicos,2,1945.37,3890.75,TX,Produto com ótimo custo-benefício.
1495,2026-02-03,522,62,Laptop,Eletrônicos,4,1893.79,7575.17,FL,Arrependido da compra
1496,2026-02-04,517,79,Tablet,Eletrônicos,4,778.54,3114.17,NY,Entrega rápida!
1497,2026-02-05,635,50,Laptop,Eletrônicos,3,1966.62,5899.85,TX,Excelente produto!
1498,2026-02-06,842,24,Tablet,Eletrônicos,4,119.9,479.58,NY,Produto com ótimo custo-benefício.
1499,2026-02-07,865,59,Laptop,Eletrônicos,3,1338.46,4015.39,NY,Muito satisfeito com a compra.
1500,2026-02-08,118,61,Tablet,Eletrônicos,1,568.99,568.99,TX,Atendimento sem problema
1501,2026-02-09,806,63,Fone de ouvido,Acessórios,3,302.45,907.36,IL,Entrega rápida!
1502,2026-02-10,909,39,Tablet,Eletrônicos,3,1176.19,3528.58,FL,Sem reclamações.
1503,2026-02-11,159,60,Tablet,Eletrônicos,4,647.38,2589.53,TX,Sem reclamações.
1504,2026-02-12,815,34,Smartphone,Eletrônicos,1,1350.31,1350.31,NY,Atendimento excepcional.
1505,2026-02-13,228,26,Fone de ouvido,Acessórios,5,1102.96,5514.82,CA,Entrega rápida!
1506,2026-02-14,877,75,Fone de ouvido,Acessórios,5,815.55,4077.75,CA,Entrega rápida!
1507,2026-02-15,216,57,Fone de ouvido,Acessórios,5,404.55,2022.77,NY,Arrependido da compra
1508,2026-02-16,948,27,Laptop,Eletrônicos,1,1222.44,1222.44,TX,Entrega dentro do prazo previsto.
1509,2026-02-17,696,53,Smartphone,Eletrônicos,2,1667.0,3334.0,IL,Muito satisfeito com a compra.
1510,2026-02-18,15,48,Fone de ouvido,Acessórios,1,1220.01,1220.01,TX,Muito satisfeito com a compra.
1511,2026-02-19,157,48,Laptop,Eletrônicos,4,1240.52,4962.08,FL,Produto com ótimo custo-benefício.
1512,2026-02-20,648,22,Laptop,Eletrônicos,3,1048.08,3144.25,CA,Muito satisfeito com a compra.
1513,2026-02-21,261,73,Laptop,Eletrônicos,3,807.07,2421.2,NY,Atendimento sem problema
1514,2026-02-22,157,35,Smartphone,Eletrônicos,4,942.04,3768.17,IL,Produto cumpre o que promete
1515,2026-02-23,47,23,Laptop,Eletrônicos,4,1979.61,7918.43,TX,Entrega rápida!
1516,2026-02-24,324,59,Smartphone,Eletrônicos,3,1511.85,4535.56,FL,Entrega dentro do prazo previsto.
1517,2026-02-25,844,67,Tablet,Eletrônicos,2,889.59,1779.18,TX,Entrega rápida!
1518,2026-02-26,685,45,Laptop,Eletrônicos,2,941.73,1883.46,FL,Atendimento excepcional.
1519,2026-02-27,130,60,Fone de ouvido,Acessórios,2,1024.28,2048.56,TX,Entrega dentro do prazo previsto.
1520,2026-02-28,411,41,Laptop,Eletrônicos,4,1335.66,5342.65,IL,Atendimento excepcional.
1521,2026-03-01,95,22,Tablet,Eletrônicos,3,958.62,2875.86,IL,Atendimento excepcional.
1522,2026-03-02,627,45,Tablet,Eletrônicos,3,1388.05,4164.15,NY,Produto com ótimo custo-benefício.
1523,2026-03-03,755,75,Laptop,Eletrônicos,3,691.92,2075.75,IL,Excelente produto!
1524,2026-03-04,932,20,Tablet,Eletrônicos,1,850.75,850.75,FL,Excelente produto!
1525,2026-03-05,292,35,Smartphone,Eletrônicos,1,1734.9,1734.9,NY,Atendimento sem problema
1526,2026-03-06,794,21,Smartphone,Eletrônicos,5,691.37,3456.83,IL,Produto com ótimo custo-benefício.
1527,2026-03-07,811,57,Laptop,Eletrônicos,1,1930.65,1930.65,CA,Produto com ótimo custo-benefício.
1528,2026-03-08,283,66,Smartphone,Eletrônicos,2,386.38,772.77,FL,Entrega rápida!
1529,2026-03-09,69,59,Smartphone,Eletrônicos,2,521.28,1042.55,NY,Muito satisfeito com a compra.
1530,2026-03-10,660,49,Fone de ouvido,Acessórios,2,954.18,1908.35,FL,Produto com ótimo custo-benefício.
1531,2026-03-11,11,49,Laptop,Eletrônicos,2,1604.95,3209.89,NY,Produto cumpre o que promete
1532,2026-03-12,254,36,Tablet,Eletrônicos,5,1476.57,7382.86,FL,Produto ok.
1533,2026-03-13,842,46,Laptop,Eletrônicos,2,390.21,780.42,CA,Entrega rápida!
1534,2026-03-14,872,50,Smartphone,Eletrônicos,4,511.54,2046.14,IL,Sem reclamações.
1535,2026-03-15,550,19,Fone de ouvido,Acessórios,4,1171.76,4687.05,TX,Excelente produto!
1536,2026-03-16,134,75,Laptop,Eletrônicos,4,625.57,2502.29,TX,Excelente produto!
1537,2026-03-17,712,28,Laptop,Eletrônicos,1,873.53,873.53,TX,Produto ok.
1538,2026-03-18,23,64,Smartphone,Eletrônicos,3,998.86,2996.58,NY,Produto cumpre o que promete
1539,2026-03-19,815,72,Smartphone,Eletrônicos,5,1208.78,6043.9,IL,Atendimento excepcional.
1540,2026-03-20,346,50,Laptop,Eletrônicos,4,539.55,2158.2,NY,Atendimento excepcional.
1541,2026-03-21,302,58,Smartphone,Eletrônicos,4,368.12,1472.49,NY,Muito satisfeito com a compra.
1542,2026-03-22,363,57,Smartphone,Eletrônicos,2,827.2,1654.4,NY,Excelente produto!
1543,2026-03-23,396,18,Smartphone,Eletrônicos,4,209.95,839.8,NY,Produto com ótimo custo-benefício.
1544,2026-03-24,218,59,Smartphone,Eletrônicos,2,1077.19,2154.38,IL,Sem reclamações.
1545,2026-03-25,141,34,Smartphone,Eletrônicos,2,1687.23,3374.46,TX,Atendimento excepcional.
1546,2026-03-26,616,67,Fone de ouvido,Acessórios,3,282.0,846.01,FL,Atendimento excepcional.
1547,2026-03-27,958,33,Smartphone,Eletrônicos,1,269.82,269.82,NY,Atendimento excepcional.
1548,2026-03-28,210,19,Tablet,Eletrônicos,2,206.42,412.85,IL,Entrega dentro do prazo previsto.
1549,2026-03-29,985,71,Laptop,Eletrônicos,2,1703.33,3406.66,CA,Excelente produto!
1550,2026-03-30,993,66,Fone de ouvido,Acessórios,3,207.37,622.12,FL,Produto com ótimo custo-benefício.
1551,2026-03-31,623,21,Fone de ouvido,Acessórios,2,1967.75,3935.5,NY,Excelente produto!
1552,2026-04-01,616,49,Smartphone,Eletrônicos,5,748.75,3743.73,NY,Sem reclamações.
1553,2026-04-02,828,24,Laptop,Eletrônicos,1,691.09,691.09,FL,Entrega rápida!
1554,2026-04-03,683,46,Tablet,Eletrônicos,5,228.68,1143.41,FL,Muito satisfeito com a compra.
1555,2026-04-04,460,78,Smartphone,Eletrônicos,4,1192.0,4768.0,NY,Atendimento excepcional.
1556,2026-04-05,356,77,Laptop,Eletrônicos,1,1192.47,1192.47,IL,Atendimento excepcional.
1557,2026-04-06,324,26,Smartphone,Eletrônicos,4,1012.92,4051.69,CA,Produto com ótimo custo-benefício.
1558,2026-04-07,133,75,Smartphone,Eletrônicos,2,656.49,1312.98,IL,Excelente produto!
1559,2026-04-08,888,52,Smartphone,Eletrônicos,3,768.73,2306.2,TX,Muito satisfeito com a compra.
1560,2026-04-09,805,69,Smartphone,Eletrônicos,5,674.98,3374.91,TX,Produto cumpre o que promete
1561,2026-04-10,840,70,Smartphone,Eletrônicos,4,880.99,3523.94,TX,Produto com ótimo custo-benefício.
1562,2026-04-11,127,22,Smartphone,Eletrônicos,2,716.49,1432.97,NY,Atendimento sem problema
1563,2026-04-12,106,67,Smartphone,Eletrônicos,5,1367.26,6836.29,CA,Muito satisfeito com a compra.
1564,2026-04-13,604,78,Tablet,Eletrônicos,5,626.78,3133.92,CA,Produto com defeito
1565,2026-04-14,799,38,Fone de ouvido,Acessórios,4,734.13,2936.54,NY,Entrega atrasada
1566,2026-04-15,378,75,Tablet,Eletrônicos,2,899.15,1798.29,NY,Atendimento sem problema
1567,2026-04-16,905,34,Smartphone,Eletrônicos,3,57.73,173.18,NY,Qualidade inferior ao anunciado
1568,2026-04-17,51,56,Smartphone,Eletrônicos,4,1009.56,4038.24,CA,Atendimento excepcional.
1569,2026-04-18,29,31,Tablet,Eletrônicos,5,548.85,2744.24,NY,Entrega dentro do prazo previsto.
1570,2026-04-19,462,49,Tablet,Eletrônicos,5,159.49,797.47,FL,Entrega rápida!
1571,2026-04-20,296,32,Fone de ouvido,Acessórios,1,1826.49,1826.49,FL,Produto ok.
1572,2026-04-21,297,38,Tablet,Eletrônicos,2,678.72,1357.43,FL,Muito satisfeito com a compra.
1573,2026-04-22,726,71,Fone de ouvido,Acessórios,1,880.87,880.87,NY,Excelente produto!
1574,2026-04-23,779,31,Smartphone,Eletrônicos,3,1663.32,4989.96,FL,Arrependido da compra
1575,2026-04-24,407,58,Laptop,Eletrônicos,4,375.24,1500.95,NY,Produto com ótimo custo-benefício.
1576,2026-04-25,769,33,Laptop,Eletrônicos,5,1708.1,8540.51,FL,Sem reclamações.
1577,2026-04-26,814,68,Laptop,Eletrônicos,2,521.19,1042.39,NY,Produto cumpre o que promete
1578,2026-04-27,613,18,Laptop,Eletrônicos,5,1198.62,5993.12,IL,Produto com ótimo custo-benefício.
1579,2026-04-28,405,57,Smartphone,Eletrônicos,1,1387.07,1387.07,TX,Produto com ótimo custo-benefício.
1580,2026-04-29,346,35,Laptop,Eletrônicos,1,1814.78,1814.78,IL,Atendimento excepcional.
1581,2026-04-30,622,51,Tablet,Eletrônicos,4,1234.89,4939.58,TX,Entrega atrasada
1582,2026-05-01,420,43,Tablet,Eletrônicos,2,933.8,1867.6,TX,Qualidade inferior ao anunciado
1583,2026-05-02,182,78,Laptop,Eletrônicos,2,1165.93,2331.85,FL,Entrega dentro do prazo previsto.
1584,2026-05-03,983,53,Tablet,Eletrônicos,4,444.06,1776.24,TX,Produto ok.
1585,2026-05-04,825,38,Fone de ouvido,Acessórios,1,1393.69,1393.69,TX,Atendimento excepcional.
1586,2026-05-05,1,18,Smartphone,Eletrônicos,1,414.42,414.42,IL,Muito satisfeito com a compra.
1587,2026-05-06,831,44,Laptop,Eletrônicos,1,1136.63,1136.63,TX,Atendimento excepcional.
1588,2026-05-07,950,68,Laptop,Eletrônicos,5,1312.83,6564.14,NY,Atendimento excepcional.
1589,2026-05-08,567,28,Smartphone,Eletrônicos,3,1802.24,5406.71,NY,Entrega rápida!
1590,2026-05-09,371,73,Tablet,Eletrônicos,1,927.87,927.87,FL,Entrega rápida!
1591,2026-05-10,936,55,Smartphone,Eletrônicos,3,1561.9,4685.7,IL,Produto ok.
1592,2026-05-11,911,68,Smartphone,Eletrônicos,3,376.68,1130.05,CA,Muito satisfeito com a compra.
1593,2026-05-12,661,31,Tablet,Eletrônicos,2,354.58,709.17,IL,Atendimento excepcional.
1594,2026-05-13,431,45,Smartphone,Eletrônicos,4,1073.36,4293.42,CA,Excelente produto!
1595,2026-05-14,969,72,Tablet,Eletrônicos,5,1212.86,6064.32,TX,Produto cumpre o que promete
1596,2026-05-15,309,44,Tablet,Eletrônicos,3,1283.07,3849.2,CA,Excelente produto!
1597,2026-05-16,137,39,Smartphone,Eletrônicos,5,1504.06,7520.32,TX,Atendimento excepcional.
1598,2026-05-17,202,38,Fone de ouvido,Acessórios,2,625.12,1250.23,IL,Entrega dentro do prazo previsto.
1599,2026-05-18,436,73,Tablet,Eletrônicos,1,1264.09,1264.09,IL,Produto com ótimo custo-benefício.
1600,2026-05-19,313,41,Smartphone,Eletrônicos,3,416.87,1250.61,FL,Excelente produto!
1601,2026-05-20,117,36,Tablet,Eletrônicos,4,477.05,1908.18,FL,Produto ok.
1602,2026-05-21,666,41,Fone de ouvido,Acessórios,2,181.25,362.5,TX,Produto com ótimo custo-benefício.
1603,2026-05-22,937,43,Fone de ouvido,Acessórios,5,1506.65,7533.26,TX,Entrega rápida!
1604,2026-05-23,803,42,Laptop,Eletrônicos,1,1038.64,1038.64,NY,Excelente produto!
1605,2026-05-24,575,62,Tablet,Eletrônicos,5,514.46,2572.31,NY,Entrega rápida!
1606,2026-05-25,244,61,Tablet,Eletrônicos,4,1134.66,4538.65,NY,Atendimento excepcional.
1607,2026-05-26,537,46,Smartphone,Eletrônicos,3,740.77,2222.31,IL,Atendimento excepcional.
1608,2026-05-27,602,27,Tablet,Eletrônicos,4,1682.56,6730.24,CA,Atendimento sem problema
1609,2026-05-28,75,68,Laptop,Eletrônicos,5,1079.89,5399.44,TX,Muito satisfeito com a compra.
1610,2026-05-29,806,28,Fone de ouvido,Acessórios,5,108.13,540.65,FL,Entrega rápida!
1611,2026-05-30,386,41,Fone de ouvido,Acessórios,4,1970.94,7883.74,TX,Muito satisfeito com a compra.
1612,2026-05-31,903,41,Laptop,Eletrônicos,4,194.88,779.53,CA,Sem reclamações.
1613,2026-06-01,210,29,Tablet,Eletrônicos,4,1407.12,5628.47,TX,Entrega dentro do prazo previsto.
1614,2026-06-02,475,24,Tablet,Eletrônicos,1,902.65,902.65,FL,Muito satisfeito com a compra.
1615,2026-06-03,418,57,Laptop,Eletrônicos,5,536.17,2680.85,FL,Excelente produto!
1616,2026-06-04,347,34,Smartphone,Eletrônicos,2,1369.09,2738.19,CA,Atendimento excepcional.
1617,2026-06-05,529,52,Fone de ouvido,Acessórios,1,295.5,295.5,FL,Produto com ótimo custo-benefício.
1618,2026-06-06,640,23,Laptop,Eletrônicos,1,1723.58,1723.58,IL,Entrega rápida!
1619,2026-06-07,939,29,Laptop,Eletrônicos,1,538.69,538.69,FL,Produto com ótimo custo-benefício.
1620,2026-06-08,955,32,Tablet,Eletrônicos,2,754.83,1509.67,CA,Atendimento excepcional.
1621,2026-06-09,876,49,Fone de ouvido,Acessórios,4,1283.66,5134.62,CA,Produto com ótimo custo-benefício.
1622,2026-06-10,763,40,Tablet,Eletrônicos,5,52.01,260.04,TX,Entrega rápida!
1623,2026-06-11,179,24,Laptop,Eletrônicos,3,971.86,2915.58,FL,Produto com ótimo custo-benefício.
1624,2026-06-12,182,76,Smartphone,Eletrônicos,3,1793.79,5381.36,FL,Muito satisfeito com a compra.
1625,2026-06-13,664,55,Fone de ouvido,Acessórios,5,1376.81,6884.05,CA,Sem reclamações.
1626,2026-06-14,25,48,Laptop,Eletrônicos,2,806.41,1612.81,TX,Produto cumpre o que promete
1627,2026-06-15,967,46,Laptop,Eletrônicos,3,1337.83,4013.48,TX,Qualidade inferior ao anunciado
1628,2026-06-16,180,61,Smartphone,Eletrônicos,1,1876.31,1876.31,IL,Produto com ótimo custo-benefício.
1629,2026-06-17,710,45,Laptop,Eletrônicos,3,416.22,1248.66,IL,Excelente produto!
1630,2026-06-18,501,29,Laptop,Eletrônicos,5,1087.03,5435.13,CA,Atendimento sem problema
1631,2026-06-19,856,44,Fone de ouvido,Acessórios,1,507.74,507.74,TX,Excelente produto!
1632,2026-06-20,161,21,Fone de ouvido,Acessórios,3,1715.74,5147.21,TX,Produto com ótimo custo-benefício.
1633,2026-06-21,177,38,Fone de ouvido,Acessórios,5,1456.05,7280.24,IL,Excelente produto!
1634,2026-06-22,285,26,Tablet,Eletrônicos,2,1612.1,3224.2,IL,Excelente produto!
1635,2026-06-23,63,66,Smartphone,Eletrônicos,5,1888.87,9444.37,CA,Entrega dentro do prazo previsto.
1636,2026-06-24,662,51,Fone de ouvido,Acessórios,2,503.0,1006.0,TX,Entrega dentro do prazo previsto.
1637,2026-06-25,666,54,Tablet,Eletrônicos,1,145.0,145.0,CA,Arrependido da compra
1638,2026-06-26,156,38,Tablet,Eletrônicos,5,617.26,3086.31,IL,Qualidade inferior ao anunciado
1639,2026-06-27,882,77,Smartphone,Eletrônicos,4,828.32,3313.29,FL,Entrega rápida!
1640,2026-06-28,469,40,Smartphone,Eletrônicos,4,1269.06,5076.25,IL,Excelente produto!
1641,2026-06-29,49,41,Laptop,Eletrônicos,4,1605.52,6422.1,TX,Produto com ótimo custo-benefício.
1642,2026-06-30,967,27,Tablet,Eletrônicos,4,732.12,2928.47,CA,Muito satisfeito com a compra.
1643,2026-07-01,849,55,Fone de ouvido,Acessórios,4,973.32,3893.28,TX,Produto com ótimo custo-benefício.
1644,2026-07-02,84,23,Smartphone,Eletrônicos,2,1581.66,3163.32,IL,Excelente produto!
1645,2026-07-03,361,38,Tablet,Eletrônicos,5,489.39,2446.96,IL,Entrega rápida!
1646,2026-07-04,689,54,Fone de ouvido,Acessórios,1,473.41,473.41,NY,Entrega dentro do prazo previsto.
1647,2026-07-05,148,46,Tablet,Eletrônicos,4,1199.0,4796.02,IL,Atendimento excepcional.
1648,2026-07-06,630,76,Smartphone,Eletrônicos,4,900.31,3601.24,TX,Atendimento excepcional.
1649,2026-07-07,342,57,Laptop,Eletrônicos,1,1900.35,1900.35,CA,Produto com ótimo custo-benefício.
1650,2026-07-08,476,38,Tablet,Eletrônicos,1,746.21,746.21,CA,Atendimento sem problema
1651,2026-07-09,63,39,Fone de ouvido,Acessórios,4,1531.13,6124.53,NY,Sem reclamações.
1652,2026-07-10,701,52,Smartphone,Eletrônicos,2,1187.03,2374.06,TX,Entrega rápida!
1653,2026-07-11,360,63,Laptop,Eletrônicos,1,156.42,156.42,IL,Entrega atrasada
1654,2026-07-12,561,22,Fone de ouvido,Acessórios,5,214.55,1072.76,FL,Atendimento excepcional.
1655,2026-07-13,327,32,Fone de ouvido,Acessórios,5,446.16,2230.78,CA,Produto ok.
1656,2026-07-14,769,79,Fone de ouvido,Acessórios,2,329.15,658.3,TX,Excelente produto!
1657,2026-07-15,736,58,Tablet,Eletrônicos,3,692.27,2076.82,NY,Atendimento excepcional.
1658,2026-07-16,141,64,Smartphone,Eletrônicos,2,1179.03,2358.06,FL,Produto com ótimo custo-benefício.
1659,2026-07-17,990,36,Fone de ouvido,Acessórios,4,1224.61,4898.43,TX,Entrega rápida!
1660,2026-07-18,215,33,Tablet,Eletrônicos,3,1196.15,3588.44,IL,Entrega dentro do prazo previsto.
1661,2026-07-19,435,57,Smartphone,Eletrônicos,4,279.34,1117.35,CA,Entrega dentro do prazo previsto.
1662,2026-07-20,891,64,Smartphone,Eletrônicos,5,1220.44,6102.2,IL,Excelente produto!
1663,2026-07-21,952,60,Tablet,Eletrônicos,1,849.01,849.01,NY,Produto com ótimo custo-benefício.
1664,2026-07-22,723,40,Tablet,Eletrônicos,4,1810.95,7243.81,CA,Excelente produto!
1665,2026-07-23,318,21,Fone de ouvido,Acessórios,5,1828.37,9141.85,FL,Produto com ótimo custo-benefício.
1666,2026-07-24,32,38,Smartphone,Eletrônicos,2,1547.94,3095.88,CA,Péssimo atendimento
1667,2026-07-25,670,41,Laptop,Eletrônicos,4,1421.06,5684.24,IL,Produto com ótimo custo-benefício.
1668,2026-07-26,285,59,Tablet,Eletrônicos,5,274.16,1370.79,TX,Excelente produto!
1669,2026-07-27,305,72,Smartphone,Eletrônicos,1,215.15,215.15,TX,Entrega atrasada
1670,2026-07-28,429,43,Smartphone,Eletrônicos,4,1689.63,6758.5,TX,Excelente produto!
1671,2026-07-29,477,59,Fone de ouvido,Acessórios,5,882.68,4413.4,NY,Atendimento excepcional.
1672,2026-07-30,286,19,Laptop,Eletrônicos,4,930.16,3720.63,NY,Entrega rápida!
1673,2026-07-31,144,57,Fone de ouvido,Acessórios,1,1703.2,1703.2,TX,Excelente produto!
1674,2026-08-01,424,25,Laptop,Eletrônicos,4,1261.79,5047.16,FL,Entrega rápida!
1675,2026-08-02,19,26,Laptop,Eletrônicos,4,399.84,1599.38,IL,Atendimento excepcional.
1676,2026-08-03,18,19,Tablet,Eletrônicos,5,461.48,2307.38,FL,Atendimento sem problema
1677,2026-08-04,769,31,Smartphone,Eletrônicos,3,62.44,187.31,TX,Atendimento sem problema
1678,2026-08-05,590,37,Smartphone,Eletrônicos,4,1435.81,5743.23,IL,Sem reclamações.
1679,2026-08-06,371,19,Smartphone,Eletrônicos,3,996.94,2990.83,NY,Entrega dentro do prazo previsto.
1680,2026-08-07,175,21,Laptop,Eletrônicos,2,1902.43,3804.86,CA,Atendimento excepcional.
1681,2026-08-08,194,52,Smartphone,Eletrônicos,4,1442.32,5769.3,CA,Excelente produto!
1682,2026-08-09,502,72,Tablet,Eletrônicos,3,251.15,753.44,IL,Produto ok.
1683,2026-08-10,988,31,Laptop,Eletrônicos,2,365.01,730.01,FL,Muito satisfeito com a compra.
1684,2026-08-11,113,38,Laptop,Eletrônicos,5,1028.36,5141.82,IL,Excelente produto!
1685,2026-08-12,114,65,Laptop,Eletrônicos,4,1853.5,7414.02,FL,Atendimento excepcional.
1686,2026-08-13,222,32,Laptop,Eletrônicos,5,532.14,2660.7,FL,Produto cumpre o que promete
1687,2026-08-14,678,56,Tablet,Eletrônicos,2,1659.88,3319.76,CA,Produto com ótimo custo-benefício.
1688,2026-08-15,947,67,Smartphone,Eletrônicos,5,658.93,3294.66,NY,Entrega rápida!
1689,2026-08-16,831,37,Tablet,Eletrônicos,5,576.3,2881.5,TX,Entrega rápida!
1690,2026-08-17,644,23,Smartphone,Eletrônicos,1,1807.72,1807.72,NY,Produto ok.
1691,2026-08-18,897,45,Tablet,Eletrônicos,2,142.12,284.24,TX,Entrega rápida!
1692,2026-08-19,264,70,Fone de ouvido,Acessórios,5,1338.45,6692.23,CA,Muito satisfeito com a compra.
1693,2026-08-20,925,65,Fone de ouvido,Acessórios,3,134.18,402.53,TX,Entrega dentro do prazo previsto.
1694,2026-08-21,55,60,Fone de ouvido,Acessórios,2,1611.49,3222.98,FL,Produto ok.
1695,2026-08-22,871,19,Fone de ouvido,Acessórios,1,1667.34,1667.34,IL,Entrega rápida!
1696,2026-08-23,643,45,Laptop,Eletrônicos,4,1792.05,7168.18,TX,Atendimento excepcional.
1697,2026-08-24,800,72,Laptop,Eletrônicos,5,412.88,2064.38,NY,Atendimento excepcional.
1698,2026-08-25,778,51,Tablet,Eletrônicos,3,292.77,878.31,CA,Arrependido da compra
1699,2026-08-26,458,31,Tablet,Eletrônicos,1,1031.89,1031.89,CA,Produto com ótimo custo-benefício.
1700,2026-08-27,979,26,Fone de ouvido,Acessórios,2,579.68,1159.37,IL,Produto com ótimo custo-benefício.
1701,2026-08-28,878,40,Smartphone,Eletrônicos,5,1232.28,6161.4,FL,Produto com ótimo custo-benefício.
1702,2026-08-29,162,61,Fone de ouvido,Acessórios,1,1051.81,1051.81,FL,Entrega dentro do prazo previsto.
1703,2026-08-30,380,52,Tablet,Eletrônicos,1,332.46,332.46,CA,Produto ok.
1704,2026-08-31,993,39,Fone de ouvido,Acessórios,3,1491.58,4474.73,FL,Entrega rápida!
1705,2026-09-01,87,22,Tablet,Eletrônicos,4,1617.38,6469.52,IL,Excelente produto!
1706,2026-09-02,55,77,Fone de ouvido,Acessórios,4,1927.93,7711.74,CA,Produto com defeito
1707,2026-09-03,476,58,Smartphone,Eletrônicos,4,821.3,3285.2,FL,Produto ok.
1708,2026-09-04,800,46,Fone de ouvido,Acessórios,2,708.58,1417.17,TX,Produto com defeito
1709,2026-09-05,178,52,Smartphone,Eletrônicos,1,424.91,424.91,TX,Produto cumpre o que promete
1710,2026-09-06,391,67,Smartphone,Eletrônicos,2,402.69,805.37,FL,Excelente produto!
1711,2026-09-07,349,51,Tablet,Eletrônicos,1,676.05,676.05,TX,Entrega rápida!
1712,2026-09-08,8,21,Smartphone,Eletrônicos,3,1964.54,5893.63,IL,Produto ok.
1713,2026-09-09,833,62,Laptop,Eletrônicos,3,229.9,689.71,NY,Atendimento excepcional.
1714,2026-09-10,313,66,Laptop,Eletrônicos,2,555.76,1111.53,IL,Entrega rápida!
1715,2026-09-11,759,26,Laptop,Eletrônicos,2,217.66,435.32,IL,Muito satisfeito com a compra.
1716,2026-09-12,835,68,Tablet,Eletrônicos,3,583.58,1750.74,FL,Entrega atrasada
1717,2026-09-13,984,31,Laptop,Eletrônicos,5,230.18,1150.91,IL,Atendimento excepcional.
1718,2026-09-14,983,62,Tablet,Eletrônicos,4,1041.2,4164.81,FL,Atendimento excepcional.
1719,2026-09-15,443,22,Tablet,Eletrônicos,4,904.79,3619.17,CA,Atendimento sem problema
1720,2026-09-16,767,67,Laptop,Eletrônicos,3,389.4,1168.19,FL,Sem reclamações.
1721,2026-09-17,328,73,Smartphone,Eletrônicos,4,390.88,1563.5,FL,Produto com defeito
1722,2026-09-18,54,64,Fone de ouvido,Acessórios,5,1270.91,6354.56,CA,Atendimento excepcional.
1723,2026-09-19,761,44,Tablet,Eletrônicos,5,804.89,4024.43,NY,Produto com ótimo custo-benefício.
1724,2026-09-20,239,28,Laptop,Eletrônicos,1,159.58,159.58,CA,Produto com ótimo custo-benefício.
1725,2026-09-21,229,47,Tablet,Eletrônicos,2,1844.38,3688.75,FL,Produto com defeito
1726,2026-09-22,579,68,Smartphone,Eletrônicos,4,839.66,3358.63,TX,Entrega rápida!
1727,2026-09-23,51,54,Smartphone,Eletrônicos,5,1202.54,6012.71,FL,Sem reclamações.
1728,2026-09-24,609,56,Laptop,Eletrônicos,2,1776.55,3553.11,CA,Excelente produto!
1729,2026-09-25,604,51,Tablet,Eletrônicos,2,834.21,1668.42,FL,Excelente produto!
1730,2026-09-26,264,68,Fone de ouvido,Acessórios,1,1650.29,1650.29,CA,Entrega rápida!
1731,2026-09-27,418,41,Fone de ouvido,Acessórios,2,1833.77,3667.53,IL,Entrega dentro do prazo previsto.
1732,2026-09-28,803,33,Tablet,Eletrônicos,2,389.43,778.86,NY,Péssimo atendimento
1733,2026-09-29,96,75,Tablet,Eletrônicos,3,1790.36,5371.08,NY,Entrega dentro do prazo previsto.
1734,2026-09-30,88,47,Tablet,Eletrônicos,1,283.67,283.67,CA,Entrega rápida!
1735,2026-10-01,78,41,Laptop,Eletrônicos,1,586.5,586.5,NY,Sem reclamações.
1736,2026-10-02,288,20,Smartphone,Eletrônicos,4,1626.01,6504.05,TX,Sem reclamações.
1737,2026-10-03,120,46,Fone de ouvido,Acessórios,2,1806.33,3612.67,TX,Muito satisfeito com a compra.
1738,2026-10-04,814,59,Laptop,Eletrônicos,4,1384.07,5536.28,NY,Produto com defeito
1739,2026-10-05,491,29,Tablet,Eletrônicos,5,254.41,1272.05,CA,Muito satisfeito com a compra.
1740,2026-10-06,912,72,Tablet,Eletrônicos,2,1069.83,2139.67,TX,Qualidade inferior ao anunciado
1741,2026-10-07,452,79,Smartphone,Eletrônicos,5,1166.64,5833.18,NY,Atendimento sem problema
1742,2026-10-08,500,44,Tablet,Eletrônicos,3,599.63,1798.88,FL,Muito satisfeito com a compra.
1743,2026-10-09,165,46,Laptop,Eletrônicos,2,1983.03,3966.05,TX,Excelente produto!
1744,2026-10-10,182,19,Laptop,Eletrônicos,4,704.47,2817.9,IL,Produto com ótimo custo-benefício.
1745,2026-10-11,469,74,Smartphone,Eletrônicos,4,460.0,1839.99,TX,Excelente produto!
1746,2026-10-12,910,78,Laptop,Eletrônicos,2,264.77,529.53,NY,Excelente produto!
1747,2026-10-13,735,46,Fone de ouvido,Acessórios,4,788.08,3152.31,NY,Atendimento sem problema
1748,2026-10-14,823,57,Laptop,Eletrônicos,2,1400.61,2801.21,NY,Produto com ótimo custo-benefício.
1749,2026-10-15,944,74,Laptop,Eletrônicos,1,501.26,501.26,CA,Produto com ótimo custo-benefício.
1750,2026-10-16,978,26,Laptop,Eletrônicos,4,1550.61,6202.44,CA,Arrependido da compra
1751,2026-10-17,7,72,Fone de ouvido,Acessórios,2,314.03,628.06,FL,Excelente produto!
1752,2026-10-18,330,69,Tablet,Eletrônicos,2,908.91,1817.82,FL,Atendimento sem problema
1753,2026-10-19,775,61,Laptop,Eletrônicos,4,1419.63,5678.52,TX,Entrega rápida!
1754,2026-10-20,673,45,Smartphone,Eletrônicos,1,313.85,313.85,NY,Sem reclamações.
1755,2026-10-21,151,54,Fone de ouvido,Acessórios,4,1215.79,4863.17,FL,Muito satisfeito com a compra.
1756,2026-10-22,85,40,Smartphone,Eletrônicos,2,1607.96,3215.91,NY,Entrega dentro do prazo previsto.
1757,2026-10-23,147,30,Laptop,Eletrônicos,1,1211.32,1211.32,TX,Produto ok.
1758,2026-10-24,624,22,Smartphone,Eletrônicos,5,1047.35,5236.77,CA,Produto com defeito
1759,2026-10-25,381,49,Laptop,Eletrônicos,3,1684.68,5054.05,FL,Muito satisfeito com a compra.
1760,2026-10-26,915,45,Fone de ouvido,Acessórios,4,1971.57,7886.28,IL,Atendimento excepcional.
1761,2026-10-27,548,75,Smartphone,Eletrônicos,2,403.56,807.12,IL,Entrega dentro do prazo previsto.
1762,2026-10-28,285,32,Smartphone,Eletrônicos,1,1398.13,1398.13,IL,Entrega rápida!
1763,2026-10-29,700,41,Laptop,Eletrônicos,1,207.28,207.28,IL,Muito satisfeito com a compra.
1764,2026-10-30,82,49,Laptop,Eletrônicos,5,133.54,667.7,IL,Produto com ótimo custo-benefício.
1765,2026-10-31,514,38,Tablet,Eletrônicos,4,597.6,2390.39,IL,Atendimento excepcional.
1766,2026-11-01,897,22,Laptop,Eletrônicos,1,1943.29,1943.29,IL,Excelente produto!
1767,2026-11-02,815,54,Laptop,Eletrônicos,5,1126.78,5633.91,FL,Excelente produto!
1768,2026-11-03,709,53,Tablet,Eletrônicos,2,573.13,1146.26,IL,Excelente produto!
1769,2026-11-04,916,76,Laptop,Eletrônicos,5,308.54,1542.71,IL,Excelente produto!
1770,2026-11-05,523,45,Laptop,Eletrônicos,4,1844.36,7377.43,TX,Entrega rápida!
1771,2026-11-06,746,49,Tablet,Eletrônicos,5,756.61,3783.07,FL,Entrega dentro do prazo previsto.
1772,2026-11-07,386,76,Fone de ouvido,Acessórios,1,648.06,648.06,TX,Arrependido da compra
1773,2026-11-08,707,77,Fone de ouvido,Acessórios,1,1723.03,1723.03,NY,Entrega rápida!
1774,2026-11-09,471,40,Laptop,Eletrônicos,3,1228.59,3685.76,IL,Atendimento sem problema
1775,2026-11-10,119,33,Laptop,Eletrônicos,5,378.84,1894.2,CA,Arrependido da compra
1776,2026-11-11,396,67,Tablet,Eletrônicos,2,871.95,1743.89,IL,Produto ok.
1777,2026-11-12,532,27,Tablet,Eletrônicos,4,1860.05,7440.2,IL,Produto com defeito
1778,2026-11-13,261,46,Fone de ouvido,Acessórios,3,1807.35,5422.04,TX,Entrega rápida!
1779,2026-11-14,805,69,Smartphone,Eletrônicos,5,186.71,933.57,NY,Entrega dentro do prazo previsto.
1780,2026-11-15,934,44,Laptop,Eletrônicos,2,573.8,1147.59,TX,Atendimento sem problema
1781,2026-11-16,256,52,Smartphone,Eletrônicos,3,351.35,1054.06,FL,Muito satisfeito com a compra.
1782,2026-11-17,734,59,Smartphone,Eletrônicos,1,1090.93,1090.93,NY,Produto ok.
1783,2026-11-18,905,62,Tablet,Eletrônicos,4,1512.47,6049.87,NY,Atendimento excepcional.
1784,2026-11-19,226,41,Laptop,Eletrônicos,5,626.31,3131.55,NY,Muito satisfeito com a compra.
1785,2026-11-20,53,40,Laptop,Eletrônicos,2,1528.09,3056.18,TX,Excelente produto!
1786,2026-11-21,940,20,Tablet,Eletrônicos,1,1354.0,1354.0,IL,Produto ok.
1787,2026-11-22,867,53,Smartphone,Eletrônicos,3,1470.03,4410.1,IL,Entrega dentro do prazo previsto.
1788,2026-11-23,500,62,Tablet,Eletrônicos,4,1899.08,7596.3,IL,Atendimento excepcional.
1789,2026-11-24,506,31,Fone de ouvido,Acessórios,3,877.99,2633.98,IL,Atendimento excepcional.
1790,2026-11-25,854,21,Laptop,Eletrônicos,3,718.01,2154.02,IL,Excelente produto!
1791,2026-11-26,364,61,Fone de ouvido,Acessórios,2,1383.5,2767.0,FL,Produto com ótimo custo-benefício.
1792,2026-11-27,280,65,Tablet,Eletrônicos,1,1624.74,1624.74,CA,Produto cumpre o que promete
1793,2026-11-28,593,59,Laptop,Eletrônicos,5,423.32,2116.59,NY,Sem reclamações.
1794,2026-11-29,714,72,Fone de ouvido,Acessórios,2,1701.26,3402.52,CA,Atendimento sem problema
1795,2026-11-30,158,49,Fone de ouvido,Acessórios,4,162.81,651.25,FL,Entrega atrasada
1796,2026-12-01,632,73,Smartphone,Eletrônicos,3,62.47,187.4,IL,Produto ok.
1797,2026-12-02,59,37,Laptop,Eletrônicos,4,358.93,1435.73,FL,Excelente produto!
1798,2026-12-03,727,73,Fone de ouvido,Acessórios,2,1958.4,3916.8,FL,Muito satisfeito com a compra.
1799,2026-12-04,128,34,Fone de ouvido,Acessórios,2,1070.95,2141.9,CA,Muito satisfeito com a compra.
1800,2026-12-05,736,46,Smartphone,Eletrônicos,5,140.81,704.03,NY,Entrega rápida!
1801,2026-12-06,721,74,Fone de ouvido,Acessórios,3,1994.49,5983.48,TX,Entrega dentro do prazo previsto.
1802,2026-12-07,882,56,Fone de ouvido,Acessórios,2,1502.58,3005.15,TX,Atendimento excepcional.
1803,2026-12-08,115,49,Fone de ouvido,Acessórios,4,1684.11,6736.44,NY,Atendimento sem problema
1804,2026-12-09,209,21,Smartphone,Eletrônicos,5,465.23,2326.17,IL,Excelente produto!
1805,2026-12-10,526,41,Fone de ouvido,Acessórios,4,255.63,1022.51,FL,Produto cumpre o que promete
1806,2026-12-11,521,61,Fone de ouvido,Acessórios,3,1054.42,3163.25,IL,Entrega rápida!
1807,2026-12-12,552,59,Laptop,Eletrônicos,5,1555.74,7778.71,FL,Muito satisfeito com a compra.
1808,2026-12-13,962,19,Laptop,Eletrônicos,5,1293.67,6468.36,TX,Produto cumpre o que promete
1809,2026-12-14,237,31,Smartphone,Eletrônicos,5,1280.57,6402.83,NY,Sem reclamações.
1810,2026-12-15,281,57,Tablet,Eletrônicos,1,1526.34,1526.34,CA,Atendimento sem problema
1811,2026-12-16,359,59,Laptop,Eletrônicos,5,492.69,2463.45,CA,Sem reclamações.
1812,2026-12-17,201,55,Smartphone,Eletrônicos,4,1339.96,5359.85,NY,Excelente produto!
1813,2026-12-18,758,72,Fone de ouvido,Acessórios,4,814.62,3258.46,TX,Produto com ótimo custo-benefício.
1814,2026-12-19,278,72,Fone de ouvido,Acessórios,3,186.02,558.06,FL,Sem reclamações.
1815,2026-12-20,235,51,Smartphone,Eletrônicos,2,444.18,888.36,CA,Atendimento excepcional.
1816,2026-12-21,494,63,Fone de ouvido,Acessórios,2,1598.31,3196.61,TX,Produto ok.
1817,2026-12-22,4,60,Fone de ouvido,Acessórios,1,1797.06,1797.06,NY,Excelente produto!
1818,2026-12-23,666,19,Tablet,Eletrônicos,5,601.5,3007.51,IL,Entrega rápida!
1819,2026-12-24,442,53,Fone de ouvido,Acessórios,1,421.2,421.2,TX,Entrega rápida!
1820,2026-12-25,29,23,Laptop,Eletrônicos,3,102.11,306.34,TX,Péssimo atendimento
1821,2026-12-26,109,53,Fone de ouvido,Acessórios,3,1898.01,5694.03,IL,Entrega dentro do prazo previsto.
1822,2026-12-27,610,39,Smartphone,Eletrônicos,2,1383.52,2767.03,TX,Sem reclamações.
1823,2026-12-28,727,22,Tablet,Eletrônicos,3,1916.21,5748.63,CA,Entrega rápida!
1824,2026-12-29,805,55,Fone de ouvido,Acessórios,5,1734.51,8672.53,CA,Excelente produto!
1825,2026-12-30,75,58,Smartphone,Eletrônicos,4,713.91,2855.64,CA,Péssimo atendimento
1826,2026-12-31,838,71,Laptop,Eletrônicos,3,269.73,809.2,TX,Muito satisfeito com a compra.
1827,2027-01-01,146,39,Fone de ouvido,Acessórios,1,1023.16,1023.16,TX,Excelente produto!
1828,2027-01-02,128,65,Tablet,Eletrônicos,5,102.29,511.43,TX,Excelente produto!
1829,2027-01-03,853,28,Fone de ouvido,Acessórios,3,342.34,1027.01,NY,Produto com ótimo custo-benefício.
1830,2027-01-04,42,60,Smartphone,Eletrônicos,3,505.19,1515.58,IL,Entrega rápida!
1831,2027-01-05,356,73,Tablet,Eletrônicos,5,1348.01,6740.05,TX,Sem reclamações.
1832,2027-01-06,41,48,Fone de ouvido,Acessórios,3,1044.26,3132.78,IL,Péssimo atendimento
1833,2027-01-07,934,70,Laptop,Eletrônicos,4,639.72,2558.87,FL,Atendimento excepcional.
1834,2027-01-08,34,70,Tablet,Eletrônicos,2,1151.3,2302.6,CA,Atendimento excepcional.
1835,2027-01-09,17,59,Laptop,Eletrônicos,5,294.15,1470.73,NY,Atendimento sem problema
1836,2027-01-10,677,46,Smartphone,Eletrônicos,1,1523.63,1523.63,IL,Muito satisfeito com a compra.
1837,2027-01-11,153,76,Fone de ouvido,Acessórios,3,1438.47,4315.41,CA,Produto com defeito
1838,2027-01-12,998,50,Laptop,Eletrônicos,2,472.18,944.36,NY,Produto com ótimo custo-benefício.
1839,2027-01-13,378,39,Smartphone,Eletrônicos,1,1232.46,1232.46,CA,Entrega rápida!
1840,2027-01-14,588,66,Fone de ouvido,Acessórios,1,1031.44,1031.44,TX,Produto ok.
1841,2027-01-15,599,44,Smartphone,Eletrônicos,4,168.59,674.37,TX,Produto cumpre o que promete
1842,2027-01-16,629,25,Laptop,Eletrônicos,2,592.4,1184.8,CA,Entrega rápida!
1843,2027-01-17,874,75,Smartphone,Eletrônicos,5,1998.99,9994.96,NY,Muito satisfeito com a compra.
1844,2027-01-18,342,65,Tablet,Eletrônicos,2,244.09,488.19,CA,Muito satisfeito com a compra.
1845,2027-01-19,981,74,Fone de ouvido,Acessórios,2,1037.5,2075.0,FL,Produto com ótimo custo-benefício.
1846,2027-01-20,27,23,Smartphone,Eletrônicos,1,1706.2,1706.2,NY,Muito satisfeito com a compra.
1847,2027-01-21,825,63,Laptop,Eletrônicos,4,636.27,2545.08,NY,Produto cumpre o que promete
1848,2027-01-22,287,42,Fone de ouvido,Acessórios,4,558.38,2233.53,CA,Produto com ótimo custo-benefício.
1849,2027-01-23,646,51,Tablet,Eletrônicos,2,1787.05,3574.09,IL,Produto com ótimo custo-benefício.
1850,2027-01-24,731,26,Fone de ouvido,Acessórios,2,644.42,1288.84,CA,Produto cumpre o que promete
1851,2027-01-25,168,53,Tablet,Eletrônicos,3,1320.41,3961.24,IL,Muito satisfeito com a compra.
1852,2027-01-26,610,48,Fone de ouvido,Acessórios,1,1493.61,1493.61,NY,Entrega dentro do prazo previsto.
1853,2027-01-27,268,36,Smartphone,Eletrônicos,5,1587.8,7939.02,TX,Atendimento sem problema
1854,2027-01-28,749,66,Smartphone,Eletrônicos,5,1989.78,9948.91,TX,Entrega rápida!
1855,2027-01-29,821,18,Laptop,Eletrônicos,4,1616.22,6464.9,CA,Entrega dentro do prazo previsto.
1856,2027-01-30,455,41,Tablet,Eletrônicos,1,1331.17,1331.17,IL,Entrega rápida!
1857,2027-01-31,906,51,Laptop,Eletrônicos,4,1796.15,7184.62,CA,Entrega dentro do prazo previsto.
1858,2027-02-01,685,34,Smartphone,Eletrônicos,5,1816.2,9081.01,FL,Produto cumpre o que promete
1859,2027-02-02,401,51,Tablet,Eletrônicos,2,1947.67,3895.35,CA,Produto ok.
1860,2027-02-03,922,52,Laptop,Eletrônicos,1,1564.11,1564.11,CA,Muito satisfeito com a compra.
1861,2027-02-04,981,53,Laptop,Eletrônicos,1,430.11,430.11,CA,Excelente produto!
1862,2027-02-05,476,30,Laptop,Eletrônicos,3,1434.12,4302.37,CA,Excelente produto!
1863,2027-02-06,702,76,Laptop,Eletrônicos,2,196.5,393.0,IL,Atendimento sem problema
1864,2027-02-07,634,42,Laptop,Eletrônicos,2,670.03,1340.06,IL,Produto com defeito
1865,2027-02-08,558,72,Tablet,Eletrônicos,4,275.82,1103.3,IL,Excelente produto!
1866,2027-02-09,576,29,Laptop,Eletrônicos,1,1902.39,1902.39,FL,Atendimento excepcional.
1867,2027-02-10,130,38,Tablet,Eletrônicos,4,710.57,2842.28,FL,Entrega dentro do prazo previsto.
1868,2027-02-11,822,54,Laptop,Eletrônicos,2,1440.77,2881.54,CA,Excelente produto!
1869,2027-02-12,363,63,Smartphone,Eletrônicos,3,1164.07,3492.21,IL,Excelente produto!
1870,2027-02-13,705,55,Smartphone,Eletrônicos,1,259.65,259.65,FL,Produto com ótimo custo-benefício.
1871,2027-02-14,819,18,Laptop,Eletrônicos,2,1144.62,2289.24,TX,Muito satisfeito com a compra.
1872,2027-02-15,693,65,Fone de ouvido,Acessórios,3,1339.0,4016.99,CA,Arrependido da compra
1873,2027-02-16,292,23,Smartphone,Eletrônicos,5,1768.96,8844.79,NY,Qualidade inferior ao anunciado
1874,2027-02-17,371,62,Tablet,Eletrônicos,2,186.67,373.33,IL,Muito satisfeito com a compra.
1875,2027-02-18,794,62,Laptop,Eletrônicos,5,626.49,3132.43,CA,Qualidade inferior ao anunciado
1876,2027-02-19,29,28,Tablet,Eletrônicos,4,1400.06,5600.26,CA,Atendimento excepcional.
1877,2027-02-20,149,33,Fone de ouvido,Acessórios,5,116.95,584.73,NY,Produto cumpre o que promete
1878,2027-02-21,779,39,Laptop,Eletrônicos,2,446.93,893.86,TX,Entrega rápida!
1879,2027-02-22,296,63,Smartphone,Eletrônicos,5,476.41,2382.04,FL,Sem reclamações.
1880,2027-02-23,11,28,Tablet,Eletrônicos,1,1355.19,1355.19,FL,Atendimento excepcional.
1881,2027-02-24,512,54,Smartphone,Eletrônicos,2,607.62,1215.25,NY,Atendimento excepcional.
1882,2027-02-25,676,43,Smartphone,Eletrônicos,3,1219.21,3657.63,NY,Produto com defeito
1883,2027-02-26,113,74,Laptop,Eletrônicos,5,1932.43,9662.15,FL,Muito satisfeito com a compra.
1884,2027-02-27,187,43,Tablet,Eletrônicos,1,1596.82,1596.82,TX,Arrependido da compra
1885,2027-02-28,807,59,Fone de ouvido,Acessórios,4,699.16,2796.64,TX,Excelente produto!
1886,2027-03-01,744,38,Smartphone,Eletrônicos,4,971.18,3884.72,CA,Atendimento excepcional.
1887,2027-03-02,227,74,Laptop,Eletrônicos,5,441.31,2206.57,NY,Produto cumpre o que promete
1888,2027-03-03,310,43,Laptop,Eletrônicos,4,80.65,322.62,NY,Atendimento excepcional.
1889,2027-03-04,98,32,Fone de ouvido,Acessórios,3,614.95,1844.84,NY,Atendimento excepcional.
1890,2027-03-05,55,56,Laptop,Eletrônicos,2,770.35,1540.69,FL,Produto com ótimo custo-benefício.
1891,2027-03-06,623,52,Smartphone,Eletrônicos,1,1150.52,1150.52,FL,Entrega rápida!
1892,2027-03-07,664,28,Laptop,Eletrônicos,5,1890.93,9454.65,FL,Entrega rápida!
1893,2027-03-08,758,26,Tablet,Eletrônicos,4,1898.31,7593.25,TX,Muito satisfeito com a compra.
1894,2027-03-09,406,59,Tablet,Eletrônicos,2,186.69,373.38,FL,Produto cumpre o que promete
1895,2027-03-10,69,40,Smartphone,Eletrônicos,3,1248.56,3745.68,CA,Sem reclamações.
1896,2027-03-11,312,21,Tablet,Eletrônicos,4,132.59,530.35,FL,Arrependido da compra
1897,2027-03-12,289,47,Fone de ouvido,Acessórios,4,1313.76,5255.03,TX,Sem reclamações.
1898,2027-03-13,762,45,Laptop,Eletrônicos,1,279.52,279.52,NY,Entrega rápida!
1899,2027-03-14,548,42,Smartphone,Eletrônicos,3,1895.49,5686.46,CA,Entrega rápida!
1900,2027-03-15,751,39,Fone de ouvido,Acessórios,3,1735.46,5206.38,TX,Entrega rápida!
1901,2027-03-16,148,42,Laptop,Eletrônicos,5,93.54,467.71,IL,Muito satisfeito com a compra.
1902,2027-03-17,467,69,Fone de ouvido,Acessórios,1,1575.16,1575.16,NY,Atendimento excepcional.
1903,2027-03-18,739,43,Smartphone,Eletrônicos,5,1290.0,6450.0,FL,Produto ok.
1904,2027-03-19,244,67,Smartphone,Eletrônicos,1,1015.97,1015.97,TX,Entrega dentro do prazo previsto.
1905,2027-03-20,491,46,Fone de ouvido,Acessórios,3,1225.14,3675.41,IL,Sem reclamações.
1906,2027-03-21,849,63,Laptop,Eletrônicos,1,1372.59,1372.59,TX,Excelente produto!
1907,2027-03-22,958,58,Tablet,Eletrônicos,1,1774.69,1774.69,FL,Entrega rápida!
1908,2027-03-23,507,49,Tablet,Eletrônicos,1,1546.35,1546.35,TX,Entrega dentro do prazo previsto.
1909,2027-03-24,365,43,Fone de ouvido,Acessórios,2,1171.99,2343.97,IL,Atendimento sem problema
1910,2027-03-25,482,45,Smartphone,Eletrônicos,2,1658.0,3316.0,TX,Entrega dentro do prazo previsto.
1911,2027-03-26,201,79,Laptop,Eletrônicos,3,1974.5,5923.5,CA,Excelente produto!
1912,2027-03-27,154,37,Laptop,Eletrônicos,1,635.35,635.35,CA,Produto ok.
1913,2027-03-28,450,65,Smartphone,Eletrônicos,3,280.92,842.76,FL,Produto cumpre o que promete
1914,2027-03-29,501,76,Tablet,Eletrônicos,2,1476.32,2952.65,IL,Excelente produto!
1915,2027-03-30,73,19,Laptop,Eletrônicos,1,1958.26,1958.26,IL,Muito satisfeito com a compra.
1916,2027-03-31,713,40,Fone de ouvido,Acessórios,5,277.58,1387.88,IL,Sem reclamações.
1917,2027-04-01,296,56,Tablet,Eletrônicos,2,891.83,1783.66,IL,Entrega rápida!
1918,2027-04-02,17,22,Fone de ouvido,Acessórios,2,171.42,342.84,IL,Produto cumpre o que promete
1919,2027-04-03,641,38,Tablet,Eletrônicos,2,1564.24,3128.47,NY,Entrega rápida!
1920,2027-04-04,217,73,Smartphone,Eletrônicos,1,1899.98,1899.98,TX,Atendimento excepcional.
1921,2027-04-05,61,39,Fone de ouvido,Acessórios,4,1023.04,4092.15,IL,Produto com ótimo custo-benefício.
1922,2027-04-06,939,66,Fone de ouvido,Acessórios,5,848.57,4242.83,CA,Atendimento excepcional.
1923,2027-04-07,616,28,Smartphone,Eletrônicos,5,1820.05,9100.26,TX,Produto com ótimo custo-benefício.
1924,2027-04-08,42,47,Fone de ouvido,Acessórios,3,310.11,930.32,FL,Atendimento sem problema
1925,2027-04-09,25,45,Tablet,Eletrônicos,1,1788.59,1788.59,FL,Entrega dentro do prazo previsto.
1926,2027-04-10,39,53,Laptop,Eletrônicos,2,814.65,1629.29,IL,Qualidade inferior ao anunciado
1927,2027-04-11,803,34,Laptop,Eletrônicos,4,1140.84,4563.37,NY,Atendimento excepcional.
1928,2027-04-12,131,38,Smartphone,Eletrônicos,1,1080.17,1080.17,NY,Entrega rápida!
1929,2027-04-13,498,54,Tablet,Eletrônicos,1,1251.16,1251.16,TX,Produto com ótimo custo-benefício.
1930,2027-04-14,229,53,Fone de ouvido,Acessórios,4,1887.14,7548.56,NY,Produto com ótimo custo-benefício.
1931,2027-04-15,108,42,Fone de ouvido,Acessórios,2,1904.7,3809.4,FL,Excelente produto!
1932,2027-04-16,172,41,Laptop,Eletrônicos,1,1670.74,1670.74,IL,Produto ok.
1933,2027-04-17,435,47,Fone de ouvido,Acessórios,5,423.51,2117.55,CA,Atendimento excepcional.
1934,2027-04-18,478,59,Laptop,Eletrônicos,5,700.36,3501.78,FL,Muito satisfeito com a compra.
1935,2027-04-19,102,79,Smartphone,Eletrônicos,4,1001.26,4005.03,FL,Excelente produto!
1936,2027-04-20,866,52,Fone de ouvido,Acessórios,2,1815.65,3631.3,TX,Produto com ótimo custo-benefício.
1937,2027-04-21,524,38,Tablet,Eletrônicos,4,1065.69,4262.75,NY,Entrega dentro do prazo previsto.
1938,2027-04-22,275,23,Fone de ouvido,Acessórios,1,1956.0,1956.0,CA,Sem reclamações.
1939,2027-04-23,613,38,Laptop,Eletrônicos,5,1968.49,9842.45,CA,Atendimento excepcional.
1940,2027-04-24,44,25,Smartphone,Eletrônicos,3,1217.24,3651.72,NY,Entrega dentro do prazo previsto.
1941,2027-04-25,955,22,Laptop,Eletrônicos,4,1761.12,7044.46,IL,Atendimento excepcional.
1942,2027-04-26,817,57,Fone de ouvido,Acessórios,3,1998.48,5995.45,NY,Entrega rápida!
1943,2027-04-27,957,27,Laptop,Eletrônicos,3,1706.95,5120.84,IL,Entrega rápida!
1944,2027-04-28,17,48,Laptop,Eletrônicos,5,1330.98,6654.88,CA,Sem reclamações.
1945,2027-04-29,330,75,Smartphone,Eletrônicos,4,1698.01,6792.04,TX,Atendimento excepcional.
1946,2027-04-30,569,47,Tablet,Eletrônicos,3,211.18,633.53,FL,Excelente produto!
1947,2027-05-01,823,68,Fone de ouvido,Acessórios,1,1287.9,1287.9,CA,Entrega rápida!
1948,2027-05-02,497,38,Smartphone,Eletrônicos,2,472.22,944.44,CA,Entrega rápida!
1949,2027-05-03,815,53,Tablet,Eletrônicos,2,276.32,552.65,CA,Produto ok.
1950,2027-05-04,12,78,Laptop,Eletrônicos,5,1791.1,8955.49,FL,Sem reclamações.
1951,2027-05-05,318,44,Tablet,Eletrônicos,4,1297.31,5189.23,IL,Sem reclamações.
1952,2027-05-06,592,55,Laptop,Eletrônicos,4,524.92,2099.66,TX,Qualidade inferior ao anunciado
1953,2027-05-07,216,52,Laptop,Eletrônicos,2,804.23,1608.45,TX,Atendimento sem problema
1954,2027-05-08,339,77,Smartphone,Eletrônicos,1,1947.89,1947.89,TX,Produto com ótimo custo-benefício.
1955,2027-05-09,776,49,Laptop,Eletrônicos,2,1731.26,3462.51,IL,Muito satisfeito com a compra.
1956,2027-05-10,991,43,Smartphone,Eletrônicos,2,80.38,160.77,NY,Muito satisfeito com a compra.
1957,2027-05-11,661,21,Tablet,Eletrônicos,4,1960.61,7842.45,NY,Excelente produto!
1958,2027-05-12,81,44,Tablet,Eletrônicos,3,768.63,2305.9,TX,Produto com ótimo custo-benefício.
1959,2027-05-13,727,53,Laptop,Eletrônicos,1,1406.07,1406.07,CA,Produto cumpre o que promete
1960,2027-05-14,485,54,Smartphone,Eletrônicos,4,1439.72,5758.88,CA,Muito satisfeito com a compra.
1961,2027-05-15,374,44,Laptop,Eletrônicos,2,1827.78,3655.57,FL,Sem reclamações.
1962,2027-05-16,976,64,Smartphone,Eletrônicos,3,1775.87,5327.61,NY,Muito satisfeito com a compra.
1963,2027-05-17,710,65,Smartphone,Eletrônicos,1,599.37,599.37,CA,Entrega rápida!
1964,2027-05-18,200,23,Smartphone,Eletrônicos,5,1304.89,6524.47,TX,Produto com ótimo custo-benefício.
1965,2027-05-19,537,35,Tablet,Eletrônicos,1,817.73,817.73,FL,Atendimento excepcional.
1966,2027-05-20,466,43,Smartphone,Eletrônicos,1,1074.81,1074.81,NY,Entrega rápida!
1967,2027-05-21,89,61,Tablet,Eletrônicos,2,1131.62,2263.25,FL,Entrega rápida!
1968,2027-05-22,268,41,Smartphone,Eletrônicos,2,822.87,1645.74,CA,Atendimento excepcional.
1969,2027-05-23,655,69,Tablet,Eletrônicos,5,954.59,4772.97,TX,Atendimento excepcional.
1970,2027-05-24,571,24,Fone de ouvido,Acessórios,5,456.27,2281.34,TX,Produto cumpre o que promete
1971,2027-05-25,922,72,Tablet,Eletrônicos,5,1234.91,6174.55,TX,Atendimento excepcional.
1972,2027-05-26,489,61,Tablet,Eletrônicos,4,1529.97,6119.89,CA,Produto cumpre o que promete
1973,2027-05-27,877,31,Laptop,Eletrônicos,4,888.0,3551.98,IL,Muito satisfeito com a compra.
1974,2027-05-28,538,30,Smartphone,Eletrônicos,2,1956.48,3912.95,TX,Atendimento excepcional.
1975,2027-05-29,47,43,Fone de ouvido,Acessórios,2,161.59,323.18,IL,Produto cumpre o que promete
1976,2027-05-30,288,60,Laptop,Eletrônicos,5,1198.86,5994.32,TX,Atendimento sem problema
1977,2027-05-31,778,60,Smartphone,Eletrônicos,4,1188.02,4752.09,IL,Sem reclamações.
1978,2027-06-01,16,19,Fone de ouvido,Acessórios,3,120.78,362.33,NY,Entrega rápida!
1979,2027-06-02,711,63,Fone de ouvido,Acessórios,4,487.91,1951.65,NY,Muito satisfeito com a compra.
1980,2027-06-03,401,64,Fone de ouvido,Acessórios,2,1815.81,3631.62,TX,Produto ok.
1981,2027-06-04,919,40,Smartphone,Eletrônicos,4,1111.8,4447.21,FL,Atendimento excepcional.
1982,2027-06-05,794,45,Fone de ouvido,Acessórios,2,900.95,1801.9,FL,Entrega atrasada
1983,2027-06-06,981,18,Fone de ouvido,Acessórios,5,860.22,4301.09,CA,Excelente produto!
1984,2027-06-07,86,49,Laptop,Eletrônicos,5,1781.91,8909.57,NY,Entrega rápida!
1985,2027-06-08,250,29,Tablet,Eletrônicos,5,765.71,3828.55,NY,Muito satisfeito com a compra.
1986,2027-06-09,391,63,Smartphone,Eletrônicos,3,1725.38,5176.13,FL,Produto ok.
1987,2027-06-10,782,67,Tablet,Eletrônicos,3,652.93,1958.78,TX,Atendimento excepcional.
1988,2027-06-11,335,70,Laptop,Eletrônicos,2,1086.43,2172.87,CA,Péssimo atendimento
1989,2027-06-12,629,73,Tablet,Eletrônicos,1,330.45,330.45,NY,Excelente produto!
1990,2027-06-13,519,77,Fone de ouvido,Acessórios,3,1658.81,4976.43,CA,Sem reclamações.
1991,2027-06-14,137,72,Fone de ouvido,Acessórios,2,1485.15,2970.3,NY,Excelente produto!
1992,2027-06-15,883,52,Smartphone,Eletrônicos,4,1083.68,4334.73,IL,Sem reclamações.
1993,2027-06-16,688,78,Smartphone,Eletrônicos,5,100.51,502.54,IL,Entrega rápida!
1994,2027-06-17,840,43,Smartphone,Eletrônicos,5,988.45,4942.26,CA,Sem reclamações.
1995,2027-06-18,498,48,Laptop,Eletrônicos,5,489.13,2445.67,FL,Excelente produto!
1996,2027-06-19,827,74,Smartphone,Eletrônicos,2,856.08,1712.16,FL,Excelente produto!
1997,2027-06-20,727,29,Laptop,Eletrônicos,5,1720.03,8600.16,NY,Entrega rápida!
1998,2027-06-21,477,46,Fone de ouvido,Acessórios,3,1550.73,4652.18,IL,Produto ok.
1999,2027-06-22,594,22,Tablet,Eletrônicos,4,521.81,2087.23,IL,Produto com ótimo custo-benefício.
2000,2027-06-23,223,52,Fone de ouvido,Acessórios,5,1970.66,9853.3,CA,Excelente produto!
2001,2027-06-24,990,24,Fone de ouvido,Acessórios,2,1811.26,3622.52,CA,Produto com ótimo custo-benefício.
2002,2027-06-25,372,33,Fone de ouvido,Acessórios,4,1080.91,4323.65,FL,Excelente produto!
2003,2027-06-26,935,49,Smartphone,Eletrônicos,5,1083.79,5418.97,FL,Produto ok.
2004,2027-06-27,995,69,Smartphone,Eletrônicos,1,1807.47,1807.47,FL,Entrega rápida!
2005,2027-06-28,402,34,Smartphone,Eletrônicos,5,1290.48,6452.41,TX,Produto com ótimo custo-benefício.
2006,2027-06-29,443,38,Tablet,Eletrônicos,3,1096.54,3289.63,IL,Entrega rápida!
2007,2027-06-30,490,44,Smartphone,Eletrônicos,4,1510.84,6043.36,IL,Produto com ótimo custo-benefício.
2008,2027-07-01,615,57,Laptop,Eletrônicos,3,508.44,1525.32,CA,Produto com ótimo custo-benefício.
2009,2027-07-02,273,64,Fone de ouvido,Acessórios,1,1762.84,1762.84,IL,Atendimento excepcional.
2010,2027-07-03,526,77,Tablet,Eletrônicos,1,1086.26,1086.26,CA,Produto com ótimo custo-benefício.
2011,2027-07-04,159,69,Tablet,Eletrônicos,3,1226.82,3680.47,TX,Entrega rápida!
2012,2027-07-05,152,32,Tablet,Eletrônicos,4,225.39,901.56,FL,Entrega dentro do prazo previsto.
2013,2027-07-06,995,40,Tablet,Eletrônicos,1,653.54,653.54,TX,Muito satisfeito com a compra.
2014,2027-07-07,620,25,Tablet,Eletrônicos,1,882.13,882.13,FL,Produto ok.
2015,2027-07-08,188,42,Laptop,Eletrônicos,5,857.12,4285.62,FL,Atendimento excepcional.
2016,2027-07-09,813,28,Fone de ouvido,Acessórios,2,1567.65,3135.31,CA,Produto ok.
2017,2027-07-10,98,74,Tablet,Eletrônicos,1,600.53,600.53,FL,Entrega rápida!
2018,2027-07-11,131,38,Fone de ouvido,Acessórios,4,405.11,1620.45,TX,Atendimento excepcional.
2019,2027-07-12,805,71,Smartphone,Eletrônicos,4,1186.1,4744.41,NY,Atendimento sem problema
2020,2027-07-13,171,72,Tablet,Eletrônicos,5,1249.28,6246.39,CA,Entrega dentro do prazo previsto.
2021,2027-07-14,936,27,Tablet,Eletrônicos,4,287.09,1148.35,FL,Entrega rápida!
2022,2027-07-15,986,67,Fone de ouvido,Acessórios,5,54.81,274.07,FL,Entrega rápida!
2023,2027-07-16,183,26,Tablet,Eletrônicos,1,1839.42,1839.42,IL,Entrega rápida!
2024,2027-07-17,983,65,Tablet,Eletrônicos,1,205.29,205.29,CA,Péssimo atendimento
2025,2027-07-18,364,18,Tablet,Eletrônicos,1,1800.84,1800.84,CA,Produto ok.
2026,2027-07-19,39,79,Laptop,Eletrônicos,1,828.47,828.47,TX,Excelente produto!
2027,2027-07-20,527,39,Laptop,Eletrônicos,2,1323.46,2646.92,NY,Atendimento sem problema
2028,2027-07-21,888,23,Tablet,Eletrônicos,2,411.95,823.9,TX,Entrega rápida!
2029,2027-07-22,497,47,Laptop,Eletrônicos,1,1656.64,1656.64,TX,Entrega dentro do prazo previsto.
2030,2027-07-23,516,72,Smartphone,Eletrônicos,4,401.38,1605.51,TX,Excelente produto!
2031,2027-07-24,349,51,Tablet,Eletrônicos,5,803.69,4018.46,NY,Produto com ótimo custo-benefício.
2032,2027-07-25,982,30,Smartphone,Eletrônicos,3,514.15,1542.45,TX,Muito satisfeito com a compra.
2033,2027-07-26,921,39,Fone de ouvido,Acessórios,5,1683.14,8415.68,CA,Péssimo atendimento
2034,2027-07-27,397,23,Smartphone,Eletrônicos,3,1723.75,5171.26,NY,Produto ok.
2035,2027-07-28,722,58,Fone de ouvido,Acessórios,3,775.46,2326.37,FL,Produto cumpre o que promete
2036,2027-07-29,161,63,Tablet,Eletrônicos,1,649.39,649.39,IL,Excelente produto!
2037,2027-07-30,16,41,Fone de ouvido,Acessórios,3,1558.45,4675.36,IL,Produto com ótimo custo-benefício.
2038,2027-07-31,493,38,Fone de ouvido,Acessórios,1,1763.1,1763.1,CA,Entrega rápida!
2039,2027-08-01,426,56,Smartphone,Eletrônicos,2,1266.84,2533.68,IL,Sem reclamações.
2040,2027-08-02,108,40,Smartphone,Eletrônicos,4,1858.44,7433.75,IL,Péssimo atendimento
2041,2027-08-03,894,22,Smartphone,Eletrônicos,3,796.94,2390.81,IL,Muito satisfeito com a compra.
2042,2027-08-04,450,24,Tablet,Eletrônicos,4,346.18,1384.71,FL,Entrega dentro do prazo previsto.
2043,2027-08-05,311,20,Tablet,Eletrônicos,1,400.3,400.3,IL,Produto ok.
2044,2027-08-06,739,72,Smartphone,Eletrônicos,3,1356.17,4068.52,TX,Produto com ótimo custo-benefício.
2045,2027-08-07,170,30,Tablet,Eletrônicos,5,844.68,4223.38,CA,Entrega rápida!
2046,2027-08-08,546,71,Tablet,Eletrônicos,2,354.81,709.63,CA,Muito satisfeito com a compra.
2047,2027-08-09,414,29,Fone de ouvido,Acessórios,2,619.84,1239.68,CA,Sem reclamações.
2048,2027-08-10,251,23,Fone de ouvido,Acessórios,3,1084.68,3254.04,FL,Sem reclamações.
2049,2027-08-11,759,51,Smartphone,Eletrônicos,2,286.82,573.64,FL,Produto ok.
2050,2027-08-12,781,32,Tablet,Eletrônicos,5,56.71,283.56,IL,Sem reclamações.
2051,2027-08-13,141,64,Fone de ouvido,Acessórios,4,1838.73,7354.92,TX,Excelente produto!
2052,2027-08-14,274,35,Laptop,Eletrônicos,5,644.48,3222.4,IL,Sem reclamações.
2053,2027-08-15,416,72,Tablet,Eletrônicos,2,481.92,963.84,CA,Produto cumpre o que promete
2054,2027-08-16,608,66,Laptop,Eletrônicos,4,1412.04,5648.15,TX,Produto cumpre o que promete
2055,2027-08-17,739,74,Smartphone,Eletrônicos,5,1714.14,8570.68,CA,Entrega rápida!
2056,2027-08-18,891,20,Tablet,Eletrônicos,1,1282.94,1282.94,TX,Entrega atrasada
2057,2027-08-19,39,39,Smartphone,Eletrônicos,1,546.24,546.24,NY,Atendimento sem problema
2058,2027-08-20,814,52,Smartphone,Eletrônicos,4,1730.19,6920.77,FL,Sem reclamações.
2059,2027-08-21,29,45,Smartphone,Eletrônicos,4,1045.33,4181.33,FL,Qualidade inferior ao anunciado
2060,2027-08-22,958,58,Smartphone,Eletrônicos,4,793.32,3173.29,CA,Excelente produto!
2061,2027-08-23,477,59,Smartphone,Eletrônicos,1,1229.22,1229.22,CA,Entrega dentro do prazo previsto.
2062,2027-08-24,318,29,Tablet,Eletrônicos,5,1416.19,7080.97,NY,Atendimento excepcional.
2063,2027-08-25,245,72,Laptop,Eletrônicos,4,1207.97,4831.87,IL,Excelente produto!
2064,2027-08-26,748,18,Tablet,Eletrônicos,1,1844.48,1844.48,TX,Produto cumpre o que promete
2065,2027-08-27,697,53,Tablet,Eletrônicos,4,1274.63,5098.54,NY,Excelente produto!
2066,2027-08-28,272,47,Tablet,Eletrônicos,4,1763.23,7052.93,NY,Entrega rápida!
2067,2027-08-29,440,70,Fone de ouvido,Acessórios,4,1194.57,4778.28,CA,Qualidade inferior ao anunciado
2068,2027-08-30,748,72,Fone de ouvido,Acessórios,1,692.88,692.88,CA,Muito satisfeito com a compra.
2069,2027-08-31,239,40,Tablet,Eletrônicos,5,1087.98,5439.89,IL,Entrega atrasada
2070,2027-09-01,377,54,Laptop,Eletrônicos,1,218.36,218.36,IL,Atendimento excepcional.
2071,2027-09-02,266,45,Tablet,Eletrônicos,1,498.84,498.84,CA,Produto com ótimo custo-benefício.
2072,2027-09-03,926,66,Smartphone,Eletrônicos,4,1544.15,6176.61,FL,Produto com ótimo custo-benefício.
2073,2027-09-04,921,70,Fone de ouvido,Acessórios,3,1339.88,4019.63,IL,Entrega dentro do prazo previsto.
2074,2027-09-05,359,22,Fone de ouvido,Acessórios,3,374.71,1124.13,NY,Excelente produto!
2075,2027-09-06,340,53,Tablet,Eletrônicos,3,904.13,2712.39,CA,Qualidade inferior ao anunciado
2076,2027-09-07,389,78,Tablet,Eletrônicos,1,326.88,326.88,TX,Produto cumpre o que promete
2077,2027-09-08,577,71,Laptop,Eletrônicos,4,1718.84,6875.38,TX,Atendimento sem problema
2078,2027-09-09,990,64,Laptop,Eletrônicos,3,262.88,788.64,FL,Muito satisfeito com a compra.
2079,2027-09-10,689,73,Smartphone,Eletrônicos,2,1325.76,2651.52,CA,Entrega rápida!
2080,2027-09-11,3,27,Tablet,Eletrônicos,2,1233.65,2467.3,NY,Qualidade inferior ao anunciado
2081,2027-09-12,429,22,Tablet,Eletrônicos,2,971.91,1943.83,FL,Produto com ótimo custo-benefício.
2082,2027-09-13,142,31,Tablet,Eletrônicos,5,592.56,2962.79,NY,Atendimento excepcional.
2083,2027-09-14,376,41,Fone de ouvido,Acessórios,4,837.72,3350.86,TX,Excelente produto!
2084,2027-09-15,670,45,Smartphone,Eletrônicos,1,1622.46,1622.46,NY,Produto com defeito
2085,2027-09-16,324,38,Laptop,Eletrônicos,1,1535.02,1535.02,TX,Muito satisfeito com a compra.
2086,2027-09-17,146,62,Fone de ouvido,Acessórios,4,1490.68,5962.71,IL,Excelente produto!
2087,2027-09-18,958,68,Fone de ouvido,Acessórios,5,1512.16,7560.78,TX,Atendimento sem problema
2088,2027-09-19,293,57,Fone de ouvido,Acessórios,4,330.58,1322.31,TX,Péssimo atendimento
2089,2027-09-20,665,29,Fone de ouvido,Acessórios,5,243.24,1216.19,FL,Excelente produto!
2090,2027-09-21,432,37,Smartphone,Eletrônicos,3,1729.92,5189.77,FL,Excelente produto!
2091,2027-09-22,705,79,Tablet,Eletrônicos,3,1682.49,5047.47,CA,Entrega rápida!
2092,2027-09-23,949,68,Laptop,Eletrônicos,5,1378.57,6892.85,CA,Excelente produto!
2093,2027-09-24,975,49,Laptop,Eletrônicos,4,1231.52,4926.06,TX,Excelente produto!
2094,2027-09-25,585,68,Fone de ouvido,Acessórios,3,765.4,2296.2,IL,Produto com ótimo custo-benefício.
2095,2027-09-26,399,55,Fone de ouvido,Acessórios,4,486.96,1947.84,CA,Excelente produto!
2096,2027-09-27,817,57,Smartphone,Eletrônicos,3,1351.93,4055.79,TX,Entrega rápida!
2097,2027-09-28,889,59,Fone de ouvido,Acessórios,4,1830.42,7321.67,FL,Entrega rápida!
2098,2027-09-29,344,38,Laptop,Eletrônicos,4,902.14,3608.57,CA,Entrega atrasada
2099,2027-09-30,964,34,Laptop,Eletrônicos,2,641.26,1282.53,CA,Excelente produto!
2100,2027-10-01,140,18,Tablet,Eletrônicos,5,577.95,2889.73,TX,Muito satisfeito com a compra.
2101,2027-10-02,187,68,Tablet,Eletrônicos,1,96.23,96.23,TX,Muito satisfeito com a compra.
2102,2027-10-03,805,61,Laptop,Eletrônicos,5,1064.62,5323.09,NY,Produto com ótimo custo-benefício.
2103,2027-10-04,61,45,Laptop,Eletrônicos,4,1977.06,7908.24,NY,Sem reclamações.
2104,2027-10-05,997,71,Smartphone,Eletrônicos,4,1639.71,6558.85,IL,Atendimento sem problema
2105,2027-10-06,939,19,Smartphone,Eletrônicos,5,1800.08,9000.38,CA,Produto com ótimo custo-benefício.
2106,2027-10-07,380,34,Laptop,Eletrônicos,4,1261.27,5045.08,NY,Entrega dentro do prazo previsto.
2107,2027-10-08,710,56,Fone de ouvido,Acessórios,3,988.82,2966.46,TX,Produto cumpre o que promete
2108,2027-10-09,807,31,Tablet,Eletrônicos,4,1981.39,7925.56,CA,Produto com ótimo custo-benefício.
2109,2027-10-10,440,31,Laptop,Eletrônicos,5,921.97,4609.83,NY,Excelente produto!
2110,2027-10-11,319,61,Fone de ouvido,Acessórios,5,1837.82,9189.1,IL,Entrega dentro do prazo previsto.
2111,2027-10-12,302,65,Laptop,Eletrônicos,5,1535.6,7677.99,IL,Produto com defeito
2112,2027-10-13,344,35,Tablet,Eletrônicos,2,695.41,1390.82,IL,Excelente produto!
2113,2027-10-14,11,57,Tablet,Eletrônicos,2,1030.97,2061.94,IL,Muito satisfeito com a compra.
2114,2027-10-15,62,51,Smartphone,Eletrônicos,2,799.44,1598.88,TX,Produto ok.
2115,2027-10-16,845,60,Smartphone,Eletrônicos,2,315.64,631.27,IL,Produto com ótimo custo-benefício.
2116,2027-10-17,226,18,Smartphone,Eletrônicos,2,745.69,1491.39,FL,Produto ok.
2117,2027-10-18,153,59,Smartphone,Eletrônicos,2,1783.5,3566.99,IL,Excelente produto!
2118,2027-10-19,711,35,Tablet,Eletrônicos,2,1517.64,3035.28,NY,Muito satisfeito com a compra.
2119,2027-10-20,564,65,Fone de ouvido,Acessórios,5,591.28,2956.42,CA,Excelente produto!
2120,2027-10-21,772,51,Fone de ouvido,Acessórios,1,767.43,767.43,NY,Atendimento sem problema
2121,2027-10-22,571,40,Fone de ouvido,Acessórios,2,1252.05,2504.09,CA,Produto com ótimo custo-benefício.
2122,2027-10-23,584,66,Laptop,Eletrônicos,5,861.47,4307.36,TX,Produto ok.
2123,2027-10-24,660,33,Smartphone,Eletrônicos,1,1030.94,1030.94,CA,Produto com ótimo custo-benefício.
2124,2027-10-25,861,36,Smartphone,Eletrônicos,2,1411.43,2822.86,FL,Produto com ótimo custo-benefício.
2125,2027-10-26,575,54,Tablet,Eletrônicos,1,961.14,961.14,IL,Muito satisfeito com a compra.
2126,2027-10-27,310,77,Tablet,Eletrônicos,1,422.39,422.39,NY,Entrega dentro do prazo previsto.
2127,2027-10-28,885,72,Laptop,Eletrônicos,3,1065.12,3195.36,CA,Entrega dentro do prazo previsto.
2128,2027-10-29,243,79,Laptop,Eletrônicos,4,744.43,2977.72,NY,Atendimento excepcional.
2129,2027-10-30,493,23,Fone de ouvido,Acessórios,3,616.93,1850.8,IL,Entrega rápida!
2130,2027-10-31,366,41,Tablet,Eletrônicos,1,689.81,689.81,TX,Produto ok.
2131,2027-11-01,330,34,Smartphone,Eletrônicos,5,906.05,4530.27,IL,Produto com ótimo custo-benefício.
2132,2027-11-02,107,65,Fone de ouvido,Acessórios,2,1778.9,3557.79,TX,Entrega rápida!
2133,2027-11-03,226,33,Smartphone,Eletrônicos,4,1481.41,5925.65,NY,Muito satisfeito com a compra.
2134,2027-11-04,825,56,Fone de ouvido,Acessórios,2,1352.37,2704.74,TX,Péssimo atendimento
2135,2027-11-05,218,65,Smartphone,Eletrônicos,5,968.96,4844.79,TX,Produto com defeito
2136,2027-11-06,937,58,Laptop,Eletrônicos,4,53.57,214.27,TX,Entrega rápida!
2137,2027-11-07,753,72,Fone de ouvido,Acessórios,3,714.07,2142.22,TX,Produto com ótimo custo-benefício.
2138,2027-11-08,506,23,Smartphone,Eletrônicos,1,1635.72,1635.72,TX,Sem reclamações.
2139,2027-11-09,259,33,Smartphone,Eletrônicos,5,806.93,4034.67,CA,Entrega rápida!
2140,2027-11-10,888,26,Tablet,Eletrônicos,1,1149.45,1149.45,TX,Produto com ótimo custo-benefício.
2141,2027-11-11,774,46,Fone de ouvido,Acessórios,1,449.24,449.24,TX,Entrega rápida!
2142,2027-11-12,517,21,Smartphone,Eletrônicos,2,1835.92,3671.85,IL,Excelente produto!
2143,2027-11-13,773,77,Tablet,Eletrônicos,5,1850.18,9250.91,IL,Produto cumpre o que promete
2144,2027-11-14,54,43,Smartphone,Eletrônicos,1,334.84,334.84,IL,Produto com ótimo custo-benefício.
2145,2027-11-15,47,71,Fone de ouvido,Acessórios,3,1462.11,4386.33,TX,Atendimento excepcional.
2146,2027-11-16,727,55,Laptop,Eletrônicos,4,196.72,786.86,IL,Atendimento excepcional.
2147,2027-11-17,689,79,Fone de ouvido,Acessórios,5,1217.17,6085.84,CA,Sem reclamações.
2148,2027-11-18,521,43,Fone de ouvido,Acessórios,2,398.37,796.75,NY,Atendimento sem problema
2149,2027-11-19,99,31,Smartphone,Eletrônicos,5,334.13,1670.63,IL,Muito satisfeito com a compra.
2150,2027-11-20,20,52,Smartphone,Eletrônicos,2,58.03,116.07,IL,Péssimo atendimento
2151,2027-11-21,890,72,Fone de ouvido,Acessórios,4,1884.67,7538.69,CA,Excelente produto!
2152,2027-11-22,753,66,Tablet,Eletrônicos,3,1667.04,5001.13,FL,Produto ok.
2153,2027-11-23,573,60,Tablet,Eletrônicos,1,201.08,201.08,FL,Entrega rápida!
2154,2027-11-24,891,41,Tablet,Eletrônicos,5,1218.78,6093.91,CA,Entrega rápida!
2155,2027-11-25,490,25,Smartphone,Eletrônicos,2,504.15,1008.3,IL,Produto com ótimo custo-benefício.
2156,2027-11-26,419,57,Smartphone,Eletrônicos,4,564.83,2259.32,NY,Excelente produto!
2157,2027-11-27,690,42,Fone de ouvido,Acessórios,1,1754.63,1754.63,IL,Produto cumpre o que promete
2158,2027-11-28,850,21,Laptop,Eletrônicos,4,272.94,1091.74,CA,Produto ok.
2159,2027-11-29,62,32,Smartphone,Eletrônicos,3,1222.91,3668.72,CA,Atendimento sem problema
2160,2027-11-30,145,33,Fone de ouvido,Acessórios,1,832.45,832.45,TX,Entrega rápida!
2161,2027-12-01,216,71,Fone de ouvido,Acessórios,1,422.06,422.06,CA,Entrega atrasada
2162,2027-12-02,3,28,Laptop,Eletrônicos,1,931.24,931.24,TX,Muito satisfeito com a compra.
2163,2027-12-03,160,45,Tablet,Eletrônicos,2,1883.95,3767.91,CA,Entrega dentro do prazo previsto.
2164,2027-12-04,739,24,Fone de ouvido,Acessórios,1,1574.14,1574.14,TX,Produto cumpre o que promete
2165,2027-12-05,998,67,Fone de ouvido,Acessórios,4,307.62,1230.47,TX,Produto com ótimo custo-benefício.
2166,2027-12-06,781,55,Fone de ouvido,Acessórios,2,1706.39,3412.78,IL,Entrega dentro do prazo previsto.
2167,2027-12-07,120,41,Tablet,Eletrônicos,1,1878.01,1878.01,TX,Entrega rápida!
2168,2027-12-08,893,48,Tablet,Eletrônicos,4,590.08,2360.32,FL,Atendimento excepcional.
2169,2027-12-09,89,21,Laptop,Eletrônicos,4,700.17,2800.67,CA,Entrega dentro do prazo previsto.
2170,2027-12-10,329,54,Smartphone,Eletrônicos,5,296.3,1481.52,NY,Atendimento excepcional.
2171,2027-12-11,580,73,Tablet,Eletrônicos,4,722.63,2890.53,CA,Entrega rápida!
2172,2027-12-12,910,52,Smartphone,Eletrônicos,3,1362.62,4087.87,IL,Atendimento excepcional.
2173,2027-12-13,357,23,Smartphone,Eletrônicos,1,580.7,580.7,IL,Entrega rápida!
2174,2027-12-14,610,63,Tablet,Eletrônicos,1,63.31,63.31,TX,Produto com ótimo custo-benefício.
2175,2027-12-15,267,50,Fone de ouvido,Acessórios,1,710.16,710.16,IL,Sem reclamações.
2176,2027-12-16,617,69,Laptop,Eletrônicos,4,933.69,3734.76,IL,Muito satisfeito com a compra.
2177,2027-12-17,952,49,Smartphone,Eletrônicos,4,1154.39,4617.58,CA,Produto ok.
2178,2027-12-18,323,63,Fone de ouvido,Acessórios,1,1383.46,1383.46,FL,Sem reclamações.
2179,2027-12-19,635,55,Tablet,Eletrônicos,2,170.48,340.96,FL,Atendimento excepcional.
2180,2027-12-20,988,52,Smartphone,Eletrônicos,2,966.02,1932.03,TX,Produto cumpre o que promete
2181,2027-12-21,541,34,Smartphone,Eletrônicos,3,569.41,1708.22,IL,Muito satisfeito com a compra.
2182,2027-12-22,649,71,Smartphone,Eletrônicos,5,1898.54,9492.7,IL,Atendimento excepcional.
2183,2027-12-23,195,49,Fone de ouvido,Acessórios,3,751.8,2255.41,FL,Produto com ótimo custo-benefício.
2184,2027-12-24,921,31,Fone de ouvido,Acessórios,1,245.24,245.24,TX,Atendimento excepcional.
2185,2027-12-25,738,36,Fone de ouvido,Acessórios,1,130.91,130.91,IL,Arrependido da compra
2186,2027-12-26,332,41,Smartphone,Eletrônicos,1,567.54,567.54,TX,Produto com ótimo custo-benefício.
2187,2027-12-27,170,56,Smartphone,Eletrônicos,5,398.81,1994.07,CA,Atendimento sem problema
2188,2027-12-28,521,28,Laptop,Eletrônicos,4,1317.11,5268.44,IL,Entrega dentro do prazo previsto.
2189,2027-12-29,463,24,Laptop,Eletrônicos,5,1701.58,8507.92,IL,Excelente produto!
2190,2027-12-30,40,62,Fone de ouvido,Acessórios,3,659.49,1978.47,IL,Péssimo atendimento
2191,2027-12-31,537,77,Fone de ouvido,Acessórios,4,1176.69,4706.77,FL,Entrega atrasada
2192,2028-01-01,261,41,Tablet,Eletrônicos,4,1474.1,5896.38,FL,Produto com defeito
2193,2028-01-02,395,72,Fone de ouvido,Acessórios,3,827.05,2481.15,IL,Entrega rápida!
2194,2028-01-03,955,70,Laptop,Eletrônicos,4,179.33,717.34,IL,Atendimento excepcional.
2195,2028-01-04,226,75,Laptop,Eletrônicos,2,496.91,993.82,CA,Produto com ótimo custo-benefício.
2196,2028-01-05,984,41,Laptop,Eletrônicos,3,1771.98,5315.93,CA,Entrega dentro do prazo previsto.
2197,2028-01-06,124,31,Smartphone,Eletrônicos,3,1657.74,4973.21,TX,Excelente produto!
2198,2028-01-07,975,41,Smartphone,Eletrônicos,2,218.74,437.48,TX,Produto ok.
2199,2028-01-08,38,28,Fone de ouvido,Acessórios,5,486.7,2433.5,FL,Produto ok.
2200,2028-01-09,328,25,Tablet,Eletrônicos,5,1549.87,7749.36,NY,Entrega rápida!
2201,2028-01-10,251,61,Tablet,Eletrônicos,5,997.5,4987.51,CA,Excelente produto!
2202,2028-01-11,901,32,Tablet,Eletrônicos,4,1531.94,6127.74,TX,Qualidade inferior ao anunciado
2203,2028-01-12,176,59,Smartphone,Eletrônicos,2,461.63,923.26,CA,Excelente produto!
2204,2028-01-13,602,71,Laptop,Eletrônicos,3,1907.76,5723.28,CA,Excelente produto!
2205,2028-01-14,914,19,Laptop,Eletrônicos,3,1578.03,4734.1,NY,Entrega rápida!
2206,2028-01-15,454,41,Smartphone,Eletrônicos,3,435.03,1305.1,CA,Atendimento excepcional.
2207,2028-01-16,37,62,Tablet,Eletrônicos,4,1138.98,4555.9,NY,Entrega rápida!
2208,2028-01-17,316,27,Tablet,Eletrônicos,4,270.54,1082.16,NY,Entrega rápida!
2209,2028-01-18,688,49,Fone de ouvido,Acessórios,5,754.8,3773.99,CA,Muito satisfeito com a compra.
2210,2028-01-19,973,34,Fone de ouvido,Acessórios,4,1336.26,5345.05,CA,Atendimento excepcional.
2211,2028-01-20,796,74,Tablet,Eletrônicos,5,693.75,3468.74,TX,Entrega rápida!
2212,2028-01-21,965,74,Smartphone,Eletrônicos,5,1330.68,6653.39,CA,Muito satisfeito com a compra.
2213,2028-01-22,973,71,Tablet,Eletrônicos,3,527.32,1581.96,CA,Entrega dentro do prazo previsto.
2214,2028-01-23,593,27,Fone de ouvido,Acessórios,4,1456.35,5825.41,CA,Muito satisfeito com a compra.
2215,2028-01-24,114,39,Tablet,Eletrônicos,5,751.2,3756.0,TX,Produto com ótimo custo-benefício.
2216,2028-01-25,40,23,Smartphone,Eletrônicos,2,1591.44,3182.88,NY,Produto ok.
2217,2028-01-26,301,44,Laptop,Eletrônicos,2,316.55,633.09,TX,Excelente produto!
2218,2028-01-27,224,37,Smartphone,Eletrônicos,4,755.86,3023.43,CA,Entrega rápida!
2219,2028-01-28,318,18,Smartphone,Eletrônicos,3,954.67,2864.0,IL,Sem reclamações.
2220,2028-01-29,349,34,Fone de ouvido,Acessórios,3,876.5,2629.5,CA,Produto com ótimo custo-benefício.
2221,2028-01-30,115,18,Smartphone,Eletrônicos,5,894.53,4472.67,TX,Produto ok.
2222,2028-01-31,698,54,Smartphone,Eletrônicos,4,917.37,3669.47,TX,Entrega dentro do prazo previsto.
2223,2028-02-01,323,78,Fone de ouvido,Acessórios,2,1978.17,3956.33,FL,Entrega rápida!
2224,2028-02-02,568,32,Fone de ouvido,Acessórios,5,426.66,2133.28,IL,Muito satisfeito com a compra.
2225,2028-02-03,40,72,Laptop,Eletrônicos,5,1548.89,7744.47,TX,Atendimento excepcional.
2226,2028-02-04,866,18,Tablet,Eletrônicos,1,1125.99,1125.99,NY,Entrega rápida!
2227,2028-02-05,40,34,Smartphone,Eletrônicos,4,856.58,3426.3,CA,Atendimento sem problema
2228,2028-02-06,859,63,Fone de ouvido,Acessórios,5,1285.38,6426.9,NY,Produto com ótimo custo-benefício.
2229,2028-02-07,973,62,Laptop,Eletrônicos,2,1714.39,3428.77,TX,Atendimento excepcional.
2230,2028-02-08,749,77,Tablet,Eletrônicos,1,959.94,959.94,TX,Produto com ótimo custo-benefício.
2231,2028-02-09,289,60,Fone de ouvido,Acessórios,2,1736.36,3472.73,NY,Muito satisfeito com a compra.
2232,2028-02-10,262,61,Tablet,Eletrônicos,3,232.91,698.72,NY,Entrega rápida!
2233,2028-02-11,216,55,Tablet,Eletrônicos,1,1323.51,1323.51,FL,Muito satisfeito com a compra.
2234,2028-02-12,147,60,Smartphone,Eletrônicos,1,699.7,699.7,CA,Produto cumpre o que promete
2235,2028-02-13,336,19,Smartphone,Eletrônicos,5,804.09,4020.47,NY,Atendimento excepcional.
2236,2028-02-14,168,35,Fone de ouvido,Acessórios,3,1163.49,3490.47,CA,Muito satisfeito com a compra.
2237,2028-02-15,92,29,Tablet,Eletrônicos,5,985.84,4929.19,IL,Excelente produto!
2238,2028-02-16,353,46,Fone de ouvido,Acessórios,4,794.47,3177.88,TX,Atendimento excepcional.
2239,2028-02-17,571,40,Fone de ouvido,Acessórios,2,651.23,1302.46,NY,Entrega rápida!
2240,2028-02-18,571,64,Tablet,Eletrônicos,2,1255.71,2511.43,IL,Atendimento excepcional.
2241,2028-02-19,816,26,Fone de ouvido,Acessórios,5,1035.88,5179.4,TX,Muito satisfeito com a compra.
2242,2028-02-20,681,25,Tablet,Eletrônicos,2,680.45,1360.91,FL,Muito satisfeito com a compra.
2243,2028-02-21,781,67,Tablet,Eletrônicos,2,449.67,899.35,TX,Produto com ótimo custo-benefício.
2244,2028-02-22,363,33,Tablet,Eletrônicos,4,1560.21,6240.85,NY,Produto ok.
2245,2028-02-23,557,79,Tablet,Eletrônicos,3,1609.44,4828.33,IL,Muito satisfeito com a compra.
2246,2028-02-24,345,40,Laptop,Eletrônicos,1,466.89,466.89,IL,Atendimento sem problema
2247,2028-02-25,693,70,Tablet,Eletrônicos,5,560.22,2801.08,IL,Produto com ótimo custo-benefício.
2248,2028-02-26,170,46,Smartphone,Eletrônicos,5,516.33,2581.64,TX,Entrega dentro do prazo previsto.
2249,2028-02-27,356,76,Smartphone,Eletrônicos,4,1774.91,7099.64,CA,Produto com ótimo custo-benefício.
2250,2028-02-28,191,27,Smartphone,Eletrônicos,4,1559.55,6238.22,CA,Excelente produto!
2251,2028-02-29,667,29,Tablet,Eletrônicos,1,195.42,195.42,TX,Entrega dentro do prazo previsto.
2252,2028-03-01,422,79,Smartphone,Eletrônicos,3,1673.7,5021.1,NY,Sem reclamações.
2253,2028-03-02,700,78,Laptop,Eletrônicos,5,121.86,609.31,TX,Qualidade inferior ao anunciado
2254,2028-03-03,7,69,Fone de ouvido,Acessórios,4,543.74,2174.96,CA,Produto com ótimo custo-benefício.
2255,2028-03-04,133,29,Tablet,Eletrônicos,5,1842.03,9210.17,TX,Atendimento excepcional.
2256,2028-03-05,747,47,Smartphone,Eletrônicos,2,1735.45,3470.89,IL,Excelente produto!
2257,2028-03-06,557,27,Laptop,Eletrônicos,5,1573.8,7868.99,NY,Produto ok.
2258,2028-03-07,826,31,Fone de ouvido,Acessórios,3,942.22,2826.65,NY,Arrependido da compra
2259,2028-03-08,761,21,Laptop,Eletrônicos,3,676.76,2030.27,FL,Excelente produto!
2260,2028-03-09,31,64,Smartphone,Eletrônicos,5,1769.01,8845.07,TX,Entrega dentro do prazo previsto.
2261,2028-03-10,535,37,Laptop,Eletrônicos,2,1331.29,2662.59,IL,Produto com ótimo custo-benefício.
2262,2028-03-11,426,58,Fone de ouvido,Acessórios,3,626.24,1878.73,TX,Atendimento excepcional.
2263,2028-03-12,394,56,Smartphone,Eletrônicos,4,953.23,3812.93,FL,Muito satisfeito com a compra.
2264,2028-03-13,672,24,Fone de ouvido,Acessórios,5,1768.93,8844.63,FL,Excelente produto!
2265,2028-03-14,363,47,Laptop,Eletrônicos,2,1811.74,3623.48,TX,Muito satisfeito com a compra.
2266,2028-03-15,437,69,Tablet,Eletrônicos,4,1335.64,5342.56,TX,Atendimento excepcional.
2267,2028-03-16,670,58,Tablet,Eletrônicos,5,1478.48,7392.42,TX,Atendimento excepcional.
2268,2028-03-17,551,41,Tablet,Eletrônicos,2,126.63,253.26,CA,Entrega rápida!
2269,2028-03-18,927,27,Tablet,Eletrônicos,4,1228.97,4915.88,FL,Produto cumpre o que promete
2270,2028-03-19,82,69,Fone de ouvido,Acessórios,3,1393.54,4180.61,NY,Atendimento excepcional.
2271,2028-03-20,356,62,Tablet,Eletrônicos,5,89.74,448.68,CA,Excelente produto!
2272,2028-03-21,258,55,Fone de ouvido,Acessórios,5,1695.53,8477.63,IL,Muito satisfeito com a compra.
2273,2028-03-22,718,53,Smartphone,Eletrônicos,3,1860.16,5580.47,NY,Produto ok.
2274,2028-03-23,589,34,Tablet,Eletrônicos,1,513.98,513.98,NY,Excelente produto!
2275,2028-03-24,989,38,Fone de ouvido,Acessórios,4,1699.3,6797.21,NY,Arrependido da compra
2276,2028-03-25,524,75,Tablet,Eletrônicos,3,1347.75,4043.25,FL,Produto com ótimo custo-benefício.
2277,2028-03-26,295,63,Tablet,Eletrônicos,5,1182.36,5911.78,IL,Entrega rápida!
2278,2028-03-27,962,76,Tablet,Eletrônicos,4,1694.1,6776.38,CA,Entrega rápida!
2279,2028-03-28,224,20,Fone de ouvido,Acessórios,4,606.94,2427.76,IL,Atendimento excepcional.
2280,2028-03-29,525,18,Laptop,Eletrônicos,1,1592.17,1592.17,CA,Entrega rápida!
2281,2028-03-30,46,35,Tablet,Eletrônicos,5,663.32,3316.58,FL,Entrega rápida!
2282,2028-03-31,667,19,Tablet,Eletrônicos,2,1585.54,3171.08,IL,Atendimento excepcional.
2283,2028-04-01,113,57,Smartphone,Eletrônicos,1,929.56,929.56,NY,Muito satisfeito com a compra.
2284,2028-04-02,233,65,Laptop,Eletrônicos,1,278.04,278.04,IL,Produto cumpre o que promete
2285,2028-04-03,17,21,Fone de ouvido,Acessórios,2,793.96,1587.93,FL,Produto cumpre o que promete
2286,2028-04-04,360,49,Smartphone,Eletrônicos,2,505.31,1010.62,FL,Muito satisfeito com a compra.
2287,2028-04-05,223,36,Tablet,Eletrônicos,1,246.04,246.04,FL,Atendimento excepcional.
2288,2028-04-06,866,37,Smartphone,Eletrônicos,4,265.06,1060.24,CA,Produto com ótimo custo-benefício.
2289,2028-04-07,700,59,Smartphone,Eletrônicos,3,1571.14,4713.42,IL,Entrega rápida!
2290,2028-04-08,448,66,Tablet,Eletrônicos,3,1768.73,5306.18,NY,Produto cumpre o que promete
2291,2028-04-09,856,66,Laptop,Eletrônicos,1,1857.9,1857.9,NY,Produto ok.
2292,2028-04-10,365,70,Laptop,Eletrônicos,4,1715.2,6860.78,TX,Entrega rápida!
2293,2028-04-11,675,24,Smartphone,Eletrônicos,2,1668.94,3337.87,FL,Produto com ótimo custo-benefício.
2294,2028-04-12,326,26,Tablet,Eletrônicos,1,184.23,184.23,NY,Produto com ótimo custo-benefício.
2295,2028-04-13,467,24,Fone de ouvido,Acessórios,5,1590.74,7953.71,FL,Produto cumpre o que promete
2296,2028-04-14,414,44,Smartphone,Eletrônicos,4,1577.4,6309.6,NY,Muito satisfeito com a compra.
2297,2028-04-15,455,38,Fone de ouvido,Acessórios,5,306.02,1530.08,IL,Produto com defeito
2298,2028-04-16,586,52,Smartphone,Eletrônicos,5,1340.92,6704.59,TX,Péssimo atendimento
2299,2028-04-17,233,41,Smartphone,Eletrônicos,1,932.39,932.39,FL,Sem reclamações.
2300,2028-04-18,224,49,Tablet,Eletrônicos,4,1805.03,7220.11,CA,Produto com ótimo custo-benefício.
2301,2028-04-19,994,29,Tablet,Eletrônicos,5,1406.05,7030.23,CA,Entrega rápida!
2302,2028-04-20,831,40,Fone de ouvido,Acessórios,4,1904.43,7617.7,NY,Produto com ótimo custo-benefício.
2303,2028-04-21,412,53,Fone de ouvido,Acessórios,3,254.6,763.8,IL,Péssimo atendimento
2304,2028-04-22,572,66,Laptop,Eletrônicos,5,129.18,645.92,FL,Muito satisfeito com a compra.
2305,2028-04-23,335,46,Tablet,Eletrônicos,5,1948.48,9742.4,TX,Produto cumpre o que promete
2306,2028-04-24,222,20,Smartphone,Eletrônicos,4,206.37,825.5,IL,Arrependido da compra
2307,2028-04-25,37,60,Smartphone,Eletrônicos,3,803.08,2409.25,NY,Produto ok.
2308,2028-04-26,989,25,Laptop,Eletrônicos,5,1317.44,6587.21,IL,Produto com ótimo custo-benefício.
2309,2028-04-27,278,51,Tablet,Eletrônicos,1,1766.11,1766.11,TX,Atendimento excepcional.
2310,2028-04-28,196,74,Smartphone,Eletrônicos,4,546.43,2185.7,IL,Muito satisfeito com a compra.
2311,2028-04-29,916,31,Laptop,Eletrônicos,4,106.66,426.65,FL,Atendimento excepcional.
2312,2028-04-30,864,53,Laptop,Eletrônicos,5,1066.51,5332.55,NY,Entrega atrasada
2313,2028-05-01,484,65,Smartphone,Eletrônicos,3,968.67,2906.01,TX,Entrega atrasada
2314,2028-05-02,242,63,Smartphone,Eletrônicos,5,648.44,3242.21,NY,Muito satisfeito com a compra.
2315,2028-05-03,324,49,Fone de ouvido,Acessórios,2,1754.1,3508.21,FL,Produto com ótimo custo-benefício.
2316,2028-05-04,731,24,Tablet,Eletrônicos,5,1511.18,7555.89,TX,Atendimento excepcional.
2317,2028-05-05,192,27,Fone de ouvido,Acessórios,2,1723.33,3446.65,TX,Entrega rápida!
2318,2028-05-06,17,29,Laptop,Eletrônicos,1,365.53,365.53,NY,Excelente produto!
2319,2028-05-07,524,72,Smartphone,Eletrônicos,4,1400.2,5600.81,IL,Entrega rápida!
2320,2028-05-08,918,77,Fone de ouvido,Acessórios,4,1951.45,7805.79,IL,Arrependido da compra
2321,2028-05-09,401,57,Laptop,Eletrônicos,3,1243.23,3729.7,CA,Qualidade inferior ao anunciado
2322,2028-05-10,906,40,Tablet,Eletrônicos,5,384.16,1920.8,CA,Excelente produto!
2323,2028-05-11,886,28,Smartphone,Eletrônicos,1,1991.77,1991.77,TX,Produto cumpre o que promete
2324,2028-05-12,705,69,Fone de ouvido,Acessórios,2,1080.23,2160.46,NY,Atendimento excepcional.
2325,2028-05-13,22,30,Tablet,Eletrônicos,3,1688.12,5064.35,TX,Sem reclamações.
2326,2028-05-14,474,29,Fone de ouvido,Acessórios,1,341.25,341.25,NY,Excelente produto!
2327,2028-05-15,120,24,Laptop,Eletrônicos,1,1348.89,1348.89,FL,Excelente produto!
2328,2028-05-16,210,70,Tablet,Eletrônicos,2,1829.6,3659.21,CA,Excelente produto!
2329,2028-05-17,306,61,Fone de ouvido,Acessórios,2,1087.43,2174.87,TX,Muito satisfeito com a compra.
2330,2028-05-18,270,27,Tablet,Eletrônicos,4,612.89,2451.55,FL,Sem reclamações.
2331,2028-05-19,704,24,Laptop,Eletrônicos,5,298.47,1492.36,IL,Péssimo atendimento
2332,2028-05-20,687,68,Tablet,Eletrônicos,3,627.09,1881.28,CA,Entrega dentro do prazo previsto.
2333,2028-05-21,285,75,Fone de ouvido,Acessórios,5,742.02,3710.12,NY,Atendimento sem problema
2334,2028-05-22,716,44,Laptop,Eletrônicos,3,1434.41,4303.24,IL,Atendimento excepcional.
2335,2028-05-23,676,24,Smartphone,Eletrônicos,1,398.31,398.31,IL,Excelente produto!
2336,2028-05-24,763,72,Fone de ouvido,Acessórios,2,256.9,513.81,FL,Entrega dentro do prazo previsto.
2337,2028-05-25,227,67,Fone de ouvido,Acessórios,2,804.53,1609.06,TX,Produto com ótimo custo-benefício.
2338,2028-05-26,948,41,Laptop,Eletrônicos,1,944.37,944.37,TX,Excelente produto!
2339,2028-05-27,381,40,Laptop,Eletrônicos,1,1275.35,1275.35,FL,Sem reclamações.
2340,2028-05-28,460,42,Smartphone,Eletrônicos,3,1429.69,4289.06,IL,Entrega rápida!
2341,2028-05-29,7,61,Fone de ouvido,Acessórios,1,1784.09,1784.09,CA,Muito satisfeito com a compra.
2342,2028-05-30,29,53,Laptop,Eletrônicos,3,613.46,1840.38,IL,Produto com ótimo custo-benefício.
2343,2028-05-31,907,74,Smartphone,Eletrônicos,5,1080.79,5403.93,FL,Produto com ótimo custo-benefício.
2344,2028-06-01,33,50,Smartphone,Eletrônicos,2,763.78,1527.56,IL,Produto ok.
2345,2028-06-02,646,54,Laptop,Eletrônicos,2,52.77,105.54,IL,Sem reclamações.
2346,2028-06-03,879,59,Fone de ouvido,Acessórios,2,1179.89,2359.78,IL,Atendimento excepcional.
2347,2028-06-04,79,56,Tablet,Eletrônicos,5,1640.8,8204.01,IL,Péssimo atendimento
2348,2028-06-05,928,69,Tablet,Eletrônicos,5,121.06,605.28,CA,Sem reclamações.
2349,2028-06-06,947,78,Smartphone,Eletrônicos,4,56.81,227.24,NY,Produto com ótimo custo-benefício.
2350,2028-06-07,459,24,Tablet,Eletrônicos,3,1469.25,4407.74,NY,Entrega dentro do prazo previsto.
2351,2028-06-08,570,47,Tablet,Eletrônicos,3,1383.53,4150.58,TX,Muito satisfeito com a compra.
2352,2028-06-09,983,77,Laptop,Eletrônicos,4,841.41,3365.65,NY,Produto ok.
2353,2028-06-10,538,48,Smartphone,Eletrônicos,2,1340.13,2680.26,NY,Produto cumpre o que promete
2354,2028-06-11,482,74,Fone de ouvido,Acessórios,3,1909.1,5727.31,NY,Excelente produto!
2355,2028-06-12,430,62,Smartphone,Eletrônicos,3,533.33,1600.0,IL,Entrega dentro do prazo previsto.
2356,2028-06-13,738,63,Laptop,Eletrônicos,2,529.56,1059.11,IL,Produto cumpre o que promete
2357,2028-06-14,285,54,Tablet,Eletrônicos,1,413.15,413.15,CA,Atendimento excepcional.
2358,2028-06-15,516,38,Fone de ouvido,Acessórios,1,1461.77,1461.77,IL,Atendimento excepcional.
2359,2028-06-16,977,51,Smartphone,Eletrônicos,4,738.72,2954.88,IL,Excelente produto!
2360,2028-06-17,99,63,Tablet,Eletrônicos,5,1977.95,9889.76,NY,Produto com ótimo custo-benefício.
2361,2028-06-18,397,38,Smartphone,Eletrônicos,3,1443.57,4330.7,CA,Excelente produto!
2362,2028-06-19,489,57,Fone de ouvido,Acessórios,3,766.38,2299.15,CA,Produto com ótimo custo-benefício.
2363,2028-06-20,39,37,Smartphone,Eletrônicos,4,340.91,1363.65,NY,Muito satisfeito com a compra.
2364,2028-06-21,271,51,Smartphone,Eletrônicos,4,1204.45,4817.79,NY,Atendimento excepcional.
2365,2028-06-22,887,25,Smartphone,Eletrônicos,3,625.06,1875.18,CA,Produto ok.
2366,2028-06-23,797,49,Tablet,Eletrônicos,2,1815.74,3631.49,FL,Entrega atrasada
2367,2028-06-24,157,69,Fone de ouvido,Acessórios,2,910.74,1821.48,NY,Entrega atrasada
2368,2028-06-25,75,47,Fone de ouvido,Acessórios,5,620.67,3103.34,NY,Produto com ótimo custo-benefício.
2369,2028-06-26,884,46,Tablet,Eletrônicos,3,1197.68,3593.03,CA,Atendimento sem problema
2370,2028-06-27,800,22,Tablet,Eletrônicos,3,317.1,951.3,FL,Péssimo atendimento
2371,2028-06-28,130,47,Tablet,Eletrônicos,3,1145.02,3435.06,FL,Arrependido da compra
2372,2028-06-29,687,29,Laptop,Eletrônicos,3,159.42,478.25,TX,Entrega dentro do prazo previsto.
2373,2028-06-30,974,56,Smartphone,Eletrônicos,4,1233.43,4933.73,FL,Produto ok.
2374,2028-07-01,84,44,Smartphone,Eletrônicos,1,1083.82,1083.82,NY,Excelente produto!
2375,2028-07-02,22,70,Fone de ouvido,Acessórios,3,1065.49,3196.48,IL,Produto com ótimo custo-benefício.
2376,2028-07-03,459,30,Smartphone,Eletrônicos,1,1384.12,1384.12,CA,Produto com ótimo custo-benefício.
2377,2028-07-04,539,64,Laptop,Eletrônicos,2,136.69,273.38,NY,Entrega rápida!
2378,2028-07-05,707,27,Tablet,Eletrônicos,5,946.48,4732.38,CA,Qualidade inferior ao anunciado
2379,2028-07-06,849,53,Fone de ouvido,Acessórios,2,915.88,1831.75,FL,Excelente produto!
2380,2028-07-07,382,48,Fone de ouvido,Acessórios,3,946.58,2839.73,CA,Arrependido da compra
2381,2028-07-08,748,33,Smartphone,Eletrônicos,2,1960.79,3921.57,NY,Produto cumpre o que promete
2382,2028-07-09,440,56,Fone de ouvido,Acessórios,4,321.59,1286.37,IL,Produto com ótimo custo-benefício.
2383,2028-07-10,604,62,Tablet,Eletrônicos,1,1396.34,1396.34,NY,Produto com ótimo custo-benefício.
2384,2028-07-11,989,53,Fone de ouvido,Acessórios,3,833.89,2501.68,TX,Excelente produto!
2385,2028-07-12,21,43,Tablet,Eletrônicos,4,1047.87,4191.47,CA,Atendimento sem problema
2386,2028-07-13,303,61,Laptop,Eletrônicos,1,1536.67,1536.67,NY,Produto cumpre o que promete
2387,2028-07-14,976,37,Laptop,Eletrônicos,4,356.88,1427.53,FL,Péssimo atendimento
2388,2028-07-15,869,51,Tablet,Eletrônicos,2,1538.99,3077.98,FL,Atendimento excepcional.
2389,2028-07-16,955,54,Smartphone,Eletrônicos,3,187.15,561.44,NY,Entrega rápida!
2390,2028-07-17,84,25,Fone de ouvido,Acessórios,2,992.45,1984.91,TX,Atendimento excepcional.
2391,2028-07-18,774,21,Smartphone,Eletrônicos,5,1497.04,7485.19,CA,Excelente produto!
2392,2028-07-19,659,76,Fone de ouvido,Acessórios,3,425.48,1276.43,TX,Sem reclamações.
2393,2028-07-20,953,46,Laptop,Eletrônicos,2,1553.29,3106.57,IL,Produto com ótimo custo-benefício.
2394,2028-07-21,453,48,Laptop,Eletrônicos,3,375.28,1125.85,NY,Produto com ótimo custo-benefício.
2395,2028-07-22,387,19,Laptop,Eletrônicos,1,1608.52,1608.52,TX,Produto com ótimo custo-benefício.
2396,2028-07-23,507,42,Fone de ouvido,Acessórios,3,964.42,2893.27,IL,Atendimento excepcional.
2397,2028-07-24,257,55,Laptop,Eletrônicos,3,1385.04,4155.13,TX,Produto cumpre o que promete
2398,2028-07-25,570,20,Laptop,Eletrônicos,1,1838.94,1838.94,IL,Atendimento excepcional.
2399,2028-07-26,892,78,Laptop,Eletrônicos,2,846.42,1692.84,FL,Muito satisfeito com a compra.
2400,2028-07-27,934,63,Laptop,Eletrônicos,3,504.27,1512.8,FL,Sem reclamações.
2401,2028-07-28,527,59,Smartphone,Eletrônicos,4,1740.97,6963.88,NY,Muito satisfeito com a compra.
2402,2028-07-29,162,60,Laptop,Eletrônicos,3,365.15,1095.46,TX,Sem reclamações.
2403,2028-07-30,957,22,Laptop,Eletrônicos,2,1281.38,2562.76,FL,Qualidade inferior ao anunciado
2404,2028-07-31,163,39,Smartphone,Eletrônicos,1,1850.34,1850.34,CA,Atendimento sem problema
2405,2028-08-01,832,33,Smartphone,Eletrônicos,2,1365.07,2730.15,FL,Produto com ótimo custo-benefício.
2406,2028-08-02,793,26,Fone de ouvido,Acessórios,5,431.58,2157.89,FL,Sem reclamações.
2407,2028-08-03,792,70,Tablet,Eletrônicos,3,346.95,1040.86,TX,Atendimento sem problema
2408,2028-08-04,524,65,Laptop,Eletrônicos,3,542.0,1625.99,IL,Muito satisfeito com a compra.
2409,2028-08-05,786,26,Laptop,Eletrônicos,1,813.24,813.24,CA,Sem reclamações.
2410,2028-08-06,271,66,Laptop,Eletrônicos,3,360.36,1081.08,CA,Muito satisfeito com a compra.
2411,2028-08-07,492,29,Fone de ouvido,Acessórios,4,1605.74,6422.95,IL,Atendimento sem problema
2412,2028-08-08,208,64,Laptop,Eletrônicos,4,746.22,2984.88,TX,Entrega rápida!
2413,2028-08-09,539,59,Tablet,Eletrônicos,2,1875.37,3750.74,FL,Entrega atrasada
2414,2028-08-10,584,21,Smartphone,Eletrônicos,1,1692.86,1692.86,IL,Entrega rápida!
2415,2028-08-11,60,66,Fone de ouvido,Acessórios,5,1822.2,9110.98,CA,Excelente produto!
2416,2028-08-12,430,35,Smartphone,Eletrônicos,2,624.26,1248.52,CA,Entrega rápida!
2417,2028-08-13,985,35,Laptop,Eletrônicos,1,1168.78,1168.78,FL,Entrega rápida!
2418,2028-08-14,657,59,Laptop,Eletrônicos,1,676.83,676.83,FL,Entrega rápida!
2419,2028-08-15,605,60,Laptop,Eletrônicos,2,551.05,1102.1,NY,Atendimento excepcional.
2420,2028-08-16,309,70,Tablet,Eletrônicos,2,1233.82,2467.64,IL,Muito satisfeito com a compra.
2421,2028-08-17,520,50,Tablet,Eletrônicos,3,1645.09,4935.27,FL,Produto com ótimo custo-benefício.
2422,2028-08-18,591,59,Fone de ouvido,Acessórios,5,232.52,1162.58,NY,Atendimento excepcional.
2423,2028-08-19,27,79,Smartphone,Eletrônicos,4,587.75,2351.0,TX,Muito satisfeito com a compra.
2424,2028-08-20,686,20,Laptop,Eletrônicos,3,450.01,1350.03,CA,Entrega rápida!
2425,2028-08-21,562,76,Laptop,Eletrônicos,1,1606.78,1606.78,IL,Entrega rápida!
2426,2028-08-22,199,55,Laptop,Eletrônicos,5,1870.08,9350.38,TX,Atendimento excepcional.
2427,2028-08-23,387,34,Laptop,Eletrônicos,5,205.89,1029.44,IL,Produto com ótimo custo-benefício.
2428,2028-08-24,349,29,Tablet,Eletrônicos,2,789.47,1578.93,IL,Atendimento excepcional.
2429,2028-08-25,960,28,Smartphone,Eletrônicos,5,1833.29,9166.46,FL,Atendimento excepcional.
2430,2028-08-26,940,34,Smartphone,Eletrônicos,5,722.04,3610.22,NY,Muito satisfeito com a compra.
2431,2028-08-27,693,52,Fone de ouvido,Acessórios,1,1439.69,1439.69,IL,Excelente produto!
2432,2028-08-28,536,58,Tablet,Eletrônicos,3,246.3,738.9,TX,Produto com ótimo custo-benefício.
2433,2028-08-29,828,67,Laptop,Eletrônicos,5,916.56,4582.78,IL,Produto com ótimo custo-benefício.
2434,2028-08-30,378,77,Smartphone,Eletrônicos,2,1031.44,2062.87,NY,Atendimento excepcional.
2435,2028-08-31,899,23,Smartphone,Eletrônicos,3,1527.44,4582.33,CA,Produto cumpre o que promete
2436,2028-09-01,916,52,Tablet,Eletrônicos,2,613.21,1226.42,IL,Entrega dentro do prazo previsto.
2437,2028-09-02,558,23,Fone de ouvido,Acessórios,5,565.17,2825.84,TX,Péssimo atendimento
2438,2028-09-03,527,49,Fone de ouvido,Acessórios,3,640.79,1922.36,CA,Muito satisfeito com a compra.
2439,2028-09-04,153,28,Laptop,Eletrônicos,5,1133.61,5668.04,CA,Entrega rápida!
2440,2028-09-05,734,60,Fone de ouvido,Acessórios,1,1758.21,1758.21,FL,Produto com defeito
2441,2028-09-06,206,56,Smartphone,Eletrônicos,3,1670.34,5011.01,FL,Muito satisfeito com a compra.
2442,2028-09-07,455,30,Fone de ouvido,Acessórios,2,162.99,325.99,IL,Produto com ótimo custo-benefício.
2443,2028-09-08,273,30,Laptop,Eletrônicos,1,1763.96,1763.96,TX,Produto com ótimo custo-benefício.
2444,2028-09-09,894,56,Smartphone,Eletrônicos,4,235.46,941.85,FL,Muito satisfeito com a compra.
2445,2028-09-10,236,63,Fone de ouvido,Acessórios,2,859.93,1719.86,NY,Atendimento excepcional.
2446,2028-09-11,852,51,Fone de ouvido,Acessórios,5,1542.54,7712.69,NY,Produto cumpre o que promete
2447,2028-09-12,740,20,Tablet,Eletrônicos,2,208.95,417.89,CA,Péssimo atendimento
2448,2028-09-13,521,49,Laptop,Eletrônicos,4,128.78,515.12,CA,Produto com ótimo custo-benefício.
2449,2028-09-14,678,21,Fone de ouvido,Acessórios,2,693.49,1386.98,CA,Sem reclamações.
2450,2028-09-15,944,57,Tablet,Eletrônicos,1,1473.35,1473.35,NY,Atendimento excepcional.
2451,2028-09-16,956,70,Smartphone,Eletrônicos,2,1067.43,2134.85,FL,Entrega rápida!
2452,2028-09-17,831,18,Tablet,Eletrônicos,3,863.15,2589.46,FL,Atendimento sem problema
2453,2028-09-18,726,26,Tablet,Eletrônicos,4,1635.49,6541.97,IL,Muito satisfeito com a compra.
2454,2028-09-19,501,66,Fone de ouvido,Acessórios,2,1545.08,3090.17,TX,Muito satisfeito com a compra.
2455,2028-09-20,117,67,Fone de ouvido,Acessórios,4,1582.78,6331.14,NY,Muito satisfeito com a compra.
2456,2028-09-21,386,24,Fone de ouvido,Acessórios,1,946.47,946.47,CA,Muito satisfeito com a compra.
2457,2028-09-22,344,44,Tablet,Eletrônicos,3,87.93,263.78,TX,Excelente produto!
2458,2028-09-23,584,20,Smartphone,Eletrônicos,5,385.67,1928.34,CA,Entrega atrasada
2459,2028-09-24,395,39,Laptop,Eletrônicos,2,1495.54,2991.07,TX,Produto ok.
2460,2028-09-25,64,33,Tablet,Eletrônicos,1,1518.69,1518.69,TX,Atendimento excepcional.
2461,2028-09-26,717,25,Fone de ouvido,Acessórios,4,1945.98,7783.93,FL,Excelente produto!
2462,2028-09-27,721,22,Laptop,Eletrônicos,4,420.86,1683.45,IL,Produto com defeito
2463,2028-09-28,72,66,Smartphone,Eletrônicos,1,289.71,289.71,IL,Atendimento sem problema
2464,2028-09-29,789,75,Laptop,Eletrônicos,2,320.64,641.28,CA,Muito satisfeito com a compra.
2465,2028-09-30,274,47,Fone de ouvido,Acessórios,5,410.34,2051.68,NY,Excelente produto!
2466,2028-10-01,990,45,Tablet,Eletrônicos,2,1080.51,2161.03,IL,Muito satisfeito com a compra.
2467,2028-10-02,320,68,Tablet,Eletrônicos,3,1951.66,5854.99,NY,Entrega rápida!
2468,2028-10-03,338,44,Fone de ouvido,Acessórios,2,1199.39,2398.78,CA,Produto ok.
2469,2028-10-04,366,67,Tablet,Eletrônicos,3,1069.24,3207.73,NY,Produto com ótimo custo-benefício.
2470,2028-10-05,495,39,Fone de ouvido,Acessórios,4,1363.04,5452.18,TX,Arrependido da compra
2471,2028-10-06,607,47,Tablet,Eletrônicos,3,194.16,582.49,TX,Atendimento excepcional.
2472,2028-10-07,166,54,Tablet,Eletrônicos,5,1639.94,8199.7,CA,Excelente produto!
2473,2028-10-08,544,24,Tablet,Eletrônicos,1,1311.42,1311.42,NY,Entrega rápida!
2474,2028-10-09,11,67,Smartphone,Eletrônicos,3,383.82,1151.47,NY,Muito satisfeito com a compra.
2475,2028-10-10,301,47,Smartphone,Eletrônicos,2,1279.9,2559.79,CA,Excelente produto!
2476,2028-10-11,729,30,Fone de ouvido,Acessórios,3,1212.61,3637.82,IL,Atendimento excepcional.
2477,2028-10-12,801,39,Smartphone,Eletrônicos,4,176.46,705.85,FL,Arrependido da compra
2478,2028-10-13,102,28,Fone de ouvido,Acessórios,3,570.52,1711.55,IL,Excelente produto!
2479,2028-10-14,425,22,Laptop,Eletrônicos,5,812.34,4061.68,FL,Atendimento excepcional.
2480,2028-10-15,392,39,Laptop,Eletrônicos,3,527.53,1582.6,NY,Entrega rápida!
2481,2028-10-16,779,32,Smartphone,Eletrônicos,5,524.17,2620.83,FL,Muito satisfeito com a compra.
2482,2028-10-17,214,70,Laptop,Eletrônicos,2,1167.25,2334.5,FL,Entrega rápida!
2483,2028-10-18,691,56,Laptop,Eletrônicos,4,968.18,3872.7,NY,Entrega rápida!
2484,2028-10-19,88,54,Tablet,Eletrônicos,1,1351.22,1351.22,TX,Muito satisfeito com a compra.
2485,2028-10-20,553,48,Tablet,Eletrônicos,2,1914.99,3829.99,FL,Produto ok.
2486,2028-10-21,401,79,Fone de ouvido,Acessórios,2,1338.08,2676.17,CA,Muito satisfeito com a compra.
2487,2028-10-22,588,46,Laptop,Eletrônicos,1,1185.09,1185.09,IL,Produto cumpre o que promete
2488,2028-10-23,889,56,Fone de ouvido,Acessórios,3,1702.74,5108.22,NY,Entrega rápida!
2489,2028-10-24,46,34,Fone de ouvido,Acessórios,3,1282.54,3847.63,NY,Muito satisfeito com a compra.
2490,2028-10-25,672,58,Laptop,Eletrônicos,3,372.84,1118.53,FL,Produto com ótimo custo-benefício.
2491,2028-10-26,463,23,Smartphone,Eletrônicos,4,663.76,2655.04,TX,Muito satisfeito com a compra.
2492,2028-10-27,592,58,Laptop,Eletrônicos,2,1480.05,2960.11,TX,Muito satisfeito com a compra.
2493,2028-10-28,310,34,Tablet,Eletrônicos,5,1489.85,7449.23,IL,Atendimento excepcional.
2494,2028-10-29,86,51,Laptop,Eletrônicos,1,1974.67,1974.67,IL,Entrega atrasada
2495,2028-10-30,92,40,Smartphone,Eletrônicos,2,1272.6,2545.2,TX,Produto cumpre o que promete
2496,2028-10-31,660,69,Fone de ouvido,Acessórios,3,1804.11,5412.34,TX,Atendimento excepcional.
2497,2028-11-01,673,47,Fone de ouvido,Acessórios,1,156.43,156.43,TX,Produto com ótimo custo-benefício.
2498,2028-11-02,714,30,Tablet,Eletrônicos,5,1154.13,5770.67,FL,Atendimento excepcional.
2499,2028-11-03,936,75,Tablet,Eletrônicos,2,1843.7,3687.41,CA,Atendimento excepcional.
2500,2028-11-04,928,47,Tablet,Eletrônicos,2,610.13,1220.25,IL,Atendimento sem problema
2501,2028-11-05,242,66,Fone de ouvido,Acessórios,4,352.01,1408.04,NY,Produto ok.
2502,2028-11-06,865,70,Tablet,Eletrônicos,2,733.49,1466.99,TX,Atendimento excepcional.
2503,2028-11-07,2,37,Laptop,Eletrônicos,2,1594.86,3189.72,TX,Muito satisfeito com a compra.
2504,2028-11-08,225,23,Fone de ouvido,Acessórios,5,215.17,1075.83,CA,Atendimento excepcional.
2505,2028-11-09,801,78,Smartphone,Eletrônicos,5,1220.66,6103.3,TX,Entrega dentro do prazo previsto.
2506,2028-11-10,745,72,Fone de ouvido,Acessórios,1,314.48,314.48,IL,Muito satisfeito com a compra.
2507,2028-11-11,973,48,Laptop,Eletrônicos,3,899.29,2697.86,TX,Qualidade inferior ao anunciado
2508,2028-11-12,926,76,Laptop,Eletrônicos,5,1933.66,9668.28,CA,Produto ok.
2509,2028-11-13,929,36,Tablet,Eletrônicos,1,430.53,430.53,FL,Entrega atrasada
2510,2028-11-14,589,23,Fone de ouvido,Acessórios,2,116.33,232.66,IL,Entrega rápida!
2511,2028-11-15,116,51,Fone de ouvido,Acessórios,1,883.05,883.05,FL,Entrega rápida!
2512,2028-11-16,666,45,Fone de ouvido,Acessórios,1,1176.51,1176.51,NY,Produto cumpre o que promete
2513,2028-11-17,918,75,Smartphone,Eletrônicos,1,630.16,630.16,CA,Produto cumpre o que promete
2514,2028-11-18,103,30,Tablet,Eletrônicos,1,1106.45,1106.45,NY,Muito satisfeito com a compra.
2515,2028-11-19,194,69,Laptop,Eletrônicos,5,1909.13,9545.67,NY,Produto com defeito
2516,2028-11-20,166,79,Laptop,Eletrônicos,3,657.95,1973.86,NY,Péssimo atendimento
2517,2028-11-21,871,27,Tablet,Eletrônicos,1,653.38,653.38,NY,Atendimento excepcional.
2518,2028-11-22,90,78,Laptop,Eletrônicos,4,991.4,3965.59,CA,Excelente produto!
2519,2028-11-23,686,58,Laptop,Eletrônicos,2,1054.87,2109.73,FL,Entrega rápida!
2520,2028-11-24,122,62,Tablet,Eletrônicos,2,52.66,105.33,TX,Sem reclamações.
2521,2028-11-25,143,24,Laptop,Eletrônicos,2,1250.96,2501.91,NY,Produto cumpre o que promete
2522,2028-11-26,994,35,Fone de ouvido,Acessórios,2,1994.85,3989.69,TX,Excelente produto!
2523,2028-11-27,106,39,Smartphone,Eletrônicos,2,619.42,1238.83,TX,Excelente produto!
2524,2028-11-28,887,31,Tablet,Eletrônicos,1,1280.08,1280.08,NY,Entrega rápida!
2525,2028-11-29,428,53,Smartphone,Eletrônicos,3,59.01,177.04,IL,Produto com ótimo custo-benefício.
2526,2028-11-30,305,25,Laptop,Eletrônicos,4,1228.44,4913.75,TX,Produto com ótimo custo-benefício.
2527,2028-12-01,872,29,Laptop,Eletrônicos,5,921.78,4608.92,IL,Atendimento sem problema
2528,2028-12-02,971,57,Fone de ouvido,Acessórios,4,1084.07,4336.29,FL,Atendimento sem problema
2529,2028-12-03,317,65,Tablet,Eletrônicos,5,1110.61,5553.07,TX,Atendimento excepcional.
2530,2028-12-04,963,50,Laptop,Eletrônicos,5,395.06,1975.29,CA,Produto ok.
2531,2028-12-05,635,41,Tablet,Eletrônicos,4,1551.44,6205.75,FL,Muito satisfeito com a compra.
2532,2028-12-06,902,59,Tablet,Eletrônicos,1,1133.17,1133.17,FL,Atendimento excepcional.
2533,2028-12-07,9,56,Tablet,Eletrônicos,2,576.88,1153.76,IL,Atendimento sem problema
2534,2028-12-08,774,79,Tablet,Eletrônicos,1,1877.89,1877.89,NY,Muito satisfeito com a compra.
2535,2028-12-09,73,31,Tablet,Eletrônicos,2,74.91,149.82,CA,Muito satisfeito com a compra.
2536,2028-12-10,359,66,Smartphone,Eletrônicos,3,1465.58,4396.73,CA,Produto com ótimo custo-benefício.
2537,2028-12-11,223,68,Fone de ouvido,Acessórios,5,793.41,3967.04,IL,Muito satisfeito com a compra.
2538,2028-12-12,416,79,Tablet,Eletrônicos,4,1068.96,4275.85,IL,Produto cumpre o que promete
2539,2028-12-13,553,22,Smartphone,Eletrônicos,3,618.44,1855.33,FL,Entrega rápida!
2540,2028-12-14,370,36,Laptop,Eletrônicos,2,676.44,1352.88,IL,Atendimento excepcional.
2541,2028-12-15,716,20,Tablet,Eletrônicos,1,79.57,79.57,NY,Produto cumpre o que promete
2542,2028-12-16,264,18,Laptop,Eletrônicos,4,1473.2,5892.79,FL,Entrega rápida!
2543,2028-12-17,840,57,Tablet,Eletrônicos,5,1436.06,7180.28,FL,Produto com ótimo custo-benefício.
2544,2028-12-18,690,58,Smartphone,Eletrônicos,3,1326.0,3978.0,FL,Produto com ótimo custo-benefício.
2545,2028-12-19,860,54,Smartphone,Eletrônicos,5,1762.0,8810.02,CA,Entrega atrasada
2546,2028-12-20,318,50,Smartphone,Eletrônicos,2,1807.47,3614.94,CA,Produto cumpre o que promete
2547,2028-12-21,84,66,Fone de ouvido,Acessórios,5,1135.07,5675.33,FL,Excelente produto!
2548,2028-12-22,318,74,Laptop,Eletrônicos,1,1385.41,1385.41,NY,Sem reclamações.
2549,2028-12-23,111,63,Fone de ouvido,Acessórios,3,71.45,214.34,TX,Muito satisfeito com a compra.
2550,2028-12-24,251,34,Tablet,Eletrônicos,3,1700.37,5101.11,FL,Muito satisfeito com a compra.
2551,2028-12-25,383,26,Laptop,Eletrônicos,1,1642.01,1642.01,IL,Produto ok.
2552,2028-12-26,7,48,Smartphone,Eletrônicos,5,89.48,447.42,TX,Atendimento excepcional.
2553,2028-12-27,459,52,Laptop,Eletrônicos,1,1108.51,1108.51,CA,Atendimento sem problema
2554,2028-12-28,84,20,Smartphone,Eletrônicos,4,1817.98,7271.91,CA,Entrega rápida!
2555,2028-12-29,208,30,Fone de ouvido,Acessórios,1,403.71,403.71,TX,Muito satisfeito com a compra.
2556,2028-12-30,900,69,Fone de ouvido,Acessórios,5,737.66,3688.29,IL,Excelente produto!
2557,2028-12-31,390,54,Smartphone,Eletrônicos,1,695.55,695.55,CA,Entrega rápida!
2558,2029-01-01,314,55,Smartphone,Eletrônicos,2,744.08,1488.17,CA,Atendimento excepcional.
2559,2029-01-02,22,31,Tablet,Eletrônicos,1,131.68,131.68,FL,Excelente produto!
2560,2029-01-03,410,23,Fone de ouvido,Acessórios,1,594.08,594.08,NY,Produto ok.
2561,2029-01-04,895,75,Fone de ouvido,Acessórios,5,624.97,3124.85,IL,Entrega rápida!
2562,2029-01-05,515,46,Tablet,Eletrônicos,4,1738.45,6953.8,FL,Entrega rápida!
2563,2029-01-06,127,78,Fone de ouvido,Acessórios,4,736.63,2946.5,NY,Muito satisfeito com a compra.
2564,2029-01-07,809,74,Smartphone,Eletrônicos,5,922.07,4610.36,CA,Atendimento excepcional.
2565,2029-01-08,700,66,Laptop,Eletrônicos,5,792.44,3962.2,NY,Entrega dentro do prazo previsto.
2566,2029-01-09,874,26,Laptop,Eletrônicos,5,285.31,1426.57,CA,Muito satisfeito com a compra.
2567,2029-01-10,14,53,Fone de ouvido,Acessórios,2,1981.2,3962.39,FL,Sem reclamações.
2568,2029-01-11,971,40,Tablet,Eletrônicos,3,1660.36,4981.08,CA,Entrega dentro do prazo previsto.
2569,2029-01-12,978,32,Smartphone,Eletrônicos,1,1104.79,1104.79,NY,Excelente produto!
2570,2029-01-13,12,71,Laptop,Eletrônicos,5,978.91,4894.55,FL,Produto com defeito
2571,2029-01-14,87,74,Smartphone,Eletrônicos,5,1316.05,6580.23,NY,Produto ok.
2572,2029-01-15,524,67,Fone de ouvido,Acessórios,5,686.54,3432.7,NY,Qualidade inferior ao anunciado
2573,2029-01-16,909,64,Fone de ouvido,Acessórios,4,148.05,592.21,TX,Excelente produto!
2574,2029-01-17,537,76,Laptop,Eletrônicos,5,838.42,4192.09,CA,Atendimento excepcional.
2575,2029-01-18,301,67,Fone de ouvido,Acessórios,1,1968.76,1968.76,CA,Excelente produto!
2576,2029-01-19,243,24,Tablet,Eletrônicos,5,405.58,2027.88,NY,Excelente produto!
2577,2029-01-20,122,64,Fone de ouvido,Acessórios,1,1079.03,1079.03,CA,Qualidade inferior ao anunciado
2578,2029-01-21,147,77,Fone de ouvido,Acessórios,2,66.62,133.23,IL,Atendimento sem problema
2579,2029-01-22,567,42,Fone de ouvido,Acessórios,3,287.96,863.88,CA,Produto cumpre o que promete
2580,2029-01-23,750,54,Smartphone,Eletrônicos,4,1195.02,4780.1,FL,Qualidade inferior ao anunciado
2581,2029-01-24,356,40,Smartphone,Eletrônicos,1,629.96,629.96,CA,Péssimo atendimento
2582,2029-01-25,685,28,Laptop,Eletrônicos,2,1816.08,3632.17,IL,Atendimento excepcional.
2583,2029-01-26,904,73,Laptop,Eletrônicos,3,842.03,2526.09,NY,Produto ok.
2584,2029-01-27,733,63,Laptop,Eletrônicos,3,455.67,1367.0,CA,Atendimento excepcional.
2585,2029-01-28,631,25,Fone de ouvido,Acessórios,3,1113.9,3341.71,FL,Excelente produto!
2586,2029-01-29,309,53,Smartphone,Eletrônicos,1,1600.2,1600.2,IL,Péssimo atendimento
2587,2029-01-30,695,59,Tablet,Eletrônicos,2,87.87,175.74,TX,Atendimento sem problema
2588,2029-01-31,288,56,Fone de ouvido,Acessórios,5,1035.76,5178.82,NY,Produto cumpre o que promete
2589,2029-02-01,307,18,Fone de ouvido,Acessórios,2,1558.18,3116.36,NY,Entrega rápida!
2590,2029-02-02,812,69,Fone de ouvido,Acessórios,2,252.0,504.0,NY,Produto ok.
2591,2029-02-03,594,61,Tablet,Eletrônicos,2,1810.46,3620.91,IL,Produto com ótimo custo-benefício.
2592,2029-02-04,966,30,Laptop,Eletrônicos,1,565.81,565.81,CA,Excelente produto!
2593,2029-02-05,914,33,Tablet,Eletrônicos,1,382.68,382.68,CA,Produto com ótimo custo-benefício.
2594,2029-02-06,723,63,Laptop,Eletrônicos,1,1199.05,1199.05,CA,Excelente produto!
2595,2029-02-07,662,30,Tablet,Eletrônicos,2,391.31,782.62,CA,Entrega rápida!
2596,2029-02-08,549,54,Smartphone,Eletrônicos,1,1375.42,1375.42,NY,Entrega dentro do prazo previsto.
2597,2029-02-09,352,31,Fone de ouvido,Acessórios,3,1005.7,3017.1,TX,Produto com ótimo custo-benefício.
2598,2029-02-10,312,75,Fone de ouvido,Acessórios,1,264.41,264.41,NY,Sem reclamações.
2599,2029-02-11,873,30,Fone de ouvido,Acessórios,4,1829.36,7317.42,TX,Excelente produto!
2600,2029-02-12,59,63,Laptop,Eletrônicos,1,1362.75,1362.75,TX,Muito satisfeito com a compra.
2601,2029-02-13,643,29,Tablet,Eletrônicos,1,1114.69,1114.69,CA,Atendimento excepcional.
2602,2029-02-14,924,72,Smartphone,Eletrônicos,1,779.96,779.96,FL,Entrega dentro do prazo previsto.
2603,2029-02-15,714,45,Tablet,Eletrônicos,1,312.98,312.98,IL,Produto ok.
2604,2029-02-16,755,39,Fone de ouvido,Acessórios,4,1429.66,5718.64,FL,Entrega rápida!
2605,2029-02-17,35,37,Smartphone,Eletrônicos,5,1636.63,8183.14,TX,Atendimento excepcional.
2606,2029-02-18,445,64,Smartphone,Eletrônicos,1,295.35,295.35,FL,Atendimento sem problema
2607,2029-02-19,93,36,Fone de ouvido,Acessórios,3,1014.41,3043.22,TX,Excelente produto!
2608,2029-02-20,950,28,Tablet,Eletrônicos,4,995.45,3981.8,NY,Excelente produto!
2609,2029-02-21,959,47,Fone de ouvido,Acessórios,5,732.33,3661.64,NY,Excelente produto!
2610,2029-02-22,207,71,Tablet,Eletrônicos,1,1589.22,1589.22,CA,Produto com ótimo custo-benefício.
2611,2029-02-23,353,43,Smartphone,Eletrônicos,5,244.08,1220.42,IL,Entrega rápida!
2612,2029-02-24,903,32,Smartphone,Eletrônicos,3,449.79,1349.36,NY,Produto com ótimo custo-benefício.
2613,2029-02-25,332,47,Fone de ouvido,Acessórios,4,53.13,212.5,IL,Entrega rápida!
2614,2029-02-26,817,46,Smartphone,Eletrônicos,4,777.32,3109.29,CA,Excelente produto!
2615,2029-02-27,862,77,Laptop,Eletrônicos,5,617.8,3088.99,IL,Produto com ótimo custo-benefício.
2616,2029-02-28,725,49,Smartphone,Eletrônicos,1,1740.64,1740.64,NY,Péssimo atendimento
2617,2029-03-01,159,70,Laptop,Eletrônicos,2,1504.33,3008.66,NY,Produto com ótimo custo-benefício.
2618,2029-03-02,954,47,Smartphone,Eletrônicos,4,214.72,858.88,FL,Entrega rápida!
2619,2029-03-03,957,61,Fone de ouvido,Acessórios,2,1494.86,2989.73,FL,Excelente produto!
2620,2029-03-04,24,68,Fone de ouvido,Acessórios,4,1367.03,5468.12,FL,Entrega rápida!
2621,2029-03-05,404,33,Laptop,Eletrônicos,1,599.36,599.36,IL,Sem reclamações.
2622,2029-03-06,805,53,Fone de ouvido,Acessórios,1,80.15,80.15,NY,Excelente produto!
2623,2029-03-07,516,35,Smartphone,Eletrônicos,4,274.57,1098.27,CA,Produto cumpre o que promete
2624,2029-03-08,732,58,Smartphone,Eletrônicos,5,537.39,2686.93,TX,Produto cumpre o que promete
2625,2029-03-09,364,65,Fone de ouvido,Acessórios,1,1642.41,1642.41,NY,Sem reclamações.
2626,2029-03-10,382,56,Smartphone,Eletrônicos,1,957.36,957.36,FL,Entrega rápida!
2627,2029-03-11,532,45,Tablet,Eletrônicos,3,1840.87,5522.61,FL,Atendimento excepcional.
2628,2029-03-12,956,79,Tablet,Eletrônicos,1,1588.84,1588.84,IL,Entrega rápida!
2629,2029-03-13,152,75,Smartphone,Eletrônicos,3,609.86,1829.58,FL,Produto ok.
2630,2029-03-14,562,36,Fone de ouvido,Acessórios,1,1698.46,1698.46,IL,Produto com ótimo custo-benefício.
2631,2029-03-15,689,73,Laptop,Eletrônicos,1,277.61,277.61,CA,Produto ok.
2632,2029-03-16,947,73,Fone de ouvido,Acessórios,5,120.43,602.15,FL,Entrega rápida!
2633,2029-03-17,608,28,Laptop,Eletrônicos,5,1236.65,6183.25,IL,Muito satisfeito com a compra.
2634,2029-03-18,617,34,Fone de ouvido,Acessórios,1,716.4,716.4,FL,Excelente produto!
2635,2029-03-19,420,79,Smartphone,Eletrônicos,4,692.38,2769.52,IL,Atendimento excepcional.
2636,2029-03-20,250,38,Tablet,Eletrônicos,4,1390.06,5560.22,NY,Excelente produto!
2637,2029-03-21,117,54,Fone de ouvido,Acessórios,1,1707.7,1707.7,IL,Excelente produto!
2638,2029-03-22,866,61,Laptop,Eletrônicos,4,678.24,2712.97,TX,Excelente produto!
2639,2029-03-23,512,68,Tablet,Eletrônicos,1,683.78,683.78,CA,Sem reclamações.
2640,2029-03-24,740,51,Laptop,Eletrônicos,5,1091.01,5455.05,NY,Entrega rápida!
2641,2029-03-25,578,50,Smartphone,Eletrônicos,2,1323.71,2647.42,CA,Muito satisfeito com a compra.
2642,2029-03-26,335,46,Tablet,Eletrônicos,3,445.67,1337.0,NY,Atendimento excepcional.
2643,2029-03-27,418,21,Laptop,Eletrônicos,4,1829.72,7318.9,FL,Entrega atrasada
2644,2029-03-28,932,49,Fone de ouvido,Acessórios,4,1326.11,5304.45,IL,Atendimento excepcional.
2645,2029-03-29,774,77,Smartphone,Eletrônicos,5,1269.07,6345.33,FL,Entrega atrasada
2646,2029-03-30,295,28,Smartphone,Eletrônicos,4,1813.18,7252.73,CA,Entrega rápida!
2647,2029-03-31,938,43,Smartphone,Eletrônicos,1,1819.17,1819.17,CA,Produto com defeito
2648,2029-04-01,755,35,Fone de ouvido,Acessórios,1,314.32,314.32,NY,Excelente produto!
2649,2029-04-02,371,70,Fone de ouvido,Acessórios,2,332.9,665.79,CA,Muito satisfeito com a compra.
2650,2029-04-03,186,49,Tablet,Eletrônicos,2,1535.8,3071.6,IL,Entrega dentro do prazo previsto.
2651,2029-04-04,246,77,Fone de ouvido,Acessórios,2,1915.92,3831.83,CA,Péssimo atendimento
2652,2029-04-05,637,44,Tablet,Eletrônicos,1,1349.7,1349.7,FL,Produto ok.
2653,2029-04-06,268,33,Smartphone,Eletrônicos,2,852.07,1704.14,IL,Atendimento excepcional.
2654,2029-04-07,643,27,Tablet,Eletrônicos,2,1382.77,2765.55,CA,Excelente produto!
2655,2029-04-08,237,61,Laptop,Eletrônicos,1,496.18,496.18,TX,Entrega rápida!
2656,2029-04-09,530,51,Smartphone,Eletrônicos,5,1996.03,9980.17,TX,Atendimento excepcional.
2657,2029-04-10,552,50,Smartphone,Eletrônicos,4,890.62,3562.46,FL,Muito satisfeito com a compra.
2658,2029-04-11,21,27,Tablet,Eletrônicos,3,1866.79,5600.36,NY,Muito satisfeito com a compra.
2659,2029-04-12,911,59,Smartphone,Eletrônicos,1,890.06,890.06,NY,Muito satisfeito com a compra.
2660,2029-04-13,737,77,Fone de ouvido,Acessórios,1,1859.87,1859.87,CA,Produto ok.
2661,2029-04-14,867,43,Laptop,Eletrônicos,3,704.59,2113.76,IL,Excelente produto!
2662,2029-04-15,794,59,Tablet,Eletrônicos,3,1533.06,4599.18,NY,Muito satisfeito com a compra.
2663,2029-04-16,520,42,Tablet,Eletrônicos,2,1904.45,3808.91,TX,Atendimento excepcional.
2664,2029-04-17,100,19,Smartphone,Eletrônicos,3,1309.66,3928.99,NY,Excelente produto!
2665,2029-04-18,752,43,Fone de ouvido,Acessórios,4,1371.25,5485.01,TX,Muito satisfeito com a compra.
2666,2029-04-19,478,37,Smartphone,Eletrônicos,4,250.63,1002.51,NY,Excelente produto!
2667,2029-04-20,599,20,Smartphone,Eletrônicos,4,974.73,3898.92,FL,Arrependido da compra
2668,2029-04-21,298,49,Tablet,Eletrônicos,4,1779.17,7116.69,IL,Atendimento excepcional.
2669,2029-04-22,940,18,Smartphone,Eletrônicos,4,519.77,2079.1,CA,Entrega rápida!
2670,2029-04-23,526,41,Laptop,Eletrônicos,2,1587.31,3174.62,TX,Atendimento excepcional.
2671,2029-04-24,334,67,Smartphone,Eletrônicos,1,1367.63,1367.63,NY,Entrega rápida!
2672,2029-04-25,2,60,Smartphone,Eletrônicos,3,484.82,1454.47,CA,Muito satisfeito com a compra.
2673,2029-04-26,375,73,Tablet,Eletrônicos,1,601.44,601.44,TX,Excelente produto!
2674,2029-04-27,293,61,Smartphone,Eletrônicos,3,883.74,2651.23,TX,Muito satisfeito com a compra.
2675,2029-04-28,837,50,Fone de ouvido,Acessórios,2,294.0,588.0,FL,Entrega dentro do prazo previsto.
2676,2029-04-29,934,55,Tablet,Eletrônicos,2,1831.07,3662.15,NY,Atendimento sem problema
2677,2029-04-30,553,65,Smartphone,Eletrônicos,5,1491.75,7458.74,CA,Entrega rápida!
2678,2029-05-01,318,69,Laptop,Eletrônicos,5,761.68,3808.4,NY,Produto ok.
2679,2029-05-02,502,52,Laptop,Eletrônicos,2,634.35,1268.7,NY,Produto com ótimo custo-benefício.
2680,2029-05-03,828,34,Tablet,Eletrônicos,2,1394.68,2789.36,IL,Excelente produto!
2681,2029-05-04,381,75,Tablet,Eletrônicos,3,877.23,2631.69,TX,Produto com ótimo custo-benefício.
2682,2029-05-05,623,65,Smartphone,Eletrônicos,2,497.21,994.41,TX,Excelente produto!
2683,2029-05-06,14,60,Fone de ouvido,Acessórios,1,888.79,888.79,IL,Entrega rápida!
2684,2029-05-07,504,65,Smartphone,Eletrônicos,3,1749.03,5247.09,IL,Entrega dentro do prazo previsto.
2685,2029-05-08,231,61,Laptop,Eletrônicos,2,183.78,367.57,NY,Entrega dentro do prazo previsto.
2686,2029-05-09,985,50,Fone de ouvido,Acessórios,3,768.3,2304.9,TX,Entrega dentro do prazo previsto.
2687,2029-05-10,84,28,Fone de ouvido,Acessórios,3,1926.56,5779.69,CA,Produto com ótimo custo-benefício.
2688,2029-05-11,130,40,Fone de ouvido,Acessórios,4,78.92,315.69,FL,Atendimento excepcional.
2689,2029-05-12,743,55,Smartphone,Eletrônicos,5,1786.75,8933.74,IL,Atendimento excepcional.
2690,2029-05-13,838,49,Laptop,Eletrônicos,3,780.93,2342.78,CA,Qualidade inferior ao anunciado
2691,2029-05-14,145,36,Tablet,Eletrônicos,3,419.56,1258.68,CA,Produto cumpre o que promete
2692,2029-05-15,891,29,Smartphone,Eletrônicos,4,79.21,316.84,NY,Sem reclamações.
2693,2029-05-16,857,45,Tablet,Eletrônicos,2,187.52,375.04,IL,Entrega rápida!
2694,2029-05-17,28,19,Fone de ouvido,Acessórios,3,385.09,1155.28,CA,Excelente produto!
2695,2029-05-18,66,27,Fone de ouvido,Acessórios,4,99.55,398.19,FL,Atendimento excepcional.
2696,2029-05-19,163,36,Smartphone,Eletrônicos,1,704.91,704.91,CA,Produto cumpre o que promete
2697,2029-05-20,229,45,Laptop,Eletrônicos,4,137.54,550.17,FL,Entrega dentro do prazo previsto.
2698,2029-05-21,261,64,Fone de ouvido,Acessórios,5,1399.82,6999.11,FL,Entrega rápida!
2699,2029-05-22,449,25,Tablet,Eletrônicos,5,1646.87,8234.34,FL,Atendimento excepcional.
2700,2029-05-23,424,60,Tablet,Eletrônicos,2,1780.55,3561.11,IL,Entrega dentro do prazo previsto.
2701,2029-05-24,460,40,Smartphone,Eletrônicos,2,1120.8,2241.6,FL,Atendimento excepcional.
2702,2029-05-25,952,65,Tablet,Eletrônicos,5,1895.69,9478.47,IL,Produto ok.
2703,2029-05-26,676,62,Laptop,Eletrônicos,5,61.01,305.04,CA,Excelente produto!
2704,2029-05-27,301,47,Fone de ouvido,Acessórios,3,311.34,934.01,FL,Muito satisfeito com a compra.
2705,2029-05-28,919,45,Tablet,Eletrônicos,5,621.67,3108.37,TX,Produto cumpre o que promete
2706,2029-05-29,303,30,Tablet,Eletrônicos,2,1588.6,3177.2,CA,Produto ok.
2707,2029-05-30,287,72,Fone de ouvido,Acessórios,5,1776.51,8882.54,TX,Excelente produto!
2708,2029-05-31,395,54,Smartphone,Eletrônicos,2,1255.36,2510.72,TX,Arrependido da compra
2709,2029-06-01,10,29,Tablet,Eletrônicos,1,797.31,797.31,NY,Produto com defeito
2710,2029-06-02,707,27,Smartphone,Eletrônicos,5,1348.4,6741.99,IL,Muito satisfeito com a compra.
2711,2029-06-03,630,68,Smartphone,Eletrônicos,2,402.75,805.51,NY,Excelente produto!
2712,2029-06-04,270,34,Tablet,Eletrônicos,4,942.85,3771.42,IL,Entrega rápida!
2713,2029-06-05,592,18,Laptop,Eletrônicos,3,1039.71,3119.13,NY,Produto com ótimo custo-benefício.
2714,2029-06-06,970,39,Smartphone,Eletrônicos,2,254.5,509.0,CA,Péssimo atendimento
2715,2029-06-07,605,32,Tablet,Eletrônicos,5,116.05,580.26,TX,Muito satisfeito com a compra.
2716,2029-06-08,778,33,Smartphone,Eletrônicos,5,1512.71,7563.53,CA,Excelente produto!
2717,2029-06-09,844,37,Fone de ouvido,Acessórios,1,1092.68,1092.68,IL,Péssimo atendimento
2718,2029-06-10,862,72,Laptop,Eletrônicos,4,697.87,2791.46,TX,Excelente produto!
2719,2029-06-11,361,27,Laptop,Eletrônicos,2,902.6,1805.19,TX,Atendimento sem problema
2720,2029-06-12,257,59,Fone de ouvido,Acessórios,4,1917.52,7670.09,IL,Atendimento excepcional.
2721,2029-06-13,133,43,Fone de ouvido,Acessórios,1,800.58,800.58,CA,Entrega atrasada
2722,2029-06-14,276,66,Smartphone,Eletrônicos,3,251.78,755.35,TX,Entrega dentro do prazo previsto.
2723,2029-06-15,776,78,Fone de ouvido,Acessórios,4,954.02,3816.1,CA,Péssimo atendimento
2724,2029-06-16,683,71,Laptop,Eletrônicos,1,1313.69,1313.69,CA,Entrega atrasada
2725,2029-06-17,972,40,Fone de ouvido,Acessórios,2,73.62,147.24,CA,Muito satisfeito com a compra.
2726,2029-06-18,513,34,Tablet,Eletrônicos,3,698.06,2094.19,TX,Produto com ótimo custo-benefício.
2727,2029-06-19,313,51,Tablet,Eletrônicos,5,817.35,4086.77,FL,Sem reclamações.
2728,2029-06-20,576,58,Smartphone,Eletrônicos,1,954.24,954.24,NY,Produto cumpre o que promete
2729,2029-06-21,886,74,Laptop,Eletrônicos,5,638.28,3191.42,IL,Muito satisfeito com a compra.
2730,2029-06-22,980,39,Tablet,Eletrônicos,3,1350.5,4051.5,CA,Arrependido da compra
2731,2029-06-23,284,76,Fone de ouvido,Acessórios,1,1892.18,1892.18,TX,Produto com ótimo custo-benefício.
2732,2029-06-24,121,21,Tablet,Eletrônicos,1,1832.3,1832.3,IL,Produto cumpre o que promete
2733,2029-06-25,107,24,Tablet,Eletrônicos,3,1345.57,4036.7,FL,Muito satisfeito com a compra.
2734,2029-06-26,933,22,Smartphone,Eletrônicos,2,1038.42,2076.85,FL,Produto com ótimo custo-benefício.
2735,2029-06-27,687,48,Fone de ouvido,Acessórios,1,1660.34,1660.34,TX,Atendimento excepcional.
2736,2029-06-28,997,36,Fone de ouvido,Acessórios,3,1680.08,5040.23,CA,Produto com ótimo custo-benefício.
2737,2029-06-29,204,21,Fone de ouvido,Acessórios,4,1667.67,6670.67,FL,Excelente produto!
2738,2029-06-30,165,67,Smartphone,Eletrônicos,5,357.8,1789.0,FL,Excelente produto!
2739,2029-07-01,305,79,Fone de ouvido,Acessórios,1,99.59,99.59,FL,Produto com ótimo custo-benefício.
2740,2029-07-02,497,39,Fone de ouvido,Acessórios,4,1967.23,7868.91,TX,Produto cumpre o que promete
2741,2029-07-03,632,20,Tablet,Eletrônicos,1,1921.33,1921.33,IL,Excelente produto!
2742,2029-07-04,556,40,Tablet,Eletrônicos,2,1150.54,2301.08,NY,Produto com ótimo custo-benefício.
2743,2029-07-05,824,21,Fone de ouvido,Acessórios,3,1986.47,5959.42,TX,Entrega atrasada
2744,2029-07-06,156,63,Laptop,Eletrônicos,1,1552.57,1552.57,CA,Sem reclamações.
2745,2029-07-07,367,41,Laptop,Eletrônicos,3,1058.89,3176.67,TX,Produto com ótimo custo-benefício.
2746,2029-07-08,719,76,Fone de ouvido,Acessórios,1,809.2,809.2,TX,Produto ok.
2747,2029-07-09,902,31,Laptop,Eletrônicos,2,1206.08,2412.17,NY,Arrependido da compra
2748,2029-07-10,620,66,Smartphone,Eletrônicos,2,1055.81,2111.63,NY,Péssimo atendimento
2749,2029-07-11,251,58,Tablet,Eletrônicos,4,1987.91,7951.66,NY,Produto ok.
2750,2029-07-12,957,68,Smartphone,Eletrônicos,2,1006.4,2012.8,IL,Produto cumpre o que promete
2751,2029-07-13,916,20,Tablet,Eletrônicos,3,1680.05,5040.14,TX,Atendimento excepcional.
2752,2029-07-14,882,64,Laptop,Eletrônicos,2,1636.57,3273.13,CA,Produto cumpre o que promete
2753,2029-07-15,334,38,Laptop,Eletrônicos,1,189.24,189.24,NY,Atendimento sem problema
2754,2029-07-16,642,43,Fone de ouvido,Acessórios,2,219.66,439.33,NY,Excelente produto!
2755,2029-07-17,969,18,Laptop,Eletrônicos,3,1336.63,4009.89,TX,Atendimento excepcional.
2756,2029-07-18,511,47,Laptop,Eletrônicos,1,555.26,555.26,CA,Entrega rápida!
2757,2029-07-19,293,68,Fone de ouvido,Acessórios,4,1332.18,5328.71,NY,Sem reclamações.
2758,2029-07-20,20,21,Fone de ouvido,Acessórios,4,332.02,1328.08,TX,Produto com ótimo custo-benefício.
2759,2029-07-21,282,31,Tablet,Eletrônicos,4,824.28,3297.13,FL,Entrega rápida!
2760,2029-07-22,797,35,Laptop,Eletrônicos,1,249.82,249.82,IL,Produto ok.
2761,2029-07-23,1,29,Tablet,Eletrônicos,4,600.08,2400.33,TX,Muito satisfeito com a compra.
2762,2029-07-24,119,55,Tablet,Eletrônicos,2,222.18,444.36,NY,Péssimo atendimento
2763,2029-07-25,35,59,Smartphone,Eletrônicos,1,1942.63,1942.63,CA,Entrega rápida!
2764,2029-07-26,198,53,Laptop,Eletrônicos,1,820.36,820.36,FL,Entrega rápida!
2765,2029-07-27,485,33,Laptop,Eletrônicos,1,1807.32,1807.32,CA,Atendimento excepcional.
2766,2029-07-28,757,18,Smartphone,Eletrônicos,5,1943.78,9718.92,CA,Atendimento excepcional.
2767,2029-07-29,59,20,Tablet,Eletrônicos,3,1823.65,5470.94,CA,Entrega rápida!
2768,2029-07-30,837,56,Laptop,Eletrônicos,5,937.17,4685.86,TX,Produto ok.
2769,2029-07-31,161,79,Tablet,Eletrônicos,5,1568.85,7844.25,TX,Atendimento sem problema
2770,2029-08-01,691,52,Smartphone,Eletrônicos,5,349.71,1748.57,IL,Produto ok.
2771,2029-08-02,206,78,Fone de ouvido,Acessórios,3,234.92,704.77,FL,Excelente produto!
2772,2029-08-03,12,71,Tablet,Eletrônicos,5,1759.96,8799.79,CA,Produto com ótimo custo-benefício.
2773,2029-08-04,490,76,Laptop,Eletrônicos,4,110.68,442.74,NY,Excelente produto!
2774,2029-08-05,276,32,Fone de ouvido,Acessórios,1,1946.04,1946.04,CA,Muito satisfeito com a compra.
2775,2029-08-06,693,55,Tablet,Eletrônicos,1,1360.66,1360.66,FL,Produto cumpre o que promete
2776,2029-08-07,242,33,Tablet,Eletrônicos,2,868.25,1736.49,CA,Entrega rápida!
2777,2029-08-08,216,34,Fone de ouvido,Acessórios,4,325.68,1302.73,TX,Arrependido da compra
2778,2029-08-09,251,51,Fone de ouvido,Acessórios,3,1460.3,4380.9,TX,Produto ok.
2779,2029-08-10,811,27,Fone de ouvido,Acessórios,1,1148.07,1148.07,FL,Entrega dentro do prazo previsto.
2780,2029-08-11,126,28,Laptop,Eletrônicos,5,1436.7,7183.49,IL,Sem reclamações.
2781,2029-08-12,994,45,Laptop,Eletrônicos,2,864.95,1729.9,CA,Excelente produto!
2782,2029-08-13,217,44,Tablet,Eletrônicos,2,179.21,358.41,FL,Produto ok.
2783,2029-08-14,306,55,Tablet,Eletrônicos,1,664.2,664.2,NY,Excelente produto!
2784,2029-08-15,797,35,Smartphone,Eletrônicos,4,664.29,2657.16,NY,Muito satisfeito com a compra.
2785,2029-08-16,185,64,Laptop,Eletrônicos,2,66.92,133.85,IL,Atendimento excepcional.
2786,2029-08-17,39,65,Tablet,Eletrônicos,1,68.68,68.68,TX,Entrega rápida!
2787,2029-08-18,223,47,Fone de ouvido,Acessórios,4,694.98,2779.91,FL,Excelente produto!
2788,2029-08-19,184,30,Fone de ouvido,Acessórios,1,1468.87,1468.87,CA,Excelente produto!
2789,2029-08-20,495,33,Laptop,Eletrônicos,1,1266.89,1266.89,FL,Muito satisfeito com a compra.
2790,2029-08-21,427,19,Fone de ouvido,Acessórios,4,516.08,2064.34,IL,Sem reclamações.
2791,2029-08-22,178,37,Smartphone,Eletrônicos,4,1225.39,4901.55,FL,Entrega rápida!
2792,2029-08-23,919,29,Tablet,Eletrônicos,4,1312.39,5249.55,IL,Entrega rápida!
2793,2029-08-24,428,46,Tablet,Eletrônicos,1,1069.01,1069.01,IL,Excelente produto!
2794,2029-08-25,294,63,Tablet,Eletrônicos,2,1066.64,2133.28,IL,Produto ok.
2795,2029-08-26,852,25,Laptop,Eletrônicos,3,771.01,2313.03,FL,Excelente produto!
2796,2029-08-27,151,55,Fone de ouvido,Acessórios,3,290.62,871.86,NY,Excelente produto!
2797,2029-08-28,384,63,Smartphone,Eletrônicos,1,801.69,801.69,CA,Excelente produto!
2798,2029-08-29,638,73,Laptop,Eletrônicos,1,723.4,723.4,IL,Sem reclamações.
2799,2029-08-30,813,64,Tablet,Eletrônicos,2,1204.35,2408.69,TX,Atendimento excepcional.
2800,2029-08-31,308,37,Smartphone,Eletrônicos,4,1719.71,6878.83,IL,Entrega rápida!
2801,2029-09-01,336,76,Tablet,Eletrônicos,1,781.98,781.98,FL,Muito satisfeito com a compra.
2802,2029-09-02,946,52,Tablet,Eletrônicos,5,1433.98,7169.92,IL,Atendimento sem problema
2803,2029-09-03,746,56,Laptop,Eletrônicos,4,1633.07,6532.28,TX,Produto com ótimo custo-benefício.
2804,2029-09-04,892,48,Tablet,Eletrônicos,1,462.92,462.92,NY,Atendimento sem problema
2805,2029-09-05,375,33,Smartphone,Eletrônicos,5,1808.22,9041.09,FL,Entrega rápida!
2806,2029-09-06,8,40,Tablet,Eletrônicos,2,187.37,374.74,FL,Excelente produto!
2807,2029-09-07,341,51,Fone de ouvido,Acessórios,5,1808.35,9041.76,FL,Produto com ótimo custo-benefício.
2808,2029-09-08,129,49,Tablet,Eletrônicos,1,369.08,369.08,TX,Atendimento sem problema
2809,2029-09-09,776,34,Laptop,Eletrônicos,3,707.48,2122.44,FL,Atendimento excepcional.
2810,2029-09-10,669,60,Smartphone,Eletrônicos,1,1230.21,1230.21,NY,Muito satisfeito com a compra.
2811,2029-09-11,352,41,Laptop,Eletrônicos,3,1816.08,5448.25,CA,Entrega dentro do prazo previsto.
2812,2029-09-12,358,52,Fone de ouvido,Acessórios,2,548.62,1097.24,CA,Entrega rápida!
2813,2029-09-13,517,71,Tablet,Eletrônicos,2,1538.97,3077.94,IL,Atendimento excepcional.
2814,2029-09-14,495,40,Laptop,Eletrônicos,4,1435.35,5741.4,CA,Produto com ótimo custo-benefício.
2815,2029-09-15,86,25,Laptop,Eletrônicos,4,361.43,1445.73,TX,Péssimo atendimento
2816,2029-09-16,175,71,Laptop,Eletrônicos,3,984.95,2954.86,CA,Produto ok.
2817,2029-09-17,802,40,Laptop,Eletrônicos,3,988.93,2966.8,TX,Atendimento sem problema
2818,2029-09-18,193,38,Fone de ouvido,Acessórios,2,643.99,1287.99,TX,Entrega rápida!
2819,2029-09-19,311,36,Fone de ouvido,Acessórios,5,1570.85,7854.23,IL,Muito satisfeito com a compra.
2820,2029-09-20,119,48,Tablet,Eletrônicos,3,1855.57,5566.71,CA,Atendimento excepcional.
2821,2029-09-21,218,67,Tablet,Eletrônicos,3,1447.32,4341.95,IL,Atendimento excepcional.
2822,2029-09-22,427,24,Smartphone,Eletrônicos,5,1947.26,9736.31,FL,Entrega rápida!
2823,2029-09-23,970,65,Fone de ouvido,Acessórios,4,148.41,593.65,NY,Atendimento sem problema
2824,2029-09-24,414,41,Laptop,Eletrônicos,4,122.58,490.34,CA,Produto com ótimo custo-benefício.
2825,2029-09-25,114,63,Laptop,Eletrônicos,3,1793.02,5379.07,FL,Atendimento sem problema
2826,2029-09-26,978,25,Smartphone,Eletrônicos,4,1800.71,7202.84,FL,Muito satisfeito com a compra.
2827,2029-09-27,145,30,Laptop,Eletrônicos,4,258.89,1035.54,IL,Sem reclamações.
2828,2029-09-28,538,20,Smartphone,Eletrônicos,4,747.02,2988.08,IL,Produto com ótimo custo-benefício.
2829,2029-09-29,648,51,Tablet,Eletrônicos,2,1679.02,3358.04,NY,Muito satisfeito com a compra.
2830,2029-09-30,303,30,Fone de ouvido,Acessórios,1,300.65,300.65,NY,Atendimento excepcional.
2831,2029-10-01,744,74,Smartphone,Eletrônicos,3,571.48,1714.45,NY,Arrependido da compra
2832,2029-10-02,881,71,Laptop,Eletrônicos,3,1377.94,4133.83,NY,Qualidade inferior ao anunciado
2833,2029-10-03,588,75,Smartphone,Eletrônicos,2,1964.7,3929.41,IL,Atendimento excepcional.
2834,2029-10-04,987,49,Tablet,Eletrônicos,1,1604.42,1604.42,TX,Atendimento excepcional.
2835,2029-10-05,840,52,Laptop,Eletrônicos,1,1565.77,1565.77,IL,Muito satisfeito com a compra.
2836,2029-10-06,345,38,Tablet,Eletrônicos,2,718.19,1436.38,TX,Produto com ótimo custo-benefício.
2837,2029-10-07,814,18,Tablet,Eletrônicos,5,1339.62,6698.09,IL,Atendimento sem problema
2838,2029-10-08,964,19,Smartphone,Eletrônicos,5,270.52,1352.61,IL,Muito satisfeito com a compra.
2839,2029-10-09,801,74,Tablet,Eletrônicos,1,1984.92,1984.92,NY,Muito satisfeito com a compra.
2840,2029-10-10,1,59,Laptop,Eletrônicos,5,987.14,4935.7,TX,Produto ok.
2841,2029-10-11,147,60,Tablet,Eletrônicos,5,1295.68,6478.38,FL,Atendimento excepcional.
2842,2029-10-12,287,43,Tablet,Eletrônicos,5,1758.54,8792.68,FL,Atendimento sem problema
2843,2029-10-13,976,20,Smartphone,Eletrônicos,1,51.88,51.88,FL,Entrega rápida!
2844,2029-10-14,654,41,Tablet,Eletrônicos,5,1953.17,9765.83,NY,Produto cumpre o que promete
2845,2029-10-15,53,43,Fone de ouvido,Acessórios,3,750.36,2251.08,FL,Produto com ótimo custo-benefício.
2846,2029-10-16,304,25,Smartphone,Eletrônicos,1,712.2,712.2,IL,Excelente produto!
2847,2029-10-17,69,64,Smartphone,Eletrônicos,2,332.87,665.75,NY,Péssimo atendimento
2848,2029-10-18,361,54,Laptop,Eletrônicos,5,1723.46,8617.3,FL,Atendimento excepcional.
2849,2029-10-19,602,25,Laptop,Eletrônicos,4,1748.14,6992.55,NY,Arrependido da compra
2850,2029-10-20,958,35,Laptop,Eletrônicos,1,88.98,88.98,IL,Entrega dentro do prazo previsto.
2851,2029-10-21,220,35,Laptop,Eletrônicos,2,158.66,317.33,NY,Qualidade inferior ao anunciado
2852,2029-10-22,962,29,Fone de ouvido,Acessórios,3,1840.77,5522.3,FL,Entrega rápida!
2853,2029-10-23,704,53,Smartphone,Eletrônicos,2,289.59,579.19,NY,Excelente produto!
2854,2029-10-24,966,57,Tablet,Eletrônicos,5,1260.81,6304.04,CA,Produto cumpre o que promete
2855,2029-10-25,575,19,Laptop,Eletrônicos,4,1258.32,5033.27,FL,Atendimento sem problema
2856,2029-10-26,585,37,Laptop,Eletrônicos,5,1745.97,8729.87,IL,Produto cumpre o que promete
2857,2029-10-27,161,73,Laptop,Eletrônicos,2,1166.68,2333.35,TX,Muito satisfeito com a compra.
2858,2029-10-28,681,20,Tablet,Eletrônicos,1,896.32,896.32,NY,Entrega atrasada
2859,2029-10-29,89,57,Laptop,Eletrônicos,4,1950.04,7800.17,NY,Entrega rápida!
2860,2029-10-30,688,61,Tablet,Eletrônicos,4,496.19,1984.76,FL,Produto ok.
2861,2029-10-31,781,51,Smartphone,Eletrônicos,2,562.3,1124.6,FL,Produto com ótimo custo-benefício.
2862,2029-11-01,585,79,Smartphone,Eletrônicos,5,215.3,1076.5,CA,Muito satisfeito com a compra.
2863,2029-11-02,757,66,Smartphone,Eletrônicos,2,1951.87,3903.74,IL,Muito satisfeito com a compra.
2864,2029-11-03,589,63,Fone de ouvido,Acessórios,4,1427.4,5709.61,NY,Atendimento sem problema
2865,2029-11-04,159,63,Tablet,Eletrônicos,2,73.59,147.18,NY,Produto ok.
2866,2029-11-05,489,79,Laptop,Eletrônicos,4,1423.41,5693.65,TX,Qualidade inferior ao anunciado
2867,2029-11-06,971,23,Laptop,Eletrônicos,5,838.07,4190.33,NY,Excelente produto!
2868,2029-11-07,324,57,Laptop,Eletrônicos,1,1936.72,1936.72,NY,Produto com ótimo custo-benefício.
2869,2029-11-08,610,74,Laptop,Eletrônicos,1,590.91,590.91,CA,Produto com ótimo custo-benefício.
2870,2029-11-09,381,27,Fone de ouvido,Acessórios,2,1435.06,2870.12,TX,Produto com ótimo custo-benefício.
2871,2029-11-10,102,41,Laptop,Eletrônicos,4,1273.5,5093.99,NY,Muito satisfeito com a compra.
2872,2029-11-11,494,35,Fone de ouvido,Acessórios,1,73.5,73.5,NY,Produto com ótimo custo-benefício.
2873,2029-11-12,644,50,Tablet,Eletrônicos,4,1776.17,7104.69,IL,Muito satisfeito com a compra.
2874,2029-11-13,614,56,Smartphone,Eletrônicos,5,322.24,1611.22,NY,Excelente produto!
2875,2029-11-14,19,24,Laptop,Eletrônicos,2,1344.0,2688.0,CA,Atendimento excepcional.
2876,2029-11-15,454,62,Smartphone,Eletrônicos,4,1562.32,6249.28,NY,Produto com defeito
2877,2029-11-16,482,65,Tablet,Eletrônicos,2,1280.31,2560.62,NY,Sem reclamações.
2878,2029-11-17,594,61,Tablet,Eletrônicos,4,239.37,957.49,FL,Entrega dentro do prazo previsto.
2879,2029-11-18,397,46,Laptop,Eletrônicos,4,1951.6,7806.4,NY,Entrega dentro do prazo previsto.
2880,2029-11-19,279,36,Tablet,Eletrônicos,5,511.79,2558.97,TX,Atendimento excepcional.
2881,2029-11-20,851,55,Smartphone,Eletrônicos,2,1274.34,2548.67,FL,Atendimento sem problema
2882,2029-11-21,365,56,Laptop,Eletrônicos,3,1604.5,4813.49,TX,Produto ok.
2883,2029-11-22,331,79,Fone de ouvido,Acessórios,4,1881.51,7526.04,TX,Excelente produto!
2884,2029-11-23,641,42,Laptop,Eletrônicos,4,1227.82,4911.28,CA,Sem reclamações.
2885,2029-11-24,344,34,Smartphone,Eletrônicos,1,555.16,555.16,NY,Atendimento excepcional.
2886,2029-11-25,822,78,Laptop,Eletrônicos,2,1681.45,3362.89,TX,Produto com ótimo custo-benefício.
2887,2029-11-26,455,68,Laptop,Eletrônicos,3,368.28,1104.84,NY,Produto cumpre o que promete
2888,2029-11-27,601,54,Smartphone,Eletrônicos,5,93.45,467.25,NY,Entrega dentro do prazo previsto.
2889,2029-11-28,725,20,Laptop,Eletrônicos,3,1820.89,5462.67,CA,Atendimento excepcional.
2890,2029-11-29,655,41,Laptop,Eletrônicos,5,1172.01,5860.04,CA,Produto com ótimo custo-benefício.
2891,2029-11-30,65,75,Smartphone,Eletrônicos,3,185.8,557.4,TX,Produto com ótimo custo-benefício.
2892,2029-12-01,76,71,Tablet,Eletrônicos,3,1180.47,3541.42,TX,Excelente produto!
2893,2029-12-02,711,35,Smartphone,Eletrônicos,2,332.78,665.56,FL,Produto com defeito
2894,2029-12-03,143,66,Laptop,Eletrônicos,1,111.2,111.2,NY,Atendimento sem problema
2895,2029-12-04,917,43,Fone de ouvido,Acessórios,3,277.22,831.67,NY,Produto ok.
2896,2029-12-05,915,38,Fone de ouvido,Acessórios,4,1561.46,6245.84,CA,Excelente produto!
2897,2029-12-06,828,28,Smartphone,Eletrônicos,4,1523.54,6094.16,CA,Excelente produto!
2898,2029-12-07,605,74,Fone de ouvido,Acessórios,4,1228.42,4913.68,TX,Produto com ótimo custo-benefício.
2899,2029-12-08,473,75,Laptop,Eletrônicos,1,458.19,458.19,FL,Excelente produto!
2900,2029-12-09,417,58,Laptop,Eletrônicos,3,1490.99,4472.96,FL,Entrega rápida!
2901,2029-12-10,305,34,Smartphone,Eletrônicos,5,845.69,4228.44,CA,Produto com ótimo custo-benefício.
2902,2029-12-11,736,68,Laptop,Eletrônicos,5,1045.97,5229.85,CA,Atendimento excepcional.
2903,2029-12-12,497,62,Tablet,Eletrônicos,2,1800.4,3600.8,FL,Muito satisfeito com a compra.
2904,2029-12-13,291,55,Laptop,Eletrônicos,1,942.82,942.82,FL,Muito satisfeito com a compra.
2905,2029-12-14,940,38,Smartphone,Eletrônicos,3,1271.41,3814.24,TX,Entrega rápida!
2906,2029-12-15,102,21,Tablet,Eletrônicos,4,1925.42,7701.66,FL,Atendimento sem problema
2907,2029-12-16,986,78,Tablet,Eletrônicos,1,930.21,930.21,NY,Atendimento excepcional.
2908,2029-12-17,267,49,Fone de ouvido,Acessórios,1,1143.42,1143.42,FL,Atendimento sem problema
2909,2029-12-18,867,35,Laptop,Eletrônicos,3,1189.61,3568.83,IL,Produto cumpre o que promete
2910,2029-12-19,968,61,Smartphone,Eletrônicos,2,519.39,1038.78,FL,Produto cumpre o que promete
2911,2029-12-20,622,77,Fone de ouvido,Acessórios,2,1487.0,2974.0,CA,Produto com ótimo custo-benefício.
2912,2029-12-21,974,45,Fone de ouvido,Acessórios,2,1466.94,2933.88,CA,Excelente produto!
2913,2029-12-22,842,53,Laptop,Eletrônicos,4,466.44,1865.74,IL,Muito satisfeito com a compra.
2914,2029-12-23,962,54,Laptop,Eletrônicos,4,76.01,304.04,NY,Produto com defeito
2915,2029-12-24,942,61,Smartphone,Eletrônicos,3,1997.94,5993.81,FL,Sem reclamações.
2916,2029-12-25,777,67,Fone de ouvido,Acessórios,2,1184.1,2368.19,FL,Excelente produto!
2917,2029-12-26,3,43,Smartphone,Eletrônicos,3,403.01,1209.04,IL,Produto com ótimo custo-benefício.
2918,2029-12-27,85,66,Fone de ouvido,Acessórios,2,602.95,1205.91,TX,Produto com ótimo custo-benefício.
2919,2029-12-28,794,72,Fone de ouvido,Acessórios,1,1254.69,1254.69,TX,Atendimento excepcional.
2920,2029-12-29,328,72,Fone de ouvido,Acessórios,5,318.35,1591.75,NY,Entrega dentro do prazo previsto.
2921,2029-12-30,816,41,Laptop,Eletrônicos,5,122.7,613.49,FL,Produto com ótimo custo-benefício.
2922,2029-12-31,450,27,Fone de ouvido,Acessórios,2,1607.04,3214.07,FL,Muito satisfeito com a compra.
2923,2030-01-01,454,55,Fone de ouvido,Acessórios,3,1445.9,4337.7,FL,Atendimento excepcional.
2924,2030-01-02,924,66,Fone de ouvido,Acessórios,4,653.72,2614.89,CA,Muito satisfeito com a compra.
2925,2030-01-03,629,25,Tablet,Eletrônicos,2,164.06,328.12,TX,Excelente produto!
2926,2030-01-04,221,19,Laptop,Eletrônicos,2,998.23,1996.46,IL,Entrega rápida!
2927,2030-01-05,154,61,Tablet,Eletrônicos,4,588.56,2354.25,CA,Produto com ótimo custo-benefício.
2928,2030-01-06,665,52,Laptop,Eletrônicos,2,825.67,1651.34,CA,Produto ok.
2929,2030-01-07,12,73,Smartphone,Eletrônicos,1,584.24,584.24,TX,Atendimento excepcional.
2930,2030-01-08,133,69,Tablet,Eletrônicos,4,391.77,1567.09,FL,Muito satisfeito com a compra.
2931,2030-01-09,994,38,Smartphone,Eletrônicos,1,804.63,804.63,NY,Entrega dentro do prazo previsto.
2932,2030-01-10,304,74,Fone de ouvido,Acessórios,5,1931.54,9657.72,IL,Produto com ótimo custo-benefício.
2933,2030-01-11,293,44,Smartphone,Eletrônicos,4,569.14,2276.58,TX,Muito satisfeito com a compra.
2934,2030-01-12,975,40,Smartphone,Eletrônicos,4,705.13,2820.54,NY,Produto com ótimo custo-benefício.
2935,2030-01-13,300,49,Smartphone,Eletrônicos,3,692.02,2076.07,TX,Produto com ótimo custo-benefício.
2936,2030-01-14,740,43,Smartphone,Eletrônicos,3,986.56,2959.69,TX,Muito satisfeito com a compra.
2937,2030-01-15,783,77,Laptop,Eletrônicos,4,1694.84,6779.34,TX,Produto com ótimo custo-benefício.
2938,2030-01-16,43,24,Tablet,Eletrônicos,5,834.14,4170.7,TX,Atendimento excepcional.
2939,2030-01-17,944,50,Laptop,Eletrônicos,2,1621.99,3243.98,FL,Entrega dentro do prazo previsto.
2940,2030-01-18,343,34,Laptop,Eletrônicos,3,274.27,822.82,CA,Excelente produto!
2941,2030-01-19,326,25,Laptop,Eletrônicos,5,1795.07,8975.35,TX,Entrega atrasada
2942,2030-01-20,814,59,Smartphone,Eletrônicos,5,411.34,2056.71,NY,Produto ok.
2943,2030-01-21,498,34,Laptop,Eletrônicos,3,126.44,379.33,NY,Produto cumpre o que promete
2944,2030-01-22,364,65,Tablet,Eletrônicos,2,358.79,717.58,NY,Entrega dentro do prazo previsto.
2945,2030-01-23,891,59,Laptop,Eletrônicos,3,421.96,1265.89,CA,Atendimento excepcional.
2946,2030-01-24,427,64,Fone de ouvido,Acessórios,5,1041.58,5207.92,CA,Muito satisfeito com a compra.
2947,2030-01-25,21,65,Smartphone,Eletrônicos,1,927.38,927.38,NY,Produto com defeito
2948,2030-01-26,407,35,Fone de ouvido,Acessórios,3,1445.96,4337.87,FL,Muito satisfeito com a compra.
2949,2030-01-27,619,53,Tablet,Eletrônicos,5,149.35,746.77,CA,Muito satisfeito com a compra.
2950,2030-01-28,336,74,Tablet,Eletrônicos,3,1020.53,3061.58,CA,Entrega rápida!
2951,2030-01-29,815,56,Tablet,Eletrônicos,5,698.32,3491.59,FL,Produto com ótimo custo-benefício.
2952,2030-01-30,117,78,Tablet,Eletrônicos,2,1279.88,2559.75,TX,Produto com ótimo custo-benefício.
2953,2030-01-31,124,78,Laptop,Eletrônicos,5,135.21,676.07,CA,Atendimento excepcional.
2954,2030-02-01,399,61,Smartphone,Eletrônicos,4,118.12,472.49,NY,Entrega dentro do prazo previsto.
2955,2030-02-02,793,40,Tablet,Eletrônicos,1,883.14,883.14,NY,Muito satisfeito com a compra.
2956,2030-02-03,804,29,Fone de ouvido,Acessórios,5,1632.11,8160.56,FL,Produto cumpre o que promete
2957,2030-02-04,715,75,Tablet,Eletrônicos,3,1358.63,4075.9,NY,Muito satisfeito com a compra.
2958,2030-02-05,51,40,Smartphone,Eletrônicos,3,82.58,247.73,IL,Atendimento excepcional.
2959,2030-02-06,783,70,Fone de ouvido,Acessórios,5,398.02,1990.1,NY,Excelente produto!
2960,2030-02-07,324,50,Fone de ouvido,Acessórios,4,492.13,1968.51,FL,Produto cumpre o que promete
2961,2030-02-08,789,70,Fone de ouvido,Acessórios,5,874.96,4374.82,FL,Produto cumpre o que promete
2962,2030-02-09,141,73,Laptop,Eletrônicos,2,1194.1,2388.19,FL,Muito satisfeito com a compra.
2963,2030-02-10,470,45,Tablet,Eletrônicos,4,472.1,1888.39,IL,Produto com ótimo custo-benefício.
2964,2030-02-11,787,61,Laptop,Eletrônicos,5,795.9,3979.51,CA,Sem reclamações.
2965,2030-02-12,802,40,Fone de ouvido,Acessórios,1,1188.69,1188.69,TX,Entrega dentro do prazo previsto.
2966,2030-02-13,334,24,Laptop,Eletrônicos,4,797.7,3190.8,NY,Muito satisfeito com a compra.
2967,2030-02-14,893,64,Laptop,Eletrônicos,5,329.18,1645.9,CA,Produto com ótimo custo-benefício.
2968,2030-02-15,964,19,Laptop,Eletrônicos,1,1008.74,1008.74,FL,Entrega dentro do prazo previsto.
2969,2030-02-16,373,18,Tablet,Eletrônicos,5,681.79,3408.94,CA,Produto com ótimo custo-benefício.
2970,2030-02-17,564,21,Fone de ouvido,Acessórios,2,1735.17,3470.33,CA,Entrega rápida!
2971,2030-02-18,494,25,Fone de ouvido,Acessórios,3,1562.47,4687.41,IL,Muito satisfeito com a compra.
2972,2030-02-19,539,79,Tablet,Eletrônicos,5,421.04,2105.18,FL,Atendimento sem problema
2973,2030-02-20,669,66,Laptop,Eletrônicos,4,347.64,1390.56,FL,Produto com ótimo custo-benefício.
2974,2030-02-21,751,46,Laptop,Eletrônicos,5,727.97,3639.85,NY,Produto ok.
2975,2030-02-22,156,35,Smartphone,Eletrônicos,5,853.74,4268.7,NY,Produto ok.
2976,2030-02-23,291,72,Smartphone,Eletrônicos,5,1867.44,9337.18,NY,Atendimento excepcional.
2977,2030-02-24,648,54,Smartphone,Eletrônicos,5,638.16,3190.8,NY,Excelente produto!
2978,2030-02-25,144,48,Tablet,Eletrônicos,4,1741.79,6967.16,CA,Arrependido da compra
2979,2030-02-26,106,23,Fone de ouvido,Acessórios,4,1035.35,4141.41,CA,Atendimento excepcional.
2980,2030-02-27,420,61,Smartphone,Eletrônicos,5,1776.97,8884.83,NY,Muito satisfeito com a compra.
2981,2030-02-28,670,41,Fone de ouvido,Acessórios,3,1418.81,4256.43,NY,Péssimo atendimento
2982,2030-03-01,658,77,Fone de ouvido,Acessórios,5,1431.36,7156.79,NY,Entrega dentro do prazo previsto.
2983,2030-03-02,2,65,Fone de ouvido,Acessórios,4,1061.66,4246.62,TX,Atendimento excepcional.
2984,2030-03-03,945,58,Tablet,Eletrônicos,2,1688.59,3377.19,NY,Excelente produto!
2985,2030-03-04,589,32,Tablet,Eletrônicos,5,546.13,2730.64,TX,Muito satisfeito com a compra.
2986,2030-03-05,644,57,Tablet,Eletrônicos,5,1819.33,9096.67,NY,Entrega atrasada
2987,2030-03-06,90,29,Tablet,Eletrônicos,5,1291.71,6458.56,FL,Produto cumpre o que promete
2988,2030-03-07,345,63,Smartphone,Eletrônicos,5,905.48,4527.41,IL,Muito satisfeito com a compra.
2989,2030-03-08,350,66,Laptop,Eletrônicos,1,1965.27,1965.27,CA,Produto ok.
2990,2030-03-09,459,31,Laptop,Eletrônicos,5,1730.93,8654.64,FL,Sem reclamações.
2991,2030-03-10,263,44,Laptop,Eletrônicos,4,1555.44,6221.76,IL,Muito satisfeito com a compra.
2992,2030-03-11,351,69,Smartphone,Eletrônicos,4,584.11,2336.44,TX,Entrega dentro do prazo previsto.
2993,2030-03-12,108,54,Laptop,Eletrônicos,1,1948.79,1948.79,CA,Produto com ótimo custo-benefício.
2994,2030-03-13,586,30,Smartphone,Eletrônicos,5,1498.83,7494.13,TX,Produto ok.
2995,2030-03-14,39,74,Smartphone,Eletrônicos,3,1230.17,3690.52,TX,Entrega rápida!
2996,2030-03-15,909,55,Smartphone,Eletrônicos,5,1847.51,9237.54,CA,Entrega dentro do prazo previsto.
2997,2030-03-16,159,63,Laptop,Eletrônicos,4,366.25,1465.02,IL,Entrega rápida!
2998,2030-03-17,583,55,Fone de ouvido,Acessórios,2,321.08,642.16,CA,Produto com ótimo custo-benefício.
2999,2030-03-18,959,79,Laptop,Eletrônicos,2,1149.24,2298.48,NY,Produto com ótimo custo-benefício.
3000,2030-03-19,312,20,Laptop,Eletrônicos,3,160.59,481.77,TX,Produto cumpre o que promete
3001,2030-03-20,241,33,Tablet,Eletrônicos,5,1344.77,6723.87,NY,Atendimento excepcional.
3002,2030-03-21,938,29,Smartphone,Eletrônicos,1,519.45,519.45,CA,Produto ok.
3003,2030-03-22,445,31,Fone de ouvido,Acessórios,5,282.1,1410.51,CA,Excelente produto!
3004,2030-03-23,298,51,Tablet,Eletrônicos,3,848.52,2545.55,IL,Atendimento sem problema
3005,2030-03-24,952,67,Fone de ouvido,Acessórios,3,958.6,2875.81,TX,Produto com ótimo custo-benefício.
3006,2030-03-25,36,48,Fone de ouvido,Acessórios,3,382.45,1147.34,FL,Produto com ótimo custo-benefício.
3007,2030-03-26,84,56,Smartphone,Eletrônicos,2,130.99,261.99,CA,Entrega rápida!
3008,2030-03-27,452,22,Laptop,Eletrônicos,5,857.41,4287.04,FL,Produto com ótimo custo-benefício.
3009,2030-03-28,886,29,Smartphone,Eletrônicos,5,1531.08,7655.38,TX,Entrega dentro do prazo previsto.
3010,2030-03-29,775,43,Smartphone,Eletrônicos,1,1754.69,1754.69,NY,Entrega dentro do prazo previsto.
3011,2030-03-30,822,34,Tablet,Eletrônicos,3,240.22,720.66,TX,Excelente produto!
3012,2030-03-31,385,61,Smartphone,Eletrônicos,3,1073.12,3219.35,IL,Sem reclamações.
3013,2030-04-01,172,70,Laptop,Eletrônicos,4,563.64,2254.54,FL,Atendimento excepcional.
3014,2030-04-02,376,28,Fone de ouvido,Acessórios,4,780.54,3122.14,FL,Atendimento excepcional.
3015,2030-04-03,685,50,Smartphone,Eletrônicos,2,1870.21,3740.42,NY,Excelente produto!
3016,2030-04-04,362,58,Fone de ouvido,Acessórios,5,736.55,3682.73,NY,Excelente produto!
3017,2030-04-05,559,57,Smartphone,Eletrônicos,1,762.42,762.42,CA,Atendimento sem problema
3018,2030-04-06,891,63,Fone de ouvido,Acessórios,1,458.32,458.32,TX,Arrependido da compra
3019,2030-04-07,141,21,Smartphone,Eletrônicos,3,1922.04,5766.11,IL,Produto com ótimo custo-benefício.
3020,2030-04-08,887,49,Tablet,Eletrônicos,1,940.15,940.15,CA,Entrega rápida!
3021,2030-04-09,918,48,Fone de ouvido,Acessórios,3,1162.26,3486.79,TX,Entrega atrasada
3022,2030-04-10,118,28,Smartphone,Eletrônicos,5,933.68,4668.39,NY,Produto com ótimo custo-benefício.
3023,2030-04-11,277,34,Smartphone,Eletrônicos,1,543.19,543.19,IL,Entrega rápida!
3024,2030-04-12,726,44,Tablet,Eletrônicos,3,1630.3,4890.91,NY,Excelente produto!
3025,2030-04-13,220,25,Tablet,Eletrônicos,5,105.52,527.59,NY,Atendimento sem problema
3026,2030-04-14,905,38,Tablet,Eletrônicos,5,1395.97,6979.87,FL,Produto cumpre o que promete
3027,2030-04-15,26,50,Fone de ouvido,Acessórios,3,1208.83,3626.5,TX,Produto cumpre o que promete
3028,2030-04-16,521,67,Fone de ouvido,Acessórios,3,331.35,994.04,CA,Entrega rápida!
3029,2030-04-17,783,22,Tablet,Eletrônicos,2,373.51,747.03,FL,Produto cumpre o que promete
3030,2030-04-18,10,78,Laptop,Eletrônicos,5,1335.49,6677.45,TX,Produto com ótimo custo-benefício.
3031,2030-04-19,984,79,Laptop,Eletrônicos,3,658.67,1976.01,TX,Péssimo atendimento
3032,2030-04-20,378,49,Smartphone,Eletrônicos,5,568.19,2840.95,TX,Excelente produto!
3033,2030-04-21,633,42,Laptop,Eletrônicos,1,165.35,165.35,IL,Entrega rápida!
3034,2030-04-22,637,75,Smartphone,Eletrônicos,4,1544.64,6178.57,FL,Péssimo atendimento
3035,2030-04-23,682,25,Fone de ouvido,Acessórios,4,1771.21,7084.84,CA,Entrega dentro do prazo previsto.
3036,2030-04-24,584,44,Fone de ouvido,Acessórios,3,1648.7,4946.09,FL,Produto ok.
3037,2030-04-25,152,43,Laptop,Eletrônicos,3,958.77,2876.3,NY,Atendimento excepcional.
3038,2030-04-26,720,57,Fone de ouvido,Acessórios,5,1091.21,5456.07,TX,Atendimento sem problema
3039,2030-04-27,49,46,Tablet,Eletrônicos,3,522.44,1567.32,NY,Sem reclamações.
3040,2030-04-28,154,26,Tablet,Eletrônicos,5,387.07,1935.33,FL,Produto cumpre o que promete
3041,2030-04-29,859,35,Laptop,Eletrônicos,3,1654.85,4964.56,CA,Produto com defeito
3042,2030-04-30,293,24,Laptop,Eletrônicos,5,1606.77,8033.86,NY,Muito satisfeito com a compra.
3043,2030-05-01,580,59,Smartphone,Eletrônicos,3,1565.85,4697.55,NY,Atendimento excepcional.
3044,2030-05-02,50,38,Fone de ouvido,Acessórios,2,953.55,1907.1,IL,Entrega dentro do prazo previsto.
3045,2030-05-03,664,33,Smartphone,Eletrônicos,5,1735.79,8678.95,FL,Excelente produto!
3046,2030-05-04,531,20,Smartphone,Eletrônicos,2,1856.15,3712.31,NY,Atendimento excepcional.
3047,2030-05-05,612,49,Tablet,Eletrônicos,2,690.27,1380.54,FL,Excelente produto!
3048,2030-05-06,60,27,Tablet,Eletrônicos,2,488.15,976.31,CA,Atendimento sem problema
3049,2030-05-07,167,79,Tablet,Eletrônicos,2,955.31,1910.63,NY,Muito satisfeito com a compra.
3050,2030-05-08,202,49,Tablet,Eletrônicos,1,399.69,399.69,CA,Muito satisfeito com a compra.
3051,2030-05-09,857,25,Smartphone,Eletrônicos,4,1773.81,7095.22,NY,Produto com ótimo custo-benefício.
3052,2030-05-10,146,49,Tablet,Eletrônicos,1,709.08,709.08,TX,Muito satisfeito com a compra.
3053,2030-05-11,915,67,Fone de ouvido,Acessórios,3,1173.53,3520.6,IL,Muito satisfeito com a compra.
3054,2030-05-12,676,21,Tablet,Eletrônicos,3,1209.7,3629.11,IL,Produto com ótimo custo-benefício.
3055,2030-05-13,970,46,Tablet,Eletrônicos,4,1054.23,4216.91,IL,Entrega dentro do prazo previsto.
3056,2030-05-14,993,29,Tablet,Eletrônicos,4,355.23,1420.9,CA,Muito satisfeito com a compra.
3057,2030-05-15,439,70,Laptop,Eletrônicos,4,1982.45,7929.8,FL,Entrega dentro do prazo previsto.
3058,2030-05-16,242,54,Fone de ouvido,Acessórios,2,386.58,773.15,IL,Produto ok.
3059,2030-05-17,581,53,Fone de ouvido,Acessórios,1,1515.44,1515.44,NY,Excelente produto!
3060,2030-05-18,687,68,Smartphone,Eletrônicos,3,1593.16,4779.47,NY,Muito satisfeito com a compra.
3061,2030-05-19,561,36,Smartphone,Eletrônicos,1,333.07,333.07,TX,Produto ok.
3062,2030-05-20,483,54,Tablet,Eletrônicos,1,1869.67,1869.67,CA,Produto com ótimo custo-benefício.
3063,2030-05-21,108,64,Laptop,Eletrônicos,1,1001.13,1001.13,NY,Muito satisfeito com a compra.
3064,2030-05-22,226,48,Smartphone,Eletrônicos,4,1276.32,5105.29,NY,Produto com ótimo custo-benefício.
3065,2030-05-23,673,61,Smartphone,Eletrônicos,4,1302.26,5209.05,TX,Entrega rápida!
3066,2030-05-24,631,43,Tablet,Eletrônicos,3,1034.66,3103.99,TX,Atendimento excepcional.
3067,2030-05-25,661,62,Tablet,Eletrônicos,3,326.94,980.83,FL,Atendimento excepcional.
3068,2030-05-26,977,23,Smartphone,Eletrônicos,3,1515.92,4547.76,FL,Muito satisfeito com a compra.
3069,2030-05-27,662,46,Smartphone,Eletrônicos,1,1184.48,1184.48,FL,Atendimento sem problema
3070,2030-05-28,432,34,Fone de ouvido,Acessórios,4,281.43,1125.71,NY,Péssimo atendimento
3071,2030-05-29,805,76,Laptop,Eletrônicos,2,1415.63,2831.26,TX,Muito satisfeito com a compra.
3072,2030-05-30,655,37,Fone de ouvido,Acessórios,1,1420.39,1420.39,CA,Atendimento excepcional.
3073,2030-05-31,419,59,Smartphone,Eletrônicos,5,1119.55,5597.74,FL,Produto cumpre o que promete
3074,2030-06-01,988,63,Fone de ouvido,Acessórios,1,226.57,226.57,IL,Excelente produto!
3075,2030-06-02,455,64,Fone de ouvido,Acessórios,4,737.66,2950.62,NY,Muito satisfeito com a compra.
3076,2030-06-03,160,27,Smartphone,Eletrônicos,5,149.3,746.51,CA,Produto cumpre o que promete
3077,2030-06-04,523,23,Tablet,Eletrônicos,1,981.31,981.31,NY,Sem reclamações.
3078,2030-06-05,650,78,Smartphone,Eletrônicos,4,1817.57,7270.29,FL,Excelente produto!
3079,2030-06-06,969,65,Tablet,Eletrônicos,4,54.39,217.57,NY,Muito satisfeito com a compra.
3080,2030-06-07,590,49,Smartphone,Eletrônicos,2,569.95,1139.89,FL,Excelente produto!
3081,2030-06-08,77,19,Smartphone,Eletrônicos,1,1609.73,1609.73,NY,Atendimento excepcional.
3082,2030-06-09,509,27,Smartphone,Eletrônicos,4,69.23,276.91,FL,Atendimento excepcional.
3083,2030-06-10,441,54,Laptop,Eletrônicos,3,69.84,209.51,TX,Atendimento excepcional.
3084,2030-06-11,254,44,Tablet,Eletrônicos,4,1241.1,4964.38,TX,Excelente produto!
3085,2030-06-12,921,58,Laptop,Eletrônicos,2,1588.94,3177.88,TX,Entrega rápida!
3086,2030-06-13,770,36,Smartphone,Eletrônicos,4,1564.19,6256.74,TX,Excelente produto!
3087,2030-06-14,320,68,Fone de ouvido,Acessórios,1,1570.18,1570.18,TX,Produto com defeito
3088,2030-06-15,803,58,Laptop,Eletrônicos,1,753.96,753.96,IL,Atendimento sem problema
3089,2030-06-16,263,33,Tablet,Eletrônicos,5,1771.31,8856.56,NY,Produto cumpre o que promete
3090,2030-06-17,597,78,Smartphone,Eletrônicos,1,75.03,75.03,TX,Atendimento excepcional.
3091,2030-06-18,658,68,Laptop,Eletrônicos,5,658.77,3293.84,IL,Produto com ótimo custo-benefício.
3092,2030-06-19,835,37,Fone de ouvido,Acessórios,3,707.52,2122.55,IL,Entrega dentro do prazo previsto.
3093,2030-06-20,554,77,Laptop,Eletrônicos,2,372.86,745.73,NY,Sem reclamações.
3094,2030-06-21,374,74,Tablet,Eletrônicos,3,705.64,2116.92,NY,Produto cumpre o que promete
3095,2030-06-22,637,53,Laptop,Eletrônicos,5,1192.47,5962.37,FL,Atendimento excepcional.
3096,2030-06-23,167,22,Fone de ouvido,Acessórios,4,1064.54,4258.18,FL,Produto ok.
3097,2030-06-24,937,35,Fone de ouvido,Acessórios,4,672.88,2691.53,TX,Entrega atrasada
3098,2030-06-25,753,25,Tablet,Eletrônicos,3,1511.19,4533.57,CA,Entrega rápida!
3099,2030-06-26,459,30,Fone de ouvido,Acessórios,4,1443.84,5775.37,FL,Entrega rápida!
3100,2030-06-27,999,58,Smartphone,Eletrônicos,5,597.36,2986.79,CA,Entrega rápida!
3101,2030-06-28,280,27,Fone de ouvido,Acessórios,2,680.3,1360.59,FL,Atendimento sem problema
3102,2030-06-29,700,53,Smartphone,Eletrônicos,1,610.66,610.66,IL,Excelente produto!
3103,2030-06-30,302,36,Laptop,Eletrônicos,5,301.26,1506.3,IL,Atendimento sem problema
3104,2030-07-01,531,48,Smartphone,Eletrônicos,5,1517.92,7589.62,IL,Produto com ótimo custo-benefício.
3105,2030-07-02,580,53,Smartphone,Eletrônicos,1,140.24,140.24,CA,Sem reclamações.
3106,2030-07-03,218,46,Laptop,Eletrônicos,1,343.63,343.63,TX,Excelente produto!
3107,2030-07-04,102,62,Fone de ouvido,Acessórios,2,255.34,510.69,FL,Entrega rápida!
3108,2030-07-05,554,40,Smartphone,Eletrônicos,2,1659.41,3318.82,FL,Produto ok.
3109,2030-07-06,288,49,Fone de ouvido,Acessórios,2,135.82,271.63,CA,Entrega dentro do prazo previsto.
3110,2030-07-07,167,66,Laptop,Eletrônicos,4,1346.02,5384.09,IL,Qualidade inferior ao anunciado
3111,2030-07-08,621,76,Tablet,Eletrônicos,5,136.73,683.63,TX,Atendimento excepcional.
3112,2030-07-09,36,28,Fone de ouvido,Acessórios,1,1583.56,1583.56,FL,Produto com ótimo custo-benefício.
3113,2030-07-10,744,19,Fone de ouvido,Acessórios,5,1829.79,9148.96,TX,Muito satisfeito com a compra.
3114,2030-07-11,741,49,Tablet,Eletrônicos,5,999.34,4996.72,TX,Produto com ótimo custo-benefício.
3115,2030-07-12,353,75,Tablet,Eletrônicos,2,1618.86,3237.71,NY,Entrega rápida!
3116,2030-07-13,676,22,Laptop,Eletrônicos,2,1427.5,2855.0,TX,Entrega rápida!
3117,2030-07-14,899,74,Fone de ouvido,Acessórios,5,1601.49,8007.44,NY,Sem reclamações.
3118,2030-07-15,73,48,Fone de ouvido,Acessórios,2,1545.21,3090.42,CA,Atendimento excepcional.
3119,2030-07-16,648,30,Laptop,Eletrônicos,4,450.47,1801.87,IL,Produto cumpre o que promete
3120,2030-07-17,353,39,Fone de ouvido,Acessórios,1,1024.14,1024.14,NY,Atendimento sem problema
3121,2030-07-18,891,52,Smartphone,Eletrônicos,5,1922.81,9614.04,TX,Entrega rápida!
3122,2030-07-19,70,36,Smartphone,Eletrônicos,1,719.89,719.89,IL,Entrega atrasada
3123,2030-07-20,425,46,Smartphone,Eletrônicos,4,1942.45,7769.8,TX,Atendimento excepcional.
3124,2030-07-21,999,40,Fone de ouvido,Acessórios,2,1187.17,2374.33,TX,Entrega atrasada
3125,2030-07-22,708,36,Smartphone,Eletrônicos,3,950.14,2850.43,NY,Entrega atrasada
3126,2030-07-23,781,33,Smartphone,Eletrônicos,4,1332.63,5330.51,CA,Qualidade inferior ao anunciado
3127,2030-07-24,561,48,Laptop,Eletrônicos,3,1640.89,4922.66,TX,Produto cumpre o que promete
3128,2030-07-25,828,33,Laptop,Eletrônicos,1,818.71,818.71,NY,Atendimento excepcional.
3129,2030-07-26,642,43,Tablet,Eletrônicos,5,114.26,571.3,TX,Excelente produto!
3130,2030-07-27,956,20,Tablet,Eletrônicos,2,1432.17,2864.34,IL,Atendimento excepcional.
3131,2030-07-28,517,75,Tablet,Eletrônicos,4,1914.53,7658.1,CA,Atendimento excepcional.
3132,2030-07-29,428,77,Tablet,Eletrônicos,2,1268.72,2537.45,TX,Produto ok.
3133,2030-07-30,539,40,Laptop,Eletrônicos,3,417.41,1252.22,CA,Entrega dentro do prazo previsto.
3134,2030-07-31,160,74,Laptop,Eletrônicos,3,534.07,1602.22,CA,Entrega rápida!
3135,2030-08-01,149,26,Laptop,Eletrônicos,5,1824.01,9120.07,IL,Produto com ótimo custo-benefício.
3136,2030-08-02,776,68,Smartphone,Eletrônicos,3,76.45,229.34,IL,Entrega rápida!
3137,2030-08-03,230,41,Smartphone,Eletrônicos,5,1120.06,5600.28,FL,Atendimento excepcional.
3138,2030-08-04,712,50,Tablet,Eletrônicos,4,359.42,1437.69,CA,Produto com ótimo custo-benefício.
3139,2030-08-05,562,31,Smartphone,Eletrônicos,5,601.39,3006.95,TX,Atendimento sem problema
3140,2030-08-06,67,45,Fone de ouvido,Acessórios,3,648.61,1945.84,IL,Entrega dentro do prazo previsto.
3141,2030-08-07,812,41,Laptop,Eletrônicos,1,477.6,477.6,TX,Produto com ótimo custo-benefício.
3142,2030-08-08,381,60,Tablet,Eletrônicos,5,1595.09,7975.43,CA,Excelente produto!
3143,2030-08-09,58,67,Tablet,Eletrônicos,2,697.81,1395.62,IL,Atendimento sem problema
3144,2030-08-10,259,69,Fone de ouvido,Acessórios,1,723.7,723.7,FL,Muito satisfeito com a compra.
3145,2030-08-11,342,24,Smartphone,Eletrônicos,5,933.36,4666.82,CA,Produto com defeito
3146,2030-08-12,838,55,Tablet,Eletrônicos,2,1809.48,3618.95,TX,Atendimento excepcional.
3147,2030-08-13,130,61,Smartphone,Eletrônicos,1,1391.94,1391.94,FL,Entrega rápida!
3148,2030-08-14,727,42,Smartphone,Eletrônicos,5,170.41,852.06,CA,Entrega dentro do prazo previsto.
3149,2030-08-15,172,79,Fone de ouvido,Acessórios,4,126.56,506.24,IL,Muito satisfeito com a compra.
3150,2030-08-16,770,73,Tablet,Eletrônicos,2,1154.46,2308.92,CA,Entrega rápida!
3151,2030-08-17,614,19,Smartphone,Eletrônicos,4,1779.77,7119.07,NY,Produto cumpre o que promete
3152,2030-08-18,209,62,Smartphone,Eletrônicos,3,680.34,2041.02,TX,Atendimento sem problema
3153,2030-08-19,803,69,Fone de ouvido,Acessórios,5,533.16,2665.78,IL,Entrega rápida!
3154,2030-08-20,354,18,Fone de ouvido,Acessórios,5,1508.97,7544.86,IL,Atendimento excepcional.
3155,2030-08-21,471,40,Smartphone,Eletrônicos,2,1224.08,2448.16,NY,Excelente produto!
3156,2030-08-22,798,64,Fone de ouvido,Acessórios,5,1151.8,5759.02,FL,Produto cumpre o que promete
3157,2030-08-23,116,69,Smartphone,Eletrônicos,3,341.14,1023.41,IL,Muito satisfeito com a compra.
3158,2030-08-24,264,57,Tablet,Eletrônicos,5,393.12,1965.62,FL,Produto cumpre o que promete
3159,2030-08-25,662,35,Laptop,Eletrônicos,1,599.49,599.49,FL,Entrega dentro do prazo previsto.
3160,2030-08-26,812,64,Fone de ouvido,Acessórios,4,453.34,1813.34,FL,Produto com ótimo custo-benefício.
3161,2030-08-27,442,25,Laptop,Eletrônicos,3,1944.32,5832.95,CA,Atendimento excepcional.
3162,2030-08-28,548,51,Smartphone,Eletrônicos,3,86.29,258.87,NY,Muito satisfeito com a compra.
3163,2030-08-29,453,60,Smartphone,Eletrônicos,4,1270.81,5083.24,TX,Excelente produto!
3164,2030-08-30,845,25,Smartphone,Eletrônicos,4,1059.32,4237.27,NY,Sem reclamações.
3165,2030-08-31,477,46,Laptop,Eletrônicos,3,680.34,2041.02,IL,Produto ok.
3166,2030-09-01,287,30,Smartphone,Eletrônicos,4,1780.8,7123.19,NY,Atendimento excepcional.
3167,2030-09-02,303,18,Fone de ouvido,Acessórios,2,1356.82,2713.63,TX,Atendimento sem problema
3168,2030-09-03,311,46,Tablet,Eletrônicos,4,1996.79,7987.16,CA,Muito satisfeito com a compra.
3169,2030-09-04,208,67,Tablet,Eletrônicos,1,378.88,378.88,IL,Produto com ótimo custo-benefício.
3170,2030-09-05,618,54,Fone de ouvido,Acessórios,1,221.34,221.34,CA,Atendimento excepcional.
3171,2030-09-06,446,18,Tablet,Eletrônicos,2,321.82,643.65,IL,Produto com ótimo custo-benefício.
3172,2030-09-07,670,61,Laptop,Eletrônicos,4,575.12,2300.47,TX,Produto com ótimo custo-benefício.
3173,2030-09-08,633,22,Smartphone,Eletrônicos,1,862.73,862.73,CA,Sem reclamações.
3174,2030-09-09,55,70,Smartphone,Eletrônicos,5,1732.08,8660.38,TX,Atendimento excepcional.
3175,2030-09-10,912,65,Smartphone,Eletrônicos,4,603.0,2412.02,TX,Arrependido da compra
3176,2030-09-11,12,72,Laptop,Eletrônicos,2,1834.72,3669.45,NY,Excelente produto!
3177,2030-09-12,657,67,Laptop,Eletrônicos,4,952.67,3810.68,IL,Entrega dentro do prazo previsto.
3178,2030-09-13,400,19,Laptop,Eletrônicos,3,1311.79,3935.36,FL,Produto ok.
3179,2030-09-14,908,64,Fone de ouvido,Acessórios,3,565.6,1696.79,FL,Produto com ótimo custo-benefício.
3180,2030-09-15,648,77,Laptop,Eletrônicos,1,354.23,354.23,CA,Atendimento excepcional.
3181,2030-09-16,980,39,Tablet,Eletrônicos,3,1745.44,5236.32,TX,Excelente produto!
3182,2030-09-17,515,47,Fone de ouvido,Acessórios,2,263.54,527.07,NY,Péssimo atendimento
3183,2030-09-18,656,28,Fone de ouvido,Acessórios,1,1559.34,1559.34,IL,Produto ok.
3184,2030-09-19,542,46,Fone de ouvido,Acessórios,2,1182.92,2365.84,CA,Produto cumpre o que promete
3185,2030-09-20,237,59,Laptop,Eletrônicos,2,1729.22,3458.44,TX,Atendimento sem problema
3186,2030-09-21,279,20,Fone de ouvido,Acessórios,3,1449.75,4349.24,FL,Muito satisfeito com a compra.
3187,2030-09-22,348,62,Laptop,Eletrônicos,3,599.24,1797.73,FL,Excelente produto!
3188,2030-09-23,627,30,Laptop,Eletrônicos,2,1170.13,2340.27,IL,Atendimento excepcional.
3189,2030-09-24,104,73,Fone de ouvido,Acessórios,3,75.49,226.48,IL,Excelente produto!
3190,2030-09-25,630,20,Smartphone,Eletrônicos,3,976.68,2930.03,IL,Produto cumpre o que promete
3191,2030-09-26,517,27,Smartphone,Eletrônicos,3,217.73,653.18,CA,Produto cumpre o que promete
3192,2030-09-27,980,21,Fone de ouvido,Acessórios,4,886.44,3545.77,IL,Qualidade inferior ao anunciado
3193,2030-09-28,872,31,Smartphone,Eletrônicos,2,263.74,527.49,CA,Atendimento excepcional.
3194,2030-09-29,248,78,Tablet,Eletrônicos,5,1913.19,9565.93,NY,Excelente produto!
3195,2030-09-30,364,40,Tablet,Eletrônicos,2,1069.98,2139.97,TX,Atendimento sem problema
3196,2030-10-01,321,34,Laptop,Eletrônicos,1,1830.78,1830.78,FL,Entrega rápida!
3197,2030-10-02,633,18,Smartphone,Eletrônicos,3,93.61,280.84,CA,Atendimento excepcional.
3198,2030-10-03,286,74,Tablet,Eletrônicos,3,1293.42,3880.27,TX,Entrega rápida!
3199,2030-10-04,149,32,Fone de ouvido,Acessórios,5,648.56,3242.81,IL,Produto com ótimo custo-benefício.
3200,2030-10-05,84,77,Smartphone,Eletrônicos,1,892.07,892.07,FL,Entrega atrasada
3201,2030-10-06,966,71,Tablet,Eletrônicos,4,1752.52,7010.08,CA,Atendimento excepcional.
3202,2030-10-07,406,70,Tablet,Eletrônicos,2,1961.04,3922.08,IL,Produto ok.
3203,2030-10-08,978,19,Fone de ouvido,Acessórios,4,530.66,2122.64,TX,Sem reclamações.
3204,2030-10-09,456,35,Laptop,Eletrônicos,1,1899.09,1899.09,NY,Atendimento excepcional.
3205,2030-10-10,743,56,Fone de ouvido,Acessórios,5,1393.02,6965.09,TX,Produto cumpre o que promete
3206,2030-10-11,800,39,Laptop,Eletrônicos,1,1905.26,1905.26,CA,Muito satisfeito com a compra.
3207,2030-10-12,161,45,Tablet,Eletrônicos,5,1146.62,5733.08,NY,Muito satisfeito com a compra.
3208,2030-10-13,784,47,Laptop,Eletrônicos,4,1923.47,7693.9,NY,Sem reclamações.
3209,2030-10-14,460,30,Tablet,Eletrônicos,4,1790.29,7161.15,IL,Muito satisfeito com a compra.
3210,2030-10-15,550,73,Tablet,Eletrônicos,1,300.75,300.75,TX,Muito satisfeito com a compra.
3211,2030-10-16,500,20,Smartphone,Eletrônicos,1,656.04,656.04,CA,Atendimento excepcional.
3212,2030-10-17,738,20,Laptop,Eletrônicos,3,523.97,1571.92,NY,Entrega rápida!
3213,2030-10-18,509,62,Laptop,Eletrônicos,5,1165.59,5827.97,IL,Excelente produto!
3214,2030-10-19,654,70,Laptop,Eletrônicos,3,1615.46,4846.38,NY,Atendimento excepcional.
3215,2030-10-20,804,43,Fone de ouvido,Acessórios,2,1530.85,3061.7,TX,Produto com ótimo custo-benefício.
3216,2030-10-21,481,21,Smartphone,Eletrônicos,2,1467.16,2934.32,FL,Péssimo atendimento
3217,2030-10-22,663,33,Smartphone,Eletrônicos,1,781.77,781.77,CA,Atendimento excepcional.
3218,2030-10-23,114,45,Smartphone,Eletrônicos,4,322.29,1289.17,FL,Entrega rápida!
3219,2030-10-24,749,25,Fone de ouvido,Acessórios,2,460.64,921.28,TX,Muito satisfeito com a compra.
3220,2030-10-25,578,71,Laptop,Eletrônicos,2,1496.27,2992.54,FL,Atendimento sem problema
3221,2030-10-26,361,57,Laptop,Eletrônicos,3,337.69,1013.08,TX,Entrega rápida!
3222,2030-10-27,341,33,Laptop,Eletrônicos,3,484.75,1454.24,TX,Produto com defeito
3223,2030-10-28,770,48,Smartphone,Eletrônicos,2,877.88,1755.76,IL,Atendimento sem problema
3224,2030-10-29,987,40,Smartphone,Eletrônicos,1,190.62,190.62,FL,Produto com ótimo custo-benefício.
3225,2030-10-30,761,19,Tablet,Eletrônicos,3,464.75,1394.25,NY,Entrega rápida!
3226,2030-10-31,969,26,Fone de ouvido,Acessórios,2,342.05,684.1,TX,Produto com ótimo custo-benefício.
3227,2030-11-01,449,44,Fone de ouvido,Acessórios,4,1905.08,7620.31,FL,Produto cumpre o que promete
3228,2030-11-02,843,62,Smartphone,Eletrônicos,3,423.48,1270.43,NY,Atendimento excepcional.
3229,2030-11-03,835,71,Tablet,Eletrônicos,2,1730.45,3460.9,CA,Sem reclamações.
3230,2030-11-04,180,76,Laptop,Eletrônicos,5,273.86,1369.28,NY,Entrega dentro do prazo previsto.
3231,2030-11-05,702,76,Smartphone,Eletrônicos,3,1745.86,5237.59,FL,Produto cumpre o que promete
3232,2030-11-06,407,39,Fone de ouvido,Acessórios,5,1218.9,6094.48,FL,Atendimento sem problema
3233,2030-11-07,666,61,Fone de ouvido,Acessórios,3,1706.93,5120.78,NY,Atendimento sem problema
3234,2030-11-08,196,51,Fone de ouvido,Acessórios,3,1741.33,5223.99,NY,Atendimento excepcional.
3235,2030-11-09,466,26,Laptop,Eletrônicos,5,1212.93,6064.64,TX,Entrega rápida!
3236,2030-11-10,311,50,Fone de ouvido,Acessórios,1,1839.5,1839.5,FL,Entrega rápida!
3237,2030-11-11,262,55,Laptop,Eletrônicos,2,1191.62,2383.25,TX,Excelente produto!
3238,2030-11-12,419,79,Laptop,Eletrônicos,1,1439.5,1439.5,TX,Entrega atrasada
3239,2030-11-13,406,73,Laptop,Eletrônicos,1,861.36,861.36,CA,Atendimento excepcional.
3240,2030-11-14,939,51,Smartphone,Eletrônicos,2,1832.43,3664.86,FL,Produto ok.
3241,2030-11-15,143,52,Laptop,Eletrônicos,4,1657.12,6628.47,TX,Atendimento sem problema
3242,2030-11-16,342,75,Tablet,Eletrônicos,1,375.09,375.09,CA,Produto cumpre o que promete
3243,2030-11-17,316,64,Fone de ouvido,Acessórios,1,1173.96,1173.96,TX,Muito satisfeito com a compra.
3244,2030-11-18,101,43,Smartphone,Eletrônicos,1,1798.81,1798.81,TX,Muito satisfeito com a compra.
3245,2030-11-19,244,24,Fone de ouvido,Acessórios,4,1596.48,6385.9,FL,Entrega rápida!
3246,2030-11-20,490,62,Laptop,Eletrônicos,3,1926.98,5780.93,NY,Produto com defeito
3247,2030-11-21,12,65,Smartphone,Eletrônicos,5,501.04,2505.19,NY,Excelente produto!
3248,2030-11-22,239,62,Tablet,Eletrônicos,5,766.55,3832.73,FL,Produto com ótimo custo-benefício.
3249,2030-11-23,561,44,Laptop,Eletrônicos,4,1039.02,4156.1,NY,Entrega rápida!
3250,2030-11-24,42,29,Fone de ouvido,Acessórios,1,503.7,503.7,IL,Excelente produto!
3251,2030-11-25,678,34,Tablet,Eletrônicos,5,818.39,4091.94,NY,Atendimento excepcional.
3252,2030-11-26,594,38,Laptop,Eletrônicos,4,1098.2,4392.81,TX,Arrependido da compra
3253,2030-11-27,429,60,Tablet,Eletrônicos,2,423.11,846.22,TX,Produto ok.
3254,2030-11-28,803,39,Laptop,Eletrônicos,5,550.54,2752.71,CA,Sem reclamações.
3255,2030-11-29,158,43,Smartphone,Eletrônicos,2,293.44,586.89,FL,Muito satisfeito com a compra.
3256,2030-11-30,216,56,Laptop,Eletrônicos,1,1441.09,1441.09,CA,Excelente produto!
3257,2030-12-01,670,30,Smartphone,Eletrônicos,5,755.03,3775.13,TX,Sem reclamações.
3258,2030-12-02,462,59,Laptop,Eletrônicos,4,479.52,1918.08,TX,Produto cumpre o que promete
3259,2030-12-03,134,59,Laptop,Eletrônicos,3,1039.28,3117.85,CA,Produto com ótimo custo-benefício.
3260,2030-12-04,67,62,Fone de ouvido,Acessórios,5,183.09,915.43,IL,Produto cumpre o que promete
3261,2030-12-05,848,40,Tablet,Eletrônicos,5,1850.64,9253.21,NY,Qualidade inferior ao anunciado
3262,2030-12-06,7,68,Tablet,Eletrônicos,5,624.21,3121.06,IL,Excelente produto!
3263,2030-12-07,948,47,Tablet,Eletrônicos,5,1778.61,8893.03,IL,Excelente produto!
3264,2030-12-08,526,72,Laptop,Eletrônicos,4,1020.36,4081.44,IL,Produto com ótimo custo-benefício.
3265,2030-12-09,73,34,Laptop,Eletrônicos,4,1707.79,6831.17,IL,Qualidade inferior ao anunciado
3266,2030-12-10,399,44,Laptop,Eletrônicos,3,531.78,1595.33,NY,Muito satisfeito com a compra.
3267,2030-12-11,405,37,Smartphone,Eletrônicos,4,391.78,1567.11,FL,Sem reclamações.
3268,2030-12-12,675,24,Smartphone,Eletrônicos,4,1706.35,6825.41,CA,Entrega dentro do prazo previsto.
3269,2030-12-13,578,72,Fone de ouvido,Acessórios,1,465.2,465.2,IL,Excelente produto!
3270,2030-12-14,859,21,Laptop,Eletrônicos,1,1505.08,1505.08,IL,Muito satisfeito com a compra.
3271,2030-12-15,130,66,Tablet,Eletrônicos,2,721.94,1443.88,CA,Produto com ótimo custo-benefício.
3272,2030-12-16,931,48,Tablet,Eletrônicos,3,1508.98,4526.93,CA,Entrega dentro do prazo previsto.
3273,2030-12-17,466,47,Fone de ouvido,Acessórios,1,1819.91,1819.91,FL,Sem reclamações.
3274,2030-12-18,206,48,Tablet,Eletrônicos,3,1964.19,5892.58,TX,Produto ok.
3275,2030-12-19,788,73,Fone de ouvido,Acessórios,3,751.63,2254.89,FL,Entrega rápida!
3276,2030-12-20,978,21,Laptop,Eletrônicos,5,766.68,3833.38,TX,Atendimento excepcional.
3277,2030-12-21,768,35,Tablet,Eletrônicos,3,1963.71,5891.12,NY,Atendimento sem problema
3278,2030-12-22,266,37,Laptop,Eletrônicos,5,1729.98,8649.9,FL,Excelente produto!
3279,2030-12-23,537,57,Smartphone,Eletrônicos,2,137.93,275.86,NY,Atendimento excepcional.
3280,2030-12-24,962,57,Tablet,Eletrônicos,2,1168.23,2336.45,CA,Excelente produto!
3281,2030-12-25,793,70,Smartphone,Eletrônicos,2,403.43,806.85,FL,Produto com ótimo custo-benefício.
3282,2030-12-26,253,65,Tablet,Eletrônicos,5,1988.32,9941.62,CA,Muito satisfeito com a compra.
3283,2030-12-27,822,64,Laptop,Eletrônicos,5,320.9,1604.5,IL,Atendimento excepcional.
3284,2030-12-28,289,67,Fone de ouvido,Acessórios,2,1140.73,2281.46,CA,Produto cumpre o que promete
3285,2030-12-29,164,40,Laptop,Eletrônicos,5,1347.14,6735.68,IL,Entrega rápida!
3286,2030-12-30,95,68,Laptop,Eletrônicos,4,1877.28,7509.1,TX,Qualidade inferior ao anunciado
3287,2030-12-31,782,55,Laptop,Eletrônicos,4,1702.15,6808.61,IL,Produto com ótimo custo-benefício.
3288,2031-01-01,833,26,Tablet,Eletrônicos,5,529.22,2646.11,TX,Entrega rápida!
3289,2031-01-02,110,78,Fone de ouvido,Acessórios,5,1166.62,5833.08,IL,Atendimento excepcional.
3290,2031-01-03,336,33,Smartphone,Eletrônicos,1,1909.47,1909.47,IL,Produto ok.
3291,2031-01-04,822,38,Laptop,Eletrônicos,1,1484.65,1484.65,NY,Arrependido da compra
3292,2031-01-05,238,26,Tablet,Eletrônicos,3,1392.26,4176.77,NY,Entrega rápida!
3293,2031-01-06,381,69,Smartphone,Eletrônicos,3,1522.06,4566.17,CA,Muito satisfeito com a compra.
3294,2031-01-07,436,42,Laptop,Eletrônicos,3,678.89,2036.66,NY,Excelente produto!
3295,2031-01-08,899,66,Smartphone,Eletrônicos,2,1472.04,2944.08,TX,Entrega dentro do prazo previsto.
3296,2031-01-09,483,53,Laptop,Eletrônicos,4,504.07,2016.27,NY,Atendimento sem problema
3297,2031-01-10,937,64,Smartphone,Eletrônicos,2,884.8,1769.6,CA,Produto ok.
3298,2031-01-11,902,60,Smartphone,Eletrônicos,5,1785.36,8926.81,FL,Entrega rápida!
3299,2031-01-12,25,31,Fone de ouvido,Acessórios,1,86.99,86.99,TX,Entrega rápida!
3300,2031-01-13,653,34,Fone de ouvido,Acessórios,5,857.92,4289.61,FL,Atendimento sem problema
3301,2031-01-14,117,45,Laptop,Eletrônicos,5,570.3,2851.51,TX,Sem reclamações.
3302,2031-01-15,482,62,Tablet,Eletrônicos,1,437.25,437.25,CA,Excelente produto!
3303,2031-01-16,392,58,Fone de ouvido,Acessórios,5,1685.22,8426.11,NY,Entrega rápida!
3304,2031-01-17,917,73,Smartphone,Eletrônicos,3,1408.17,4224.52,FL,Arrependido da compra
3305,2031-01-18,994,65,Fone de ouvido,Acessórios,1,269.63,269.63,FL,Entrega rápida!
3306,2031-01-19,964,25,Fone de ouvido,Acessórios,5,1014.2,5071.02,NY,Produto com ótimo custo-benefício.
3307,2031-01-20,537,31,Laptop,Eletrônicos,3,960.47,2881.4,CA,Produto com ótimo custo-benefício.
3308,2031-01-21,79,32,Fone de ouvido,Acessórios,3,327.93,983.79,NY,Entrega rápida!
3309,2031-01-22,580,56,Fone de ouvido,Acessórios,4,1609.54,6438.15,IL,Produto com ótimo custo-benefício.
3310,2031-01-23,173,42,Smartphone,Eletrônicos,3,765.01,2295.04,IL,Produto ok.
3311,2031-01-24,956,76,Fone de ouvido,Acessórios,2,1535.78,3071.56,IL,Produto com ótimo custo-benefício.
3312,2031-01-25,12,28,Smartphone,Eletrônicos,1,424.52,424.52,FL,Muito satisfeito com a compra.
3313,2031-01-26,800,46,Fone de ouvido,Acessórios,1,664.39,664.39,FL,Sem reclamações.
3314,2031-01-27,128,20,Fone de ouvido,Acessórios,1,235.58,235.58,CA,Arrependido da compra
3315,2031-01-28,608,56,Tablet,Eletrônicos,5,329.78,1648.92,TX,Produto ok.
3316,2031-01-29,92,39,Fone de ouvido,Acessórios,5,1772.21,8861.04,NY,Produto cumpre o que promete
3317,2031-01-30,653,54,Smartphone,Eletrônicos,2,262.77,525.54,TX,Péssimo atendimento
3318,2031-01-31,543,58,Smartphone,Eletrônicos,3,236.68,710.03,FL,Produto ok.
3319,2031-02-01,846,37,Laptop,Eletrônicos,5,1883.74,9418.68,NY,Qualidade inferior ao anunciado
3320,2031-02-02,532,36,Laptop,Eletrônicos,3,1309.51,3928.54,FL,Atendimento sem problema
3321,2031-02-03,658,30,Tablet,Eletrônicos,3,246.79,740.36,CA,Entrega dentro do prazo previsto.
3322,2031-02-04,989,44,Smartphone,Eletrônicos,5,1944.85,9724.24,NY,Atendimento sem problema
3323,2031-02-05,828,36,Smartphone,Eletrônicos,5,336.85,1684.23,FL,Arrependido da compra
3324,2031-02-06,447,33,Smartphone,Eletrônicos,2,1544.37,3088.75,IL,Produto cumpre o que promete
3325,2031-02-07,390,19,Tablet,Eletrônicos,4,117.96,471.84,IL,Atendimento sem problema
3326,2031-02-08,672,18,Smartphone,Eletrônicos,1,1267.86,1267.86,FL,Atendimento excepcional.
3327,2031-02-09,861,20,Laptop,Eletrônicos,5,1116.07,5580.36,TX,Entrega atrasada
3328,2031-02-10,43,41,Tablet,Eletrônicos,5,455.61,2278.04,CA,Produto com ótimo custo-benefício.
3329,2031-02-11,254,61,Laptop,Eletrônicos,3,1304.13,3912.4,CA,Excelente produto!
3330,2031-02-12,130,55,Laptop,Eletrônicos,4,1253.25,5013.01,FL,Atendimento sem problema
3331,2031-02-13,60,19,Tablet,Eletrônicos,5,1606.79,8033.93,CA,Excelente produto!
3332,2031-02-14,663,73,Fone de ouvido,Acessórios,4,1757.95,7031.82,NY,Atendimento excepcional.
3333,2031-02-15,467,33,Fone de ouvido,Acessórios,1,1044.7,1044.7,CA,Produto com ótimo custo-benefício.
3334,2031-02-16,287,46,Laptop,Eletrônicos,3,1006.08,3018.23,IL,Atendimento excepcional.
3335,2031-02-17,517,54,Fone de ouvido,Acessórios,2,1262.11,2524.22,FL,Excelente produto!
3336,2031-02-18,467,61,Smartphone,Eletrônicos,1,1471.95,1471.95,NY,Atendimento excepcional.
3337,2031-02-19,930,21,Tablet,Eletrônicos,4,744.53,2978.14,CA,Sem reclamações.
3338,2031-02-20,778,31,Laptop,Eletrônicos,4,1034.05,4136.21,IL,Excelente produto!
3339,2031-02-21,345,34,Smartphone,Eletrônicos,1,1190.95,1190.95,TX,Produto cumpre o que promete
3340,2031-02-22,642,61,Fone de ouvido,Acessórios,4,1977.34,7909.35,CA,Atendimento sem problema
3341,2031-02-23,382,62,Smartphone,Eletrônicos,2,1196.04,2392.08,IL,Atendimento excepcional.
3342,2031-02-24,779,34,Fone de ouvido,Acessórios,2,487.16,974.33,IL,Entrega dentro do prazo previsto.
3343,2031-02-25,690,37,Laptop,Eletrônicos,4,1196.58,4786.32,IL,Excelente produto!
3344,2031-02-26,253,77,Smartphone,Eletrônicos,4,1648.02,6592.1,IL,Produto cumpre o que promete
3345,2031-02-27,927,64,Tablet,Eletrônicos,2,1721.94,3443.87,TX,Muito satisfeito com a compra.
3346,2031-02-28,56,46,Laptop,Eletrônicos,4,1610.49,6441.95,FL,Entrega atrasada
3347,2031-03-01,463,58,Smartphone,Eletrônicos,5,1782.01,8910.04,IL,Excelente produto!
3348,2031-03-02,457,43,Smartphone,Eletrônicos,3,702.79,2108.38,FL,Entrega rápida!
3349,2031-03-03,983,59,Fone de ouvido,Acessórios,5,1039.76,5198.81,TX,Produto com ótimo custo-benefício.
3350,2031-03-04,83,55,Laptop,Eletrônicos,4,1570.2,6280.81,TX,Sem reclamações.
3351,2031-03-05,905,34,Laptop,Eletrônicos,4,565.68,2262.71,NY,Produto com ótimo custo-benefício.
3352,2031-03-06,99,29,Laptop,Eletrônicos,3,774.58,2323.75,NY,Atendimento excepcional.
3353,2031-03-07,149,73,Laptop,Eletrônicos,4,1670.75,6683.01,IL,Entrega rápida!
3354,2031-03-08,329,45,Fone de ouvido,Acessórios,3,1551.67,4655.0,FL,Produto com ótimo custo-benefício.
3355,2031-03-09,156,26,Tablet,Eletrônicos,2,1943.84,3887.68,TX,Produto cumpre o que promete
3356,2031-03-10,190,49,Laptop,Eletrônicos,3,1992.15,5976.45,CA,Muito satisfeito com a compra.
3357,2031-03-11,494,51,Fone de ouvido,Acessórios,3,519.45,1558.36,NY,Atendimento sem problema
3358,2031-03-12,883,33,Tablet,Eletrônicos,5,1805.88,9029.39,NY,Entrega rápida!
3359,2031-03-13,263,65,Tablet,Eletrônicos,4,234.31,937.22,CA,Produto com ótimo custo-benefício.
3360,2031-03-14,80,71,Fone de ouvido,Acessórios,2,1434.11,2868.22,FL,Muito satisfeito com a compra.
3361,2031-03-15,400,48,Laptop,Eletrônicos,1,479.19,479.19,FL,Produto cumpre o que promete
3362,2031-03-16,764,72,Tablet,Eletrônicos,3,635.61,1906.82,FL,Atendimento sem problema
3363,2031-03-17,609,44,Laptop,Eletrônicos,1,1895.33,1895.33,IL,Produto com ótimo custo-benefício.
3364,2031-03-18,260,46,Laptop,Eletrônicos,4,563.14,2252.58,IL,Produto ok.
3365,2031-03-19,772,18,Smartphone,Eletrônicos,3,1362.7,4088.09,CA,Produto cumpre o que promete
3366,2031-03-20,615,79,Laptop,Eletrônicos,1,397.35,397.35,TX,Excelente produto!
3367,2031-03-21,552,44,Smartphone,Eletrônicos,5,232.11,1160.55,CA,Excelente produto!
3368,2031-03-22,785,70,Tablet,Eletrônicos,1,711.67,711.67,TX,Muito satisfeito com a compra.
3369,2031-03-23,101,49,Fone de ouvido,Acessórios,5,1267.18,6335.91,CA,Muito satisfeito com a compra.
3370,2031-03-24,359,76,Smartphone,Eletrônicos,2,533.49,1066.99,IL,Entrega rápida!
3371,2031-03-25,380,28,Fone de ouvido,Acessórios,4,635.33,2541.32,FL,Produto cumpre o que promete
3372,2031-03-26,820,70,Tablet,Eletrônicos,1,1432.02,1432.02,NY,Atendimento excepcional.
3373,2031-03-27,221,52,Laptop,Eletrônicos,3,250.45,751.36,CA,Muito satisfeito com a compra.
3374,2031-03-28,820,19,Tablet,Eletrônicos,4,921.46,3685.86,CA,Muito satisfeito com a compra.
3375,2031-03-29,420,63,Fone de ouvido,Acessórios,1,1886.38,1886.38,NY,Excelente produto!
3376,2031-03-30,124,18,Tablet,Eletrônicos,3,824.09,2472.28,CA,Muito satisfeito com a compra.
3377,2031-03-31,422,23,Laptop,Eletrônicos,3,896.69,2690.08,FL,Atendimento sem problema
3378,2031-04-01,231,24,Tablet,Eletrônicos,3,1489.5,4468.5,NY,Atendimento excepcional.
3379,2031-04-02,690,19,Laptop,Eletrônicos,3,1569.07,4707.22,NY,Entrega dentro do prazo previsto.
3380,2031-04-03,63,19,Smartphone,Eletrônicos,1,1550.73,1550.73,FL,Excelente produto!
3381,2031-04-04,485,64,Fone de ouvido,Acessórios,2,1995.84,3991.68,FL,Atendimento sem problema
3382,2031-04-05,628,70,Laptop,Eletrônicos,5,189.33,946.65,NY,Muito satisfeito com a compra.
3383,2031-04-06,703,22,Laptop,Eletrônicos,5,1965.39,9826.97,FL,Entrega dentro do prazo previsto.
3384,2031-04-07,574,30,Tablet,Eletrônicos,5,1902.87,9514.35,FL,Sem reclamações.
3385,2031-04-08,768,36,Smartphone,Eletrônicos,2,1711.67,3423.34,FL,Produto com ótimo custo-benefício.
3386,2031-04-09,483,36,Laptop,Eletrônicos,3,935.54,2806.63,NY,Entrega dentro do prazo previsto.
3387,2031-04-10,519,64,Smartphone,Eletrônicos,3,1748.26,5244.78,CA,Muito satisfeito com a compra.
3388,2031-04-11,155,18,Smartphone,Eletrônicos,4,480.62,1922.49,TX,Produto com ótimo custo-benefício.
3389,2031-04-12,92,52,Tablet,Eletrônicos,5,1593.73,7968.64,NY,Arrependido da compra
3390,2031-04-13,982,74,Laptop,Eletrônicos,5,411.21,2056.07,TX,Entrega rápida!
3391,2031-04-14,526,35,Tablet,Eletrônicos,3,1639.96,4919.87,FL,Produto com ótimo custo-benefício.
3392,2031-04-15,455,66,Fone de ouvido,Acessórios,5,1248.33,6241.66,FL,Muito satisfeito com a compra.
3393,2031-04-16,741,74,Fone de ouvido,Acessórios,3,241.16,723.48,CA,Entrega rápida!
3394,2031-04-17,598,49,Laptop,Eletrônicos,3,1795.87,5387.62,FL,Produto com defeito
3395,2031-04-18,645,49,Smartphone,Eletrônicos,3,1177.02,3531.05,TX,Produto com ótimo custo-benefício.
3396,2031-04-19,510,70,Laptop,Eletrônicos,1,1329.68,1329.68,NY,Muito satisfeito com a compra.
3397,2031-04-20,183,25,Laptop,Eletrônicos,1,602.84,602.84,NY,Entrega rápida!
3398,2031-04-21,386,28,Fone de ouvido,Acessórios,1,1749.69,1749.69,CA,Excelente produto!
3399,2031-04-22,574,37,Fone de ouvido,Acessórios,1,1113.14,1113.14,TX,Excelente produto!
3400,2031-04-23,731,25,Smartphone,Eletrônicos,2,871.18,1742.37,FL,Atendimento excepcional.
3401,2031-04-24,405,45,Smartphone,Eletrônicos,4,1091.85,4367.4,IL,Atendimento excepcional.
3402,2031-04-25,246,38,Laptop,Eletrônicos,4,1421.46,5685.84,CA,Entrega dentro do prazo previsto.
3403,2031-04-26,742,55,Tablet,Eletrônicos,3,1405.34,4216.03,CA,Produto com ótimo custo-benefício.
3404,2031-04-27,591,55,Laptop,Eletrônicos,5,747.28,3736.38,IL,Muito satisfeito com a compra.
3405,2031-04-28,661,23,Smartphone,Eletrônicos,1,801.25,801.25,NY,Arrependido da compra
3406,2031-04-29,650,19,Tablet,Eletrônicos,4,1146.36,4585.46,NY,Sem reclamações.
3407,2031-04-30,471,27,Fone de ouvido,Acessórios,4,1852.59,7410.38,NY,Sem reclamações.
3408,2031-05-01,826,59,Smartphone,Eletrônicos,1,1503.59,1503.59,IL,Produto cumpre o que promete
3409,2031-05-02,888,26,Smartphone,Eletrônicos,2,811.31,1622.62,FL,Atendimento excepcional.
3410,2031-05-03,423,72,Tablet,Eletrônicos,2,707.21,1414.43,FL,Atendimento sem problema
3411,2031-05-04,901,20,Smartphone,Eletrônicos,4,1071.09,4284.37,TX,Entrega rápida!
3412,2031-05-05,65,19,Smartphone,Eletrônicos,2,1746.48,3492.97,TX,Sem reclamações.
3413,2031-05-06,13,53,Smartphone,Eletrônicos,1,66.92,66.92,NY,Atendimento excepcional.
3414,2031-05-07,213,25,Smartphone,Eletrônicos,4,1435.45,5741.79,IL,Entrega atrasada
3415,2031-05-08,986,26,Smartphone,Eletrônicos,1,624.3,624.3,CA,Produto cumpre o que promete
3416,2031-05-09,242,43,Smartphone,Eletrônicos,2,456.38,912.75,FL,Muito satisfeito com a compra.
3417,2031-05-10,493,51,Smartphone,Eletrônicos,1,73.67,73.67,IL,Excelente produto!
3418,2031-05-11,213,65,Smartphone,Eletrônicos,2,1798.35,3596.7,TX,Atendimento excepcional.
3419,2031-05-12,693,47,Fone de ouvido,Acessórios,2,1828.88,3657.77,FL,Entrega dentro do prazo previsto.
3420,2031-05-13,338,55,Smartphone,Eletrônicos,1,169.76,169.76,FL,Produto com ótimo custo-benefício.
3421,2031-05-14,997,25,Fone de ouvido,Acessórios,2,1067.54,2135.08,IL,Produto com ótimo custo-benefício.
3422,2031-05-15,173,20,Fone de ouvido,Acessórios,3,347.52,1042.56,TX,Qualidade inferior ao anunciado
3423,2031-05-16,672,28,Laptop,Eletrônicos,1,1529.44,1529.44,IL,Produto com defeito
3424,2031-05-17,164,42,Laptop,Eletrônicos,3,1347.51,4042.54,CA,Péssimo atendimento
3425,2031-05-18,465,69,Fone de ouvido,Acessórios,1,629.41,629.41,FL,Atendimento excepcional.
3426,2031-05-19,995,22,Fone de ouvido,Acessórios,2,278.07,556.15,IL,Produto ok.
3427,2031-05-20,497,79,Smartphone,Eletrônicos,2,1670.88,3341.76,IL,Qualidade inferior ao anunciado
3428,2031-05-21,700,29,Laptop,Eletrônicos,4,1364.79,5459.17,CA,Muito satisfeito com a compra.
3429,2031-05-22,395,72,Tablet,Eletrônicos,4,63.3,253.2,IL,Entrega rápida!
3430,2031-05-23,703,47,Laptop,Eletrônicos,3,1274.35,3823.05,FL,Entrega dentro do prazo previsto.
3431,2031-05-24,917,44,Fone de ouvido,Acessórios,2,1630.08,3260.15,NY,Entrega dentro do prazo previsto.
3432,2031-05-25,308,60,Fone de ouvido,Acessórios,4,1202.0,4807.99,NY,Sem reclamações.
3433,2031-05-26,768,22,Smartphone,Eletrônicos,2,878.19,1756.38,TX,Atendimento excepcional.
3434,2031-05-27,183,37,Smartphone,Eletrônicos,1,1188.64,1188.64,CA,Produto com ótimo custo-benefício.
3435,2031-05-28,629,69,Laptop,Eletrônicos,4,1258.44,5033.75,TX,Sem reclamações.
3436,2031-05-29,794,38,Smartphone,Eletrônicos,3,1298.07,3894.2,NY,Excelente produto!
3437,2031-05-30,510,20,Tablet,Eletrônicos,4,1935.74,7742.95,CA,Atendimento sem problema
3438,2031-05-31,708,58,Tablet,Eletrônicos,2,398.36,796.73,IL,Muito satisfeito com a compra.
3439,2031-06-01,546,77,Smartphone,Eletrônicos,5,1265.03,6325.16,IL,Muito satisfeito com a compra.
3440,2031-06-02,564,67,Tablet,Eletrônicos,5,416.59,2082.93,FL,Entrega rápida!
3441,2031-06-03,624,61,Tablet,Eletrônicos,2,459.42,918.83,NY,Atendimento excepcional.
3442,2031-06-04,764,72,Laptop,Eletrônicos,1,1355.05,1355.05,IL,Produto cumpre o que promete
3443,2031-06-05,594,21,Tablet,Eletrônicos,4,1836.11,7344.44,CA,Produto com ótimo custo-benefício.
3444,2031-06-06,744,41,Fone de ouvido,Acessórios,5,360.14,1800.68,IL,Sem reclamações.
3445,2031-06-07,227,24,Fone de ouvido,Acessórios,1,1926.81,1926.81,TX,Entrega dentro do prazo previsto.
3446,2031-06-08,745,41,Laptop,Eletrônicos,2,672.78,1345.55,TX,Excelente produto!
3447,2031-06-09,733,69,Smartphone,Eletrônicos,1,813.06,813.06,TX,Qualidade inferior ao anunciado
3448,2031-06-10,436,28,Laptop,Eletrônicos,2,349.68,699.36,TX,Entrega dentro do prazo previsto.
3449,2031-06-11,925,19,Smartphone,Eletrônicos,4,1250.88,5003.52,TX,Produto ok.
3450,2031-06-12,422,72,Smartphone,Eletrônicos,1,1213.02,1213.02,FL,Produto com defeito
3451,2031-06-13,554,61,Smartphone,Eletrônicos,4,912.43,3649.7,TX,Produto com ótimo custo-benefício.
3452,2031-06-14,21,58,Smartphone,Eletrônicos,1,978.38,978.38,FL,Atendimento excepcional.
3453,2031-06-15,554,23,Smartphone,Eletrônicos,2,1264.8,2529.61,FL,Atendimento excepcional.
3454,2031-06-16,397,24,Laptop,Eletrônicos,2,1187.82,2375.64,IL,Produto com ótimo custo-benefício.
3455,2031-06-17,625,55,Smartphone,Eletrônicos,1,779.81,779.81,CA,Muito satisfeito com a compra.
3456,2031-06-18,105,35,Tablet,Eletrônicos,2,1774.02,3548.05,TX,Entrega dentro do prazo previsto.
3457,2031-06-19,192,62,Tablet,Eletrônicos,3,1351.94,4055.81,CA,Atendimento excepcional.
3458,2031-06-20,17,26,Smartphone,Eletrônicos,3,450.54,1351.63,NY,Produto com ótimo custo-benefício.
3459,2031-06-21,120,70,Tablet,Eletrônicos,4,673.81,2695.24,FL,Atendimento excepcional.
3460,2031-06-22,393,45,Fone de ouvido,Acessórios,3,1586.36,4759.09,NY,Atendimento excepcional.
3461,2031-06-23,425,36,Laptop,Eletrônicos,3,253.82,761.47,FL,Produto cumpre o que promete
3462,2031-06-24,129,21,Laptop,Eletrônicos,5,1512.95,7564.76,TX,Sem reclamações.
3463,2031-06-25,130,21,Smartphone,Eletrônicos,5,749.74,3748.71,NY,Produto com ótimo custo-benefício.
3464,2031-06-26,572,30,Smartphone,Eletrônicos,5,1125.8,5628.99,IL,Atendimento excepcional.
3465,2031-06-27,560,45,Fone de ouvido,Acessórios,5,597.09,2985.44,NY,Atendimento excepcional.
3466,2031-06-28,29,74,Smartphone,Eletrônicos,2,1973.59,3947.18,FL,Atendimento sem problema
3467,2031-06-29,97,28,Tablet,Eletrônicos,4,1816.39,7265.55,FL,Produto com defeito
3468,2031-06-30,10,70,Fone de ouvido,Acessórios,4,1860.48,7441.91,CA,Muito satisfeito com a compra.
3469,2031-07-01,242,19,Tablet,Eletrônicos,3,410.31,1230.94,NY,Sem reclamações.
3470,2031-07-02,826,23,Laptop,Eletrônicos,4,1691.3,6765.18,IL,Entrega dentro do prazo previsto.
3471,2031-07-03,956,29,Tablet,Eletrônicos,3,1094.02,3282.07,TX,Entrega rápida!
3472,2031-07-04,232,79,Laptop,Eletrônicos,4,1430.33,5721.3,CA,Produto com defeito
3473,2031-07-05,789,72,Tablet,Eletrônicos,1,474.13,474.13,NY,Entrega rápida!
3474,2031-07-06,284,57,Laptop,Eletrônicos,1,1438.37,1438.37,CA,Péssimo atendimento
3475,2031-07-07,715,54,Smartphone,Eletrônicos,4,1832.82,7331.28,NY,Atendimento excepcional.
3476,2031-07-08,759,73,Tablet,Eletrônicos,2,571.59,1143.18,TX,Entrega rápida!
3477,2031-07-09,802,41,Laptop,Eletrônicos,3,505.05,1515.16,TX,Qualidade inferior ao anunciado
3478,2031-07-10,776,79,Tablet,Eletrônicos,4,253.61,1014.43,IL,Excelente produto!
3479,2031-07-11,955,69,Fone de ouvido,Acessórios,3,570.27,1710.82,CA,Produto cumpre o que promete
3480,2031-07-12,726,72,Smartphone,Eletrônicos,5,1094.79,5473.97,IL,Excelente produto!
3481,2031-07-13,200,77,Laptop,Eletrônicos,4,1673.8,6695.19,NY,Entrega dentro do prazo previsto.
3482,2031-07-14,945,78,Fone de ouvido,Acessórios,2,593.66,1187.32,TX,Produto com ótimo custo-benefício.
3483,2031-07-15,79,26,Tablet,Eletrônicos,5,1261.23,6306.16,TX,Produto com defeito
3484,2031-07-16,913,43,Fone de ouvido,Acessórios,4,985.2,3940.81,FL,Excelente produto!
3485,2031-07-17,956,21,Tablet,Eletrônicos,1,612.73,612.73,FL,Entrega rápida!
3486,2031-07-18,855,58,Smartphone,Eletrônicos,4,1045.2,4180.8,IL,Entrega dentro do prazo previsto.
3487,2031-07-19,856,61,Fone de ouvido,Acessórios,1,377.53,377.53,CA,Péssimo atendimento
3488,2031-07-20,173,21,Smartphone,Eletrônicos,1,1297.18,1297.18,NY,Produto com ótimo custo-benefício.
3489,2031-07-21,467,66,Laptop,Eletrônicos,4,275.54,1102.17,IL,Produto com ótimo custo-benefício.
3490,2031-07-22,581,69,Tablet,Eletrônicos,4,1475.41,5901.65,TX,Excelente produto!
3491,2031-07-23,416,51,Tablet,Eletrônicos,1,396.54,396.54,TX,Produto com ótimo custo-benefício.
3492,2031-07-24,940,39,Smartphone,Eletrônicos,3,1996.41,5989.23,TX,Entrega dentro do prazo previsto.
3493,2031-07-25,449,30,Smartphone,Eletrônicos,5,1656.16,8280.81,NY,Entrega rápida!
3494,2031-07-26,87,32,Laptop,Eletrônicos,2,720.49,1440.98,IL,Entrega dentro do prazo previsto.
3495,2031-07-27,101,57,Fone de ouvido,Acessórios,4,881.1,3524.4,NY,Excelente produto!
3496,2031-07-28,8,55,Tablet,Eletrônicos,5,555.42,2777.11,TX,Muito satisfeito com a compra.
3497,2031-07-29,845,58,Tablet,Eletrônicos,5,1545.87,7729.37,FL,Entrega rápida!
3498,2031-07-30,200,71,Laptop,Eletrônicos,3,792.42,2377.25,IL,Atendimento sem problema
3499,2031-07-31,505,60,Laptop,Eletrônicos,5,1522.61,7613.06,FL,Produto com ótimo custo-benefício.
3500,2031-08-01,87,72,Smartphone,Eletrônicos,4,85.88,343.53,IL,Entrega rápida!
3501,2031-08-02,43,61,Smartphone,Eletrônicos,5,314.46,1572.3,TX,Muito satisfeito com a compra.
3502,2031-08-03,385,70,Fone de ouvido,Acessórios,4,761.7,3046.8,FL,Produto ok.
3503,2031-08-04,621,73,Laptop,Eletrônicos,4,262.37,1049.49,FL,Entrega rápida!
3504,2031-08-05,435,19,Fone de ouvido,Acessórios,1,1222.2,1222.2,IL,Produto com defeito
3505,2031-08-06,408,19,Laptop,Eletrônicos,3,149.12,447.37,FL,Sem reclamações.
3506,2031-08-07,483,60,Tablet,Eletrônicos,2,1726.54,3453.08,FL,Entrega rápida!
3507,2031-08-08,664,25,Laptop,Eletrônicos,1,1534.55,1534.55,TX,Entrega rápida!
3508,2031-08-09,17,55,Laptop,Eletrônicos,2,471.7,943.4,IL,Entrega rápida!
3509,2031-08-10,645,35,Tablet,Eletrônicos,4,993.39,3973.58,IL,Péssimo atendimento
3510,2031-08-11,148,71,Laptop,Eletrônicos,1,931.04,931.04,CA,Entrega rápida!
3511,2031-08-12,277,46,Fone de ouvido,Acessórios,5,1463.49,7317.43,IL,Entrega rápida!
3512,2031-08-13,232,28,Smartphone,Eletrônicos,5,832.94,4164.71,TX,Muito satisfeito com a compra.
3513,2031-08-14,826,73,Smartphone,Eletrônicos,2,114.22,228.45,FL,Sem reclamações.
3514,2031-08-15,927,23,Fone de ouvido,Acessórios,4,583.78,2335.14,CA,Produto cumpre o que promete
3515,2031-08-16,366,26,Tablet,Eletrônicos,2,959.08,1918.16,FL,Entrega atrasada
3516,2031-08-17,228,39,Laptop,Eletrônicos,3,1950.26,5850.78,IL,Produto com ótimo custo-benefício.
3517,2031-08-18,651,63,Fone de ouvido,Acessórios,5,1768.26,8841.3,NY,Excelente produto!
3518,2031-08-19,436,68,Smartphone,Eletrônicos,1,403.74,403.74,FL,Entrega rápida!
3519,2031-08-20,399,42,Smartphone,Eletrônicos,1,1460.39,1460.39,IL,Péssimo atendimento
3520,2031-08-21,211,75,Fone de ouvido,Acessórios,1,1876.81,1876.81,TX,Arrependido da compra
3521,2031-08-22,391,48,Smartphone,Eletrônicos,5,67.15,335.73,IL,Qualidade inferior ao anunciado
3522,2031-08-23,499,38,Fone de ouvido,Acessórios,4,1455.84,5823.38,CA,Excelente produto!
3523,2031-08-24,540,55,Smartphone,Eletrônicos,5,945.7,4728.5,NY,Atendimento excepcional.
3524,2031-08-25,563,69,Fone de ouvido,Acessórios,5,1376.46,6882.3,NY,Muito satisfeito com a compra.
3525,2031-08-26,491,36,Laptop,Eletrônicos,1,1230.9,1230.9,NY,Entrega rápida!
3526,2031-08-27,442,27,Laptop,Eletrônicos,5,1970.1,9850.49,TX,Atendimento excepcional.
3527,2031-08-28,261,63,Laptop,Eletrônicos,1,613.19,613.19,NY,Entrega rápida!
3528,2031-08-29,773,54,Laptop,Eletrônicos,4,1582.98,6331.92,FL,Atendimento excepcional.
3529,2031-08-30,350,29,Smartphone,Eletrônicos,3,507.55,1522.64,TX,Atendimento excepcional.
3530,2031-08-31,352,36,Tablet,Eletrônicos,1,899.44,899.44,IL,Entrega rápida!
3531,2031-09-01,520,78,Fone de ouvido,Acessórios,2,1951.99,3903.99,CA,Atendimento excepcional.
3532,2031-09-02,320,19,Tablet,Eletrônicos,3,1543.97,4631.9,TX,Sem reclamações.
3533,2031-09-03,138,32,Smartphone,Eletrônicos,4,665.85,2663.41,CA,Muito satisfeito com a compra.
3534,2031-09-04,550,55,Smartphone,Eletrônicos,3,1257.77,3773.31,TX,Produto ok.
3535,2031-09-05,623,79,Tablet,Eletrônicos,1,146.9,146.9,IL,Excelente produto!
3536,2031-09-06,992,25,Tablet,Eletrônicos,4,569.47,2277.88,CA,Produto cumpre o que promete
3537,2031-09-07,368,63,Smartphone,Eletrônicos,2,1450.86,2901.72,TX,Muito satisfeito com a compra.
3538,2031-09-08,220,52,Smartphone,Eletrônicos,1,1161.68,1161.68,CA,Entrega rápida!
3539,2031-09-09,337,55,Fone de ouvido,Acessórios,1,965.86,965.86,NY,Produto cumpre o que promete
3540,2031-09-10,223,60,Laptop,Eletrônicos,4,1397.21,5588.83,NY,Entrega atrasada
3541,2031-09-11,648,47,Laptop,Eletrônicos,4,826.99,3307.98,NY,Produto com ótimo custo-benefício.
3542,2031-09-12,768,26,Fone de ouvido,Acessórios,3,101.0,303.01,FL,Excelente produto!
3543,2031-09-13,360,47,Tablet,Eletrônicos,2,910.0,1820.0,NY,Péssimo atendimento
3544,2031-09-14,921,66,Smartphone,Eletrônicos,3,1809.15,5427.46,NY,Atendimento excepcional.
3545,2031-09-15,329,36,Tablet,Eletrônicos,3,1720.4,5161.2,IL,Entrega rápida!
3546,2031-09-16,962,46,Laptop,Eletrônicos,1,847.54,847.54,CA,Produto com defeito
3547,2031-09-17,463,19,Laptop,Eletrônicos,4,93.33,373.33,CA,Entrega dentro do prazo previsto.
3548,2031-09-18,946,45,Tablet,Eletrônicos,1,1290.8,1290.8,NY,Entrega rápida!
3549,2031-09-19,963,25,Laptop,Eletrônicos,2,1495.33,2990.66,CA,Produto com defeito
3550,2031-09-20,561,42,Smartphone,Eletrônicos,3,623.77,1871.32,TX,Produto com ótimo custo-benefício.
3551,2031-09-21,804,27,Fone de ouvido,Acessórios,2,979.49,1958.99,NY,Muito satisfeito com a compra.
3552,2031-09-22,382,39,Tablet,Eletrônicos,4,1984.12,7936.48,NY,Sem reclamações.
3553,2031-09-23,836,52,Smartphone,Eletrônicos,4,1173.87,4695.48,FL,Produto com ótimo custo-benefício.
3554,2031-09-24,590,59,Smartphone,Eletrônicos,5,734.6,3672.98,TX,Excelente produto!
3555,2031-09-25,617,41,Laptop,Eletrônicos,2,1273.6,2547.21,NY,Péssimo atendimento
3556,2031-09-26,169,43,Smartphone,Eletrônicos,1,401.04,401.04,NY,Excelente produto!
3557,2031-09-27,217,48,Tablet,Eletrônicos,2,438.54,877.08,CA,Entrega dentro do prazo previsto.
3558,2031-09-28,378,40,Smartphone,Eletrônicos,3,1853.6,5560.81,NY,Excelente produto!
3559,2031-09-29,119,79,Fone de ouvido,Acessórios,4,516.44,2065.76,NY,Muito satisfeito com a compra.
3560,2031-09-30,190,19,Smartphone,Eletrônicos,4,656.04,2624.16,NY,Produto cumpre o que promete
3561,2031-10-01,767,76,Smartphone,Eletrônicos,2,1110.37,2220.73,NY,Atendimento sem problema
3562,2031-10-02,370,56,Fone de ouvido,Acessórios,2,1804.4,3608.8,FL,Produto ok.
3563,2031-10-03,778,50,Smartphone,Eletrônicos,2,1573.83,3147.65,TX,Produto cumpre o que promete
3564,2031-10-04,149,41,Smartphone,Eletrônicos,3,135.38,406.14,FL,Atendimento excepcional.
3565,2031-10-05,676,29,Laptop,Eletrônicos,3,1401.41,4204.22,CA,Muito satisfeito com a compra.
3566,2031-10-06,652,54,Tablet,Eletrônicos,1,1032.92,1032.92,IL,Entrega rápida!
3567,2031-10-07,859,26,Laptop,Eletrônicos,2,977.33,1954.66,NY,Atendimento excepcional.
3568,2031-10-08,488,61,Tablet,Eletrônicos,1,1398.54,1398.54,CA,Atendimento excepcional.
3569,2031-10-09,770,60,Fone de ouvido,Acessórios,5,432.65,2163.26,IL,Excelente produto!
3570,2031-10-10,374,61,Fone de ouvido,Acessórios,3,1963.9,5891.71,NY,Atendimento sem problema
3571,2031-10-11,781,20,Fone de ouvido,Acessórios,4,1308.35,5233.39,NY,Excelente produto!
3572,2031-10-12,693,61,Tablet,Eletrônicos,5,763.03,3815.15,IL,Qualidade inferior ao anunciado
3573,2031-10-13,160,40,Tablet,Eletrônicos,4,1220.39,4881.58,FL,Atendimento excepcional.
3574,2031-10-14,351,41,Tablet,Eletrônicos,5,472.12,2360.59,IL,Entrega rápida!
3575,2031-10-15,912,50,Fone de ouvido,Acessórios,1,1285.99,1285.99,IL,Produto cumpre o que promete
3576,2031-10-16,288,47,Tablet,Eletrônicos,1,105.02,105.02,TX,Entrega dentro do prazo previsto.
3577,2031-10-17,288,55,Smartphone,Eletrônicos,3,715.3,2145.91,NY,Entrega rápida!
3578,2031-10-18,892,79,Laptop,Eletrônicos,4,1507.66,6030.63,NY,Entrega rápida!
3579,2031-10-19,226,60,Fone de ouvido,Acessórios,5,1625.56,8127.78,FL,Produto com ótimo custo-benefício.
3580,2031-10-20,523,19,Laptop,Eletrônicos,2,543.19,1086.39,FL,Produto ok.
3581,2031-10-21,522,57,Smartphone,Eletrônicos,2,1101.85,2203.7,TX,Sem reclamações.
3582,2031-10-22,783,39,Tablet,Eletrônicos,3,1080.56,3241.68,TX,Produto com ótimo custo-benefício.
3583,2031-10-23,273,28,Laptop,Eletrônicos,4,871.84,3487.36,TX,Produto com ótimo custo-benefício.
3584,2031-10-24,936,76,Smartphone,Eletrônicos,2,495.44,990.89,FL,Entrega rápida!
3585,2031-10-25,402,29,Smartphone,Eletrônicos,3,1421.3,4263.89,IL,Produto com ótimo custo-benefício.
3586,2031-10-26,183,36,Laptop,Eletrônicos,3,542.11,1626.32,NY,Muito satisfeito com a compra.
3587,2031-10-27,969,37,Fone de ouvido,Acessórios,4,1826.5,7306.0,NY,Muito satisfeito com a compra.
3588,2031-10-28,665,72,Laptop,Eletrônicos,2,1080.58,2161.16,CA,Atendimento excepcional.
3589,2031-10-29,488,26,Fone de ouvido,Acessórios,2,1747.43,3494.87,FL,Produto com ótimo custo-benefício.
3590,2031-10-30,827,60,Tablet,Eletrônicos,2,616.95,1233.9,FL,Atendimento excepcional.
3591,2031-10-31,846,75,Fone de ouvido,Acessórios,1,1623.8,1623.8,TX,Muito satisfeito com a compra.
3592,2031-11-01,124,35,Tablet,Eletrônicos,2,271.64,543.29,CA,Atendimento sem problema
3593,2031-11-02,985,58,Laptop,Eletrônicos,5,1545.32,7726.6,CA,Entrega atrasada
3594,2031-11-03,626,64,Tablet,Eletrônicos,1,804.54,804.54,FL,Entrega rápida!
3595,2031-11-04,790,71,Smartphone,Eletrônicos,1,966.48,966.48,TX,Produto com ótimo custo-benefício.
3596,2031-11-05,414,35,Tablet,Eletrônicos,1,375.27,375.27,NY,Atendimento excepcional.
3597,2031-11-06,980,57,Fone de ouvido,Acessórios,1,86.32,86.32,TX,Atendimento excepcional.
3598,2031-11-07,725,53,Fone de ouvido,Acessórios,3,1349.09,4047.26,NY,Entrega rápida!
3599,2031-11-08,172,44,Fone de ouvido,Acessórios,5,1196.05,5980.25,FL,Produto cumpre o que promete
3600,2031-11-09,288,30,Tablet,Eletrônicos,4,1263.73,5054.94,TX,Entrega rápida!
3601,2031-11-10,435,64,Fone de ouvido,Acessórios,2,547.25,1094.51,CA,Excelente produto!
3602,2031-11-11,686,25,Fone de ouvido,Acessórios,1,516.59,516.59,IL,Entrega dentro do prazo previsto.
3603,2031-11-12,113,65,Smartphone,Eletrônicos,4,1669.08,6676.31,CA,Excelente produto!
3604,2031-11-13,888,60,Tablet,Eletrônicos,3,1534.44,4603.33,NY,Produto com ótimo custo-benefício.
3605,2031-11-14,917,40,Smartphone,Eletrônicos,4,706.74,2826.96,FL,Produto ok.
3606,2031-11-15,995,72,Fone de ouvido,Acessórios,1,1293.72,1293.72,TX,Muito satisfeito com a compra.
3607,2031-11-16,122,76,Fone de ouvido,Acessórios,5,1664.89,8324.46,FL,Produto cumpre o que promete
3608,2031-11-17,544,30,Fone de ouvido,Acessórios,4,1783.22,7132.87,FL,Produto com defeito
3609,2031-11-18,222,79,Tablet,Eletrônicos,1,61.32,61.32,NY,Sem reclamações.
3610,2031-11-19,631,24,Laptop,Eletrônicos,1,1636.25,1636.25,FL,Muito satisfeito com a compra.
3611,2031-11-20,39,67,Fone de ouvido,Acessórios,2,733.27,1466.53,TX,Atendimento excepcional.
3612,2031-11-21,497,57,Fone de ouvido,Acessórios,2,1450.84,2901.68,CA,Entrega rápida!
3613,2031-11-22,780,19,Fone de ouvido,Acessórios,5,774.23,3871.16,FL,Qualidade inferior ao anunciado
3614,2031-11-23,233,20,Fone de ouvido,Acessórios,2,1232.19,2464.37,TX,Produto com defeito
3615,2031-11-24,943,59,Tablet,Eletrônicos,5,1311.23,6556.13,TX,Atendimento excepcional.
3616,2031-11-25,530,56,Laptop,Eletrônicos,3,839.74,2519.21,NY,Produto com defeito
3617,2031-11-26,149,40,Laptop,Eletrônicos,3,1049.93,3149.79,FL,Entrega rápida!
3618,2031-11-27,397,77,Laptop,Eletrônicos,2,1466.31,2932.62,NY,Atendimento excepcional.
3619,2031-11-28,661,24,Fone de ouvido,Acessórios,3,978.8,2936.39,CA,Muito satisfeito com a compra.
3620,2031-11-29,638,21,Fone de ouvido,Acessórios,4,77.26,309.05,CA,Excelente produto!
3621,2031-11-30,904,70,Laptop,Eletrônicos,4,75.16,300.65,TX,Produto ok.
3622,2031-12-01,302,72,Laptop,Eletrônicos,4,1339.56,5358.22,FL,Muito satisfeito com a compra.
3623,2031-12-02,360,25,Fone de ouvido,Acessórios,3,1702.11,5106.34,TX,Sem reclamações.
3624,2031-12-03,238,49,Fone de ouvido,Acessórios,4,1581.28,6325.13,FL,Entrega atrasada
3625,2031-12-04,647,36,Smartphone,Eletrônicos,5,655.28,3276.4,NY,Entrega dentro do prazo previsto.
3626,2031-12-05,663,71,Smartphone,Eletrônicos,1,968.7,968.7,CA,Muito satisfeito com a compra.
3627,2031-12-06,236,29,Smartphone,Eletrônicos,2,506.61,1013.23,CA,Produto cumpre o que promete
3628,2031-12-07,736,74,Laptop,Eletrônicos,5,1978.84,9894.21,NY,Muito satisfeito com a compra.
3629,2031-12-08,203,27,Tablet,Eletrônicos,4,557.99,2231.95,IL,Sem reclamações.
3630,2031-12-09,256,31,Fone de ouvido,Acessórios,1,861.71,861.71,IL,Produto com ótimo custo-benefício.
3631,2031-12-10,598,44,Smartphone,Eletrônicos,2,1378.2,2756.4,IL,Produto cumpre o que promete
3632,2031-12-11,662,61,Tablet,Eletrônicos,5,1758.23,8791.17,FL,Produto cumpre o que promete
3633,2031-12-12,235,38,Fone de ouvido,Acessórios,2,150.38,300.76,NY,Entrega dentro do prazo previsto.
3634,2031-12-13,345,37,Tablet,Eletrônicos,3,636.99,1910.97,FL,Entrega atrasada
3635,2031-12-14,534,74,Laptop,Eletrônicos,4,1159.52,4638.09,FL,Entrega rápida!
3636,2031-12-15,860,21,Laptop,Eletrônicos,5,1255.71,6278.55,NY,Excelente produto!
3637,2031-12-16,797,36,Laptop,Eletrônicos,5,186.55,932.77,FL,Atendimento excepcional.
3638,2031-12-17,781,46,Smartphone,Eletrônicos,1,1344.95,1344.95,NY,Produto com ótimo custo-benefício.
3639,2031-12-18,466,24,Fone de ouvido,Acessórios,1,1079.73,1079.73,IL,Entrega rápida!
3640,2031-12-19,770,70,Laptop,Eletrônicos,1,1663.87,1663.87,IL,Entrega rápida!
3641,2031-12-20,541,50,Smartphone,Eletrônicos,2,483.27,966.54,FL,Entrega dentro do prazo previsto.
3642,2031-12-21,213,25,Smartphone,Eletrônicos,4,430.3,1721.21,CA,Entrega atrasada
3643,2031-12-22,463,28,Smartphone,Eletrônicos,2,1597.01,3194.02,NY,Entrega rápida!
3644,2031-12-23,436,50,Smartphone,Eletrônicos,4,1422.54,5690.18,TX,Excelente produto!
3645,2031-12-24,283,42,Laptop,Eletrônicos,5,1593.76,7968.82,TX,Produto com ótimo custo-benefício.
3646,2031-12-25,562,50,Smartphone,Eletrônicos,2,1574.77,3149.54,FL,Atendimento excepcional.
3647,2031-12-26,607,53,Laptop,Eletrônicos,2,252.8,505.6,CA,Atendimento sem problema
3648,2031-12-27,463,43,Laptop,Eletrônicos,2,593.24,1186.47,NY,Muito satisfeito com a compra.
3649,2031-12-28,407,53,Smartphone,Eletrônicos,3,557.17,1671.5,IL,Produto cumpre o que promete
3650,2031-12-29,88,28,Laptop,Eletrônicos,4,1872.45,7489.78,FL,Entrega rápida!
3651,2031-12-30,44,47,Fone de ouvido,Acessórios,4,1000.56,4002.24,NY,Qualidade inferior ao anunciado
3652,2031-12-31,461,74,Fone de ouvido,Acessórios,2,266.56,533.12,NY,Sem reclamações.
3653,2032-01-01,278,50,Tablet,Eletrônicos,3,614.68,1844.03,NY,Qualidade inferior ao anunciado
3654,2032-01-02,683,27,Fone de ouvido,Acessórios,2,1750.21,3500.42,CA,Muito satisfeito com a compra.
3655,2032-01-03,421,46,Laptop,Eletrônicos,4,1701.78,6807.12,NY,Entrega rápida!
3656,2032-01-04,701,42,Laptop,Eletrônicos,5,1805.66,9028.31,CA,Muito satisfeito com a compra.
3657,2032-01-05,353,49,Fone de ouvido,Acessórios,3,807.63,2422.89,CA,Atendimento sem problema
3658,2032-01-06,696,21,Smartphone,Eletrônicos,3,1300.61,3901.84,NY,Entrega rápida!
3659,2032-01-07,515,72,Smartphone,Eletrônicos,2,592.44,1184.88,IL,Sem reclamações.
3660,2032-01-08,703,74,Laptop,Eletrônicos,5,402.61,2013.05,NY,Sem reclamações.
3661,2032-01-09,630,76,Smartphone,Eletrônicos,4,92.71,370.83,IL,Produto com ótimo custo-benefício.
3662,2032-01-10,19,56,Tablet,Eletrônicos,1,485.71,485.71,FL,Produto ok.
3663,2032-01-11,23,51,Tablet,Eletrônicos,4,1228.53,4914.12,TX,Excelente produto!
3664,2032-01-12,413,39,Fone de ouvido,Acessórios,4,1813.21,7252.84,FL,Produto com ótimo custo-benefício.
3665,2032-01-13,30,30,Fone de ouvido,Acessórios,5,310.17,1550.85,CA,Produto ok.
3666,2032-01-14,807,71,Smartphone,Eletrônicos,3,1840.12,5520.37,FL,Péssimo atendimento
3667,2032-01-15,108,68,Laptop,Eletrônicos,4,723.5,2894.0,TX,Produto cumpre o que promete
3668,2032-01-16,367,53,Fone de ouvido,Acessórios,3,882.32,2646.95,TX,Produto cumpre o que promete
3669,2032-01-17,281,23,Tablet,Eletrônicos,5,761.71,3808.54,IL,Produto com defeito
3670,2032-01-18,128,76,Fone de ouvido,Acessórios,5,846.79,4233.93,FL,Atendimento excepcional.
3671,2032-01-19,229,71,Fone de ouvido,Acessórios,2,555.43,1110.85,CA,Péssimo atendimento
3672,2032-01-20,111,34,Tablet,Eletrônicos,1,1412.28,1412.28,CA,Excelente produto!
3673,2032-01-21,136,43,Laptop,Eletrônicos,5,1528.46,7642.29,IL,Produto com ótimo custo-benefício.
3674,2032-01-22,362,41,Fone de ouvido,Acessórios,5,1655.07,8275.35,IL,Entrega rápida!
3675,2032-01-23,186,26,Fone de ouvido,Acessórios,3,715.51,2146.54,FL,Atendimento excepcional.
3676,2032-01-24,656,19,Fone de ouvido,Acessórios,5,1541.02,7705.11,IL,Excelente produto!
3677,2032-01-25,584,37,Smartphone,Eletrônicos,4,1293.47,5173.87,TX,Entrega rápida!
3678,2032-01-26,129,44,Fone de ouvido,Acessórios,2,1917.94,3835.87,CA,Entrega rápida!
3679,2032-01-27,876,23,Tablet,Eletrônicos,2,878.33,1756.66,TX,Muito satisfeito com a compra.
3680,2032-01-28,261,67,Laptop,Eletrônicos,4,1985.0,7940.02,NY,Entrega rápida!
3681,2032-01-29,515,44,Laptop,Eletrônicos,5,1493.77,7468.84,TX,Produto cumpre o que promete
3682,2032-01-30,449,72,Tablet,Eletrônicos,1,1563.74,1563.74,CA,Produto com ótimo custo-benefício.
3683,2032-01-31,900,71,Smartphone,Eletrônicos,5,100.12,500.62,NY,Atendimento excepcional.
3684,2032-02-01,104,41,Tablet,Eletrônicos,2,1019.93,2039.85,FL,Muito satisfeito com a compra.
3685,2032-02-02,483,32,Laptop,Eletrônicos,1,1080.26,1080.26,NY,Entrega rápida!
3686,2032-02-03,224,72,Tablet,Eletrônicos,3,129.17,387.51,IL,Sem reclamações.
3687,2032-02-04,832,65,Smartphone,Eletrônicos,3,658.66,1975.97,CA,Produto cumpre o que promete
3688,2032-02-05,874,75,Laptop,Eletrônicos,5,1913.51,9567.53,IL,Produto cumpre o que promete
3689,2032-02-06,866,50,Smartphone,Eletrônicos,5,880.92,4404.59,TX,Atendimento excepcional.
3690,2032-02-07,491,59,Tablet,Eletrônicos,1,414.07,414.07,FL,Produto com ótimo custo-benefício.
3691,2032-02-08,473,27,Fone de ouvido,Acessórios,1,1051.01,1051.01,CA,Atendimento excepcional.
3692,2032-02-09,10,38,Tablet,Eletrônicos,5,115.84,579.21,FL,Produto cumpre o que promete
3693,2032-02-10,405,23,Smartphone,Eletrônicos,2,1056.18,2112.36,CA,Entrega dentro do prazo previsto.
3694,2032-02-11,896,47,Tablet,Eletrônicos,3,1208.82,3626.47,IL,Arrependido da compra
3695,2032-02-12,302,40,Fone de ouvido,Acessórios,1,747.5,747.5,TX,Entrega rápida!
3696,2032-02-13,231,53,Smartphone,Eletrônicos,2,1537.02,3074.05,NY,Muito satisfeito com a compra.
3697,2032-02-14,731,63,Tablet,Eletrônicos,5,314.64,1573.21,FL,Excelente produto!
3698,2032-02-15,923,74,Smartphone,Eletrônicos,4,1762.46,7049.83,CA,Entrega dentro do prazo previsto.
3699,2032-02-16,66,66,Smartphone,Eletrônicos,1,1913.12,1913.12,CA,Produto com ótimo custo-benefício.
3700,2032-02-17,937,20,Laptop,Eletrônicos,4,52.41,209.63,FL,Entrega rápida!
3701,2032-02-18,112,43,Laptop,Eletrônicos,2,1693.31,3386.61,NY,Produto com defeito
3702,2032-02-19,13,51,Smartphone,Eletrônicos,3,1036.91,3110.72,TX,Entrega dentro do prazo previsto.
3703,2032-02-20,393,47,Tablet,Eletrônicos,2,949.74,1899.48,CA,Excelente produto!
3704,2032-02-21,500,35,Tablet,Eletrônicos,3,515.42,1546.27,CA,Produto com ótimo custo-benefício.
3705,2032-02-22,932,34,Tablet,Eletrônicos,2,922.28,1844.57,FL,Entrega dentro do prazo previsto.
3706,2032-02-23,598,62,Fone de ouvido,Acessórios,1,1903.33,1903.33,FL,Produto com ótimo custo-benefício.
3707,2032-02-24,234,68,Smartphone,Eletrônicos,1,461.04,461.04,CA,Atendimento sem problema
3708,2032-02-25,602,59,Smartphone,Eletrônicos,4,399.13,1596.52,CA,Muito satisfeito com a compra.
3709,2032-02-26,314,38,Fone de ouvido,Acessórios,2,521.7,1043.4,CA,Sem reclamações.
3710,2032-02-27,566,71,Smartphone,Eletrônicos,2,1126.08,2252.15,IL,Entrega dentro do prazo previsto.
3711,2032-02-28,12,41,Smartphone,Eletrônicos,4,1864.08,7456.34,CA,Entrega dentro do prazo previsto.
3712,2032-02-29,209,21,Fone de ouvido,Acessórios,5,1169.07,5845.35,TX,Produto com ótimo custo-benefício.
3713,2032-03-01,974,66,Laptop,Eletrônicos,2,524.79,1049.58,TX,Muito satisfeito com a compra.
3714,2032-03-02,14,77,Smartphone,Eletrônicos,2,908.88,1817.76,NY,Entrega rápida!
3715,2032-03-03,633,65,Fone de ouvido,Acessórios,2,811.28,1622.56,FL,Entrega atrasada
3716,2032-03-04,418,42,Tablet,Eletrônicos,5,140.81,704.05,NY,Entrega rápida!
3717,2032-03-05,437,68,Laptop,Eletrônicos,1,1045.75,1045.75,CA,Muito satisfeito com a compra.
3718,2032-03-06,377,41,Tablet,Eletrônicos,4,295.71,1182.85,FL,Entrega rápida!
3719,2032-03-07,20,63,Smartphone,Eletrônicos,5,1692.38,8461.88,CA,Atendimento sem problema
3720,2032-03-08,587,69,Laptop,Eletrônicos,3,1120.48,3361.43,FL,Entrega dentro do prazo previsto.
3721,2032-03-09,912,44,Fone de ouvido,Acessórios,3,1696.98,5090.95,IL,Produto cumpre o que promete
3722,2032-03-10,755,48,Smartphone,Eletrônicos,5,1914.29,9571.44,IL,Excelente produto!
3723,2032-03-11,735,64,Fone de ouvido,Acessórios,5,1889.22,9446.09,IL,Arrependido da compra
3724,2032-03-12,70,68,Laptop,Eletrônicos,1,245.84,245.84,NY,Entrega rápida!
3725,2032-03-13,824,52,Tablet,Eletrônicos,3,1892.39,5677.18,FL,Produto cumpre o que promete
3726,2032-03-14,211,69,Smartphone,Eletrônicos,4,1601.71,6406.83,NY,Muito satisfeito com a compra.
3727,2032-03-15,101,37,Smartphone,Eletrônicos,2,1566.43,3132.87,FL,Produto com ótimo custo-benefício.
3728,2032-03-16,698,33,Fone de ouvido,Acessórios,2,225.75,451.5,CA,Produto com ótimo custo-benefício.
3729,2032-03-17,132,77,Laptop,Eletrônicos,1,400.05,400.05,IL,Entrega rápida!
3730,2032-03-18,623,48,Fone de ouvido,Acessórios,1,1951.57,1951.57,IL,Muito satisfeito com a compra.
3731,2032-03-19,381,24,Laptop,Eletrônicos,3,466.07,1398.22,FL,Entrega rápida!
3732,2032-03-20,132,35,Smartphone,Eletrônicos,4,379.65,1518.62,NY,Atendimento excepcional.
3733,2032-03-21,20,25,Laptop,Eletrônicos,4,756.59,3026.34,NY,Excelente produto!
3734,2032-03-22,906,44,Smartphone,Eletrônicos,5,1831.04,9155.22,TX,Muito satisfeito com a compra.
3735,2032-03-23,536,31,Laptop,Eletrônicos,1,978.58,978.58,IL,Produto ok.
3736,2032-03-24,227,35,Tablet,Eletrônicos,2,1845.14,3690.28,IL,Péssimo atendimento
3737,2032-03-25,154,18,Laptop,Eletrônicos,2,701.96,1403.92,NY,Arrependido da compra
3738,2032-03-26,805,73,Tablet,Eletrônicos,3,491.73,1475.19,IL,Produto cumpre o que promete
3739,2032-03-27,742,48,Laptop,Eletrônicos,2,1015.65,2031.29,NY,Produto ok.
3740,2032-03-28,469,37,Laptop,Eletrônicos,4,1250.18,5000.72,TX,Sem reclamações.
3741,2032-03-29,822,23,Fone de ouvido,Acessórios,4,813.42,3253.69,FL,Entrega dentro do prazo previsto.
3742,2032-03-30,1000,62,Fone de ouvido,Acessórios,1,724.76,724.76,FL,Excelente produto!
3743,2032-03-31,871,18,Smartphone,Eletrônicos,3,475.22,1425.65,TX,Muito satisfeito com a compra.
3744,2032-04-01,405,36,Fone de ouvido,Acessórios,2,586.26,1172.53,IL,Excelente produto!
3745,2032-04-02,202,56,Laptop,Eletrônicos,1,1362.58,1362.58,CA,Atendimento sem problema
3746,2032-04-03,38,72,Fone de ouvido,Acessórios,5,771.25,3856.27,IL,Atendimento sem problema
3747,2032-04-04,942,44,Laptop,Eletrônicos,5,205.53,1027.63,NY,Entrega rápida!
3748,2032-04-05,772,73,Tablet,Eletrônicos,2,319.4,638.81,CA,Produto com ótimo custo-benefício.
3749,2032-04-06,188,33,Laptop,Eletrônicos,2,776.14,1552.28,TX,Atendimento excepcional.
3750,2032-04-07,57,31,Smartphone,Eletrônicos,2,1852.78,3705.56,FL,Entrega dentro do prazo previsto.
3751,2032-04-08,941,51,Tablet,Eletrônicos,4,789.11,3156.44,FL,Excelente produto!
3752,2032-04-09,20,24,Smartphone,Eletrônicos,2,168.25,336.5,IL,Atendimento excepcional.
3753,2032-04-10,273,37,Smartphone,Eletrônicos,5,865.09,4325.44,FL,Muito satisfeito com a compra.
3754,2032-04-11,119,48,Smartphone,Eletrônicos,2,1354.19,2708.39,IL,Produto ok.
3755,2032-04-12,583,39,Fone de ouvido,Acessórios,3,1207.51,3622.54,NY,Arrependido da compra
3756,2032-04-13,516,37,Smartphone,Eletrônicos,5,593.67,2968.33,NY,Produto com defeito
3757,2032-04-14,221,32,Tablet,Eletrônicos,3,1391.77,4175.32,TX,Produto com ótimo custo-benefício.
3758,2032-04-15,526,42,Laptop,Eletrônicos,5,1279.72,6398.59,NY,Atendimento excepcional.
3759,2032-04-16,515,63,Smartphone,Eletrônicos,1,385.74,385.74,IL,Atendimento excepcional.
3760,2032-04-17,728,18,Tablet,Eletrônicos,5,366.18,1830.91,FL,Atendimento excepcional.
3761,2032-04-18,741,34,Smartphone,Eletrônicos,5,1117.01,5585.04,NY,Entrega dentro do prazo previsto.
3762,2032-04-19,336,33,Laptop,Eletrônicos,3,1335.91,4007.72,NY,Produto com ótimo custo-benefício.
3763,2032-04-20,698,54,Tablet,Eletrônicos,3,1925.73,5777.18,IL,Produto ok.
3764,2032-04-21,55,38,Tablet,Eletrônicos,5,872.76,4363.82,NY,Excelente produto!
3765,2032-04-22,500,44,Laptop,Eletrônicos,5,1541.63,7708.16,FL,Produto com defeito
3766,2032-04-23,900,73,Tablet,Eletrônicos,4,277.22,1108.86,FL,Entrega rápida!
3767,2032-04-24,888,72,Laptop,Eletrônicos,1,1784.74,1784.74,FL,Entrega rápida!
3768,2032-04-25,766,76,Tablet,Eletrônicos,1,1284.56,1284.56,FL,Atendimento sem problema
3769,2032-04-26,536,52,Tablet,Eletrônicos,2,1276.61,2553.22,CA,Entrega dentro do prazo previsto.
3770,2032-04-27,162,41,Laptop,Eletrônicos,5,327.76,1638.82,FL,Atendimento excepcional.
3771,2032-04-28,670,79,Laptop,Eletrônicos,5,127.19,635.94,CA,Produto com defeito
3772,2032-04-29,594,69,Tablet,Eletrônicos,5,1417.83,7089.13,FL,Atendimento excepcional.
3773,2032-04-30,915,68,Tablet,Eletrônicos,5,278.26,1391.3,FL,Entrega rápida!
3774,2032-05-01,159,19,Laptop,Eletrônicos,1,297.59,297.59,IL,Produto com defeito
3775,2032-05-02,188,74,Fone de ouvido,Acessórios,3,415.63,1246.88,FL,Muito satisfeito com a compra.
3776,2032-05-03,60,63,Laptop,Eletrônicos,4,240.61,962.42,NY,Atendimento excepcional.
3777,2032-05-04,915,77,Tablet,Eletrônicos,3,1269.52,3808.55,FL,Sem reclamações.
3778,2032-05-05,817,72,Tablet,Eletrônicos,3,872.91,2618.73,TX,Atendimento sem problema
3779,2032-05-06,319,70,Tablet,Eletrônicos,1,568.89,568.89,IL,Atendimento excepcional.
3780,2032-05-07,878,42,Laptop,Eletrônicos,4,909.46,3637.85,IL,Excelente produto!
3781,2032-05-08,211,36,Tablet,Eletrônicos,5,1696.07,8480.37,FL,Excelente produto!
3782,2032-05-09,406,62,Fone de ouvido,Acessórios,1,1857.8,1857.8,TX,Muito satisfeito com a compra.
3783,2032-05-10,664,30,Smartphone,Eletrônicos,1,1000.58,1000.58,FL,Produto com defeito
3784,2032-05-11,109,46,Fone de ouvido,Acessórios,4,1155.17,4620.67,NY,Atendimento excepcional.
3785,2032-05-12,76,49,Laptop,Eletrônicos,2,551.54,1103.08,IL,Entrega rápida!
3786,2032-05-13,542,23,Tablet,Eletrônicos,1,1051.52,1051.52,IL,Entrega dentro do prazo previsto.
3787,2032-05-14,314,73,Laptop,Eletrônicos,3,1508.83,4526.5,TX,Produto ok.
3788,2032-05-15,998,26,Smartphone,Eletrônicos,3,1009.67,3029.0,CA,Atendimento sem problema
3789,2032-05-16,117,69,Laptop,Eletrônicos,5,639.04,3195.21,TX,Atendimento excepcional.
3790,2032-05-17,927,18,Tablet,Eletrônicos,1,1184.97,1184.97,NY,Atendimento sem problema
3791,2032-05-18,868,41,Smartphone,Eletrônicos,5,1895.98,9479.9,TX,Muito satisfeito com a compra.
3792,2032-05-19,704,27,Smartphone,Eletrônicos,1,1781.57,1781.57,CA,Excelente produto!
3793,2032-05-20,19,52,Tablet,Eletrônicos,4,1550.02,6200.09,NY,Sem reclamações.
3794,2032-05-21,432,23,Tablet,Eletrônicos,1,588.61,588.61,NY,Produto com ótimo custo-benefício.
3795,2032-05-22,685,65,Tablet,Eletrônicos,2,521.04,1042.08,CA,Produto cumpre o que promete
3796,2032-05-23,740,37,Laptop,Eletrônicos,3,1685.15,5055.44,FL,Produto com ótimo custo-benefício.
3797,2032-05-24,350,55,Fone de ouvido,Acessórios,4,403.57,1614.28,TX,Entrega atrasada
3798,2032-05-25,183,29,Laptop,Eletrônicos,3,1230.94,3692.83,NY,Produto com ótimo custo-benefício.
3799,2032-05-26,113,20,Laptop,Eletrônicos,5,905.91,4529.57,TX,Arrependido da compra
3800,2032-05-27,183,72,Fone de ouvido,Acessórios,4,962.57,3850.29,CA,Atendimento sem problema
3801,2032-05-28,481,35,Tablet,Eletrônicos,2,936.36,1872.72,IL,Atendimento sem problema
3802,2032-05-29,146,38,Tablet,Eletrônicos,3,1804.9,5414.71,CA,Atendimento excepcional.
3803,2032-05-30,831,52,Fone de ouvido,Acessórios,1,219.83,219.83,TX,Produto com defeito
3804,2032-05-31,628,54,Fone de ouvido,Acessórios,1,1576.66,1576.66,NY,Atendimento excepcional.
3805,2032-06-01,113,36,Laptop,Eletrônicos,1,1678.27,1678.27,TX,Muito satisfeito com a compra.
3806,2032-06-02,763,42,Smartphone,Eletrônicos,4,1888.61,7554.44,IL,Entrega dentro do prazo previsto.
3807,2032-06-03,476,73,Fone de ouvido,Acessórios,2,932.57,1865.14,NY,Excelente produto!
3808,2032-06-04,763,79,Laptop,Eletrônicos,2,1025.13,2050.25,IL,Entrega rápida!
3809,2032-06-05,303,35,Smartphone,Eletrônicos,2,1924.52,3849.05,FL,Entrega dentro do prazo previsto.
3810,2032-06-06,971,57,Tablet,Eletrônicos,3,943.98,2831.94,CA,Excelente produto!
3811,2032-06-07,825,47,Tablet,Eletrônicos,4,1031.92,4127.68,FL,Produto ok.
3812,2032-06-08,118,73,Laptop,Eletrônicos,1,697.9,697.9,TX,Sem reclamações.
3813,2032-06-09,813,59,Laptop,Eletrônicos,3,111.67,335.02,FL,Atendimento excepcional.
3814,2032-06-10,161,68,Fone de ouvido,Acessórios,2,894.46,1788.91,CA,Excelente produto!
3815,2032-06-11,401,59,Tablet,Eletrônicos,1,1327.43,1327.43,NY,Sem reclamações.
3816,2032-06-12,198,70,Laptop,Eletrônicos,4,1395.39,5581.58,IL,Atendimento sem problema
3817,2032-06-13,260,51,Tablet,Eletrônicos,5,62.69,313.46,NY,Excelente produto!
3818,2032-06-14,660,27,Tablet,Eletrônicos,2,1612.05,3224.11,FL,Atendimento excepcional.
3819,2032-06-15,752,39,Fone de ouvido,Acessórios,2,1010.21,2020.42,TX,Produto com ótimo custo-benefício.
3820,2032-06-16,47,67,Smartphone,Eletrônicos,2,1065.45,2130.91,FL,Atendimento sem problema
3821,2032-06-17,987,21,Fone de ouvido,Acessórios,2,1925.4,3850.8,CA,Atendimento sem problema
3822,2032-06-18,399,20,Laptop,Eletrônicos,1,604.7,604.7,CA,Produto com ótimo custo-benefício.
3823,2032-06-19,710,66,Fone de ouvido,Acessórios,4,1535.22,6140.89,TX,Entrega dentro do prazo previsto.
3824,2032-06-20,559,73,Fone de ouvido,Acessórios,3,1170.81,3512.44,NY,Produto cumpre o que promete
3825,2032-06-21,78,73,Tablet,Eletrônicos,1,1416.56,1416.56,CA,Muito satisfeito com a compra.
3826,2032-06-22,124,66,Fone de ouvido,Acessórios,4,864.74,3458.98,CA,Produto ok.
3827,2032-06-23,75,45,Laptop,Eletrônicos,3,594.45,1783.36,TX,Sem reclamações.
3828,2032-06-24,871,39,Smartphone,Eletrônicos,2,1114.95,2229.89,NY,Entrega atrasada
3829,2032-06-25,137,29,Fone de ouvido,Acessórios,4,781.14,3124.54,FL,Produto com ótimo custo-benefício.
3830,2032-06-26,602,66,Fone de ouvido,Acessórios,2,484.68,969.35,IL,Excelente produto!
3831,2032-06-27,400,30,Smartphone,Eletrônicos,4,1686.51,6746.04,TX,Péssimo atendimento
3832,2032-06-28,837,58,Laptop,Eletrônicos,5,977.87,4889.36,NY,Excelente produto!
3833,2032-06-29,505,50,Laptop,Eletrônicos,2,1702.27,3404.53,IL,Excelente produto!
3834,2032-06-30,500,64,Fone de ouvido,Acessórios,2,974.36,1948.72,TX,Muito satisfeito com a compra.
3835,2032-07-01,573,36,Tablet,Eletrônicos,2,1135.76,2271.51,FL,Atendimento sem problema
3836,2032-07-02,138,58,Fone de ouvido,Acessórios,1,1990.8,1990.8,FL,Atendimento excepcional.
3837,2032-07-03,50,34,Smartphone,Eletrônicos,3,1905.43,5716.3,NY,Produto com defeito
3838,2032-07-04,771,64,Smartphone,Eletrônicos,2,579.8,1159.59,NY,Entrega rápida!
3839,2032-07-05,973,51,Smartphone,Eletrônicos,2,1743.88,3487.76,FL,Entrega dentro do prazo previsto.
3840,2032-07-06,619,21,Fone de ouvido,Acessórios,1,811.29,811.29,FL,Produto com ótimo custo-benefício.
3841,2032-07-07,625,56,Fone de ouvido,Acessórios,1,188.94,188.94,TX,Excelente produto!
3842,2032-07-08,862,25,Laptop,Eletrônicos,5,1172.77,5863.86,NY,Produto com ótimo custo-benefício.
3843,2032-07-09,254,50,Tablet,Eletrônicos,4,1955.25,7821.0,IL,Produto com defeito
3844,2032-07-10,630,18,Fone de ouvido,Acessórios,2,1949.91,3899.82,FL,Atendimento excepcional.
3845,2032-07-11,710,22,Laptop,Eletrônicos,4,296.61,1186.43,IL,Entrega dentro do prazo previsto.
3846,2032-07-12,849,49,Fone de ouvido,Acessórios,1,1553.91,1553.91,NY,Sem reclamações.
3847,2032-07-13,877,57,Laptop,Eletrônicos,1,1615.52,1615.52,NY,Produto com ótimo custo-benefício.
3848,2032-07-14,563,18,Laptop,Eletrônicos,5,769.05,3845.26,CA,Produto cumpre o que promete
3849,2032-07-15,757,52,Tablet,Eletrônicos,3,1334.26,4002.78,FL,Entrega rápida!
3850,2032-07-16,915,39,Fone de ouvido,Acessórios,1,1001.91,1001.91,NY,Produto cumpre o que promete
3851,2032-07-17,426,46,Laptop,Eletrônicos,2,494.39,988.78,NY,Muito satisfeito com a compra.
3852,2032-07-18,547,34,Smartphone,Eletrônicos,5,1534.47,7672.33,FL,Produto ok.
3853,2032-07-19,302,47,Smartphone,Eletrônicos,3,562.37,1687.1,CA,Produto ok.
3854,2032-07-20,922,52,Smartphone,Eletrônicos,5,713.87,3569.37,CA,Atendimento excepcional.
3855,2032-07-21,581,77,Tablet,Eletrônicos,1,420.54,420.54,CA,Atendimento excepcional.
3856,2032-07-22,349,18,Laptop,Eletrônicos,3,1452.58,4357.74,CA,Produto com ótimo custo-benefício.
3857,2032-07-23,832,21,Tablet,Eletrônicos,4,944.51,3778.05,TX,Péssimo atendimento
3858,2032-07-24,933,26,Fone de ouvido,Acessórios,3,914.58,2743.73,FL,Excelente produto!
3859,2032-07-25,980,62,Fone de ouvido,Acessórios,2,1228.9,2457.8,FL,Atendimento excepcional.
3860,2032-07-26,49,49,Laptop,Eletrônicos,4,356.66,1426.65,FL,Entrega rápida!
3861,2032-07-27,917,22,Smartphone,Eletrônicos,4,1801.4,7205.6,CA,Entrega atrasada
3862,2032-07-28,74,31,Laptop,Eletrônicos,2,956.96,1913.92,CA,Excelente produto!
3863,2032-07-29,704,68,Laptop,Eletrônicos,4,764.73,3058.91,NY,Atendimento excepcional.
3864,2032-07-30,261,43,Laptop,Eletrônicos,1,297.05,297.05,TX,Produto cumpre o que promete
3865,2032-07-31,356,40,Tablet,Eletrônicos,3,377.51,1132.53,FL,Péssimo atendimento
3866,2032-08-01,582,63,Fone de ouvido,Acessórios,3,1844.7,5534.11,TX,Entrega dentro do prazo previsto.
3867,2032-08-02,602,39,Laptop,Eletrônicos,2,940.4,1880.81,FL,Excelente produto!
3868,2032-08-03,260,44,Laptop,Eletrônicos,1,1458.26,1458.26,CA,Produto com ótimo custo-benefício.
3869,2032-08-04,638,42,Laptop,Eletrônicos,4,207.01,828.03,CA,Entrega rápida!
3870,2032-08-05,743,53,Tablet,Eletrônicos,3,1304.76,3914.27,FL,Excelente produto!
3871,2032-08-06,295,21,Tablet,Eletrônicos,3,1846.96,5540.89,IL,Excelente produto!
3872,2032-08-07,931,49,Tablet,Eletrônicos,3,634.93,1904.79,CA,Atendimento sem problema
3873,2032-08-08,641,26,Laptop,Eletrônicos,3,1179.32,3537.97,NY,Sem reclamações.
3874,2032-08-09,792,19,Smartphone,Eletrônicos,5,1883.43,9417.14,CA,Atendimento sem problema
3875,2032-08-10,313,59,Smartphone,Eletrônicos,2,1452.68,2905.36,NY,Produto com ótimo custo-benefício.
3876,2032-08-11,612,67,Smartphone,Eletrônicos,4,171.53,686.14,TX,Produto ok.
3877,2032-08-12,838,74,Fone de ouvido,Acessórios,4,788.54,3154.15,CA,Muito satisfeito com a compra.
3878,2032-08-13,809,56,Laptop,Eletrônicos,2,217.26,434.51,CA,Muito satisfeito com a compra.
3879,2032-08-14,182,70,Smartphone,Eletrônicos,1,1729.57,1729.57,TX,Atendimento excepcional.
3880,2032-08-15,686,63,Smartphone,Eletrônicos,2,1262.24,2524.48,NY,Produto com ótimo custo-benefício.
3881,2032-08-16,828,70,Smartphone,Eletrônicos,3,1914.94,5744.83,IL,Produto com ótimo custo-benefício.
3882,2032-08-17,364,42,Laptop,Eletrônicos,3,88.52,265.57,NY,Muito satisfeito com a compra.
3883,2032-08-18,188,78,Smartphone,Eletrônicos,2,875.02,1750.04,FL,Muito satisfeito com a compra.
3884,2032-08-19,569,64,Smartphone,Eletrônicos,2,253.51,507.02,FL,Muito satisfeito com a compra.
3885,2032-08-20,543,27,Laptop,Eletrônicos,4,733.45,2933.81,FL,Excelente produto!
3886,2032-08-21,596,54,Fone de ouvido,Acessórios,4,365.68,1462.72,TX,Produto com defeito
3887,2032-08-22,664,42,Tablet,Eletrônicos,5,691.15,3455.74,NY,Produto com defeito
3888,2032-08-23,985,57,Smartphone,Eletrônicos,5,1647.56,8237.8,CA,Arrependido da compra
3889,2032-08-24,548,71,Tablet,Eletrônicos,3,363.36,1090.09,FL,Sem reclamações.
3890,2032-08-25,725,70,Fone de ouvido,Acessórios,5,973.65,4868.23,NY,Produto com defeito
3891,2032-08-26,926,46,Fone de ouvido,Acessórios,5,1847.09,9235.44,CA,Produto cumpre o que promete
3892,2032-08-27,408,54,Smartphone,Eletrônicos,1,1997.62,1997.62,NY,Qualidade inferior ao anunciado
3893,2032-08-28,876,22,Laptop,Eletrônicos,2,538.75,1077.5,TX,Sem reclamações.
3894,2032-08-29,618,31,Fone de ouvido,Acessórios,4,1874.36,7497.43,FL,Sem reclamações.
3895,2032-08-30,414,50,Tablet,Eletrônicos,5,559.71,2798.54,IL,Excelente produto!
3896,2032-08-31,342,44,Tablet,Eletrônicos,4,856.38,3425.52,FL,Entrega dentro do prazo previsto.
3897,2032-09-01,220,22,Tablet,Eletrônicos,5,1761.95,8809.76,FL,Péssimo atendimento
3898,2032-09-02,903,68,Tablet,Eletrônicos,5,1583.04,7915.22,TX,Atendimento excepcional.
3899,2032-09-03,163,71,Fone de ouvido,Acessórios,3,1722.1,5166.3,CA,Entrega rápida!
3900,2032-09-04,951,74,Smartphone,Eletrônicos,1,1610.5,1610.5,FL,Atendimento excepcional.
3901,2032-09-05,220,61,Smartphone,Eletrônicos,2,508.37,1016.74,CA,Produto ok.
3902,2032-09-06,270,32,Tablet,Eletrônicos,2,1139.65,2279.3,CA,Sem reclamações.
3903,2032-09-07,632,20,Smartphone,Eletrônicos,3,801.24,2403.72,TX,Entrega rápida!
3904,2032-09-08,906,18,Tablet,Eletrônicos,3,946.44,2839.31,FL,Muito satisfeito com a compra.
3905,2032-09-09,848,41,Tablet,Eletrônicos,2,350.21,700.43,TX,Péssimo atendimento
3906,2032-09-10,400,29,Laptop,Eletrônicos,2,665.75,1331.49,TX,Atendimento sem problema
3907,2032-09-11,182,62,Fone de ouvido,Acessórios,1,1722.41,1722.41,IL,Atendimento excepcional.
3908,2032-09-12,991,79,Fone de ouvido,Acessórios,5,1800.24,9001.19,TX,Produto cumpre o que promete
3909,2032-09-13,618,31,Tablet,Eletrônicos,1,1239.8,1239.8,IL,Entrega rápida!
3910,2032-09-14,729,74,Fone de ouvido,Acessórios,2,1021.62,2043.24,CA,Muito satisfeito com a compra.
3911,2032-09-15,205,59,Smartphone,Eletrônicos,5,1440.04,7200.19,CA,Entrega dentro do prazo previsto.
3912,2032-09-16,582,37,Tablet,Eletrônicos,2,1237.26,2474.53,NY,Produto ok.
3913,2032-09-17,556,75,Laptop,Eletrônicos,1,1968.17,1968.17,NY,Muito satisfeito com a compra.
3914,2032-09-18,841,31,Smartphone,Eletrônicos,1,420.67,420.67,CA,Excelente produto!
3915,2032-09-19,813,31,Laptop,Eletrônicos,1,925.64,925.64,FL,Excelente produto!
3916,2032-09-20,228,62,Laptop,Eletrônicos,5,1840.57,9202.84,NY,Entrega atrasada
3917,2032-09-21,696,70,Fone de ouvido,Acessórios,4,1833.74,7334.95,TX,Produto cumpre o que promete
3918,2032-09-22,619,52,Fone de ouvido,Acessórios,4,1015.93,4063.71,NY,Produto com ótimo custo-benefício.
3919,2032-09-23,596,79,Tablet,Eletrônicos,2,312.88,625.76,CA,Atendimento excepcional.
3920,2032-09-24,850,78,Fone de ouvido,Acessórios,5,1639.17,8195.84,FL,Atendimento excepcional.
3921,2032-09-25,250,73,Laptop,Eletrônicos,3,1191.07,3573.22,CA,Sem reclamações.
3922,2032-09-26,875,36,Laptop,Eletrônicos,4,1557.67,6230.69,FL,Entrega rápida!
3923,2032-09-27,441,37,Smartphone,Eletrônicos,5,951.92,4759.61,NY,Muito satisfeito com a compra.
3924,2032-09-28,533,59,Laptop,Eletrônicos,5,447.57,2237.87,TX,Atendimento sem problema
3925,2032-09-29,196,61,Tablet,Eletrônicos,4,96.78,387.12,TX,Entrega rápida!
3926,2032-09-30,690,40,Tablet,Eletrônicos,5,1140.32,5701.6,CA,Atendimento excepcional.
3927,2032-10-01,929,51,Fone de ouvido,Acessórios,5,364.04,1820.2,FL,Excelente produto!
3928,2032-10-02,987,18,Fone de ouvido,Acessórios,4,414.92,1659.67,NY,Produto cumpre o que promete
3929,2032-10-03,519,21,Fone de ouvido,Acessórios,1,900.8,900.8,FL,Produto cumpre o que promete
3930,2032-10-04,70,57,Tablet,Eletrônicos,2,912.05,1824.1,FL,Entrega rápida!
3931,2032-10-05,639,34,Laptop,Eletrônicos,3,585.05,1755.16,FL,Atendimento excepcional.
3932,2032-10-06,399,43,Fone de ouvido,Acessórios,2,307.25,614.5,NY,Produto com ótimo custo-benefício.
3933,2032-10-07,978,31,Smartphone,Eletrônicos,1,1892.66,1892.66,FL,Atendimento excepcional.
3934,2032-10-08,672,63,Fone de ouvido,Acessórios,1,306.7,306.7,TX,Excelente produto!
3935,2032-10-09,760,68,Tablet,Eletrônicos,5,734.01,3670.03,CA,Entrega rápida!
3936,2032-10-10,203,49,Fone de ouvido,Acessórios,2,644.49,1288.99,IL,Arrependido da compra
3937,2032-10-11,148,53,Laptop,Eletrônicos,1,1739.36,1739.36,FL,Entrega dentro do prazo previsto.
3938,2032-10-12,472,37,Fone de ouvido,Acessórios,2,849.62,1699.24,TX,Produto ok.
3939,2032-10-13,655,33,Tablet,Eletrônicos,1,291.88,291.88,TX,Sem reclamações.
3940,2032-10-14,944,68,Tablet,Eletrônicos,3,70.01,210.03,CA,Atendimento sem problema
3941,2032-10-15,199,36,Smartphone,Eletrônicos,1,1457.8,1457.8,CA,Produto ok.
3942,2032-10-16,917,62,Tablet,Eletrônicos,2,1443.28,2886.55,IL,Sem reclamações.
3943,2032-10-17,426,56,Smartphone,Eletrônicos,5,864.68,4323.39,IL,Excelente produto!
3944,2032-10-18,666,41,Laptop,Eletrônicos,2,296.3,592.6,IL,Muito satisfeito com a compra.
3945,2032-10-19,492,31,Tablet,Eletrônicos,4,774.69,3098.74,NY,Muito satisfeito com a compra.
3946,2032-10-20,888,46,Fone de ouvido,Acessórios,2,1200.27,2400.54,NY,Entrega atrasada
3947,2032-10-21,896,59,Laptop,Eletrônicos,3,1422.69,4268.07,TX,Atendimento excepcional.
3948,2032-10-22,142,31,Fone de ouvido,Acessórios,3,202.57,607.7,CA,Atendimento excepcional.
3949,2032-10-23,313,69,Fone de ouvido,Acessórios,3,1134.8,3404.4,FL,Produto ok.
3950,2032-10-24,165,28,Fone de ouvido,Acessórios,1,588.44,588.44,CA,Muito satisfeito com a compra.
3951,2032-10-25,314,28,Laptop,Eletrônicos,3,1253.67,3761.01,NY,Péssimo atendimento
3952,2032-10-26,21,64,Laptop,Eletrônicos,2,1313.87,2627.75,TX,Excelente produto!
3953,2032-10-27,82,57,Tablet,Eletrônicos,5,1825.68,9128.39,FL,Produto ok.
3954,2032-10-28,581,41,Fone de ouvido,Acessórios,3,850.24,2550.71,IL,Atendimento sem problema
3955,2032-10-29,131,39,Smartphone,Eletrônicos,2,1098.3,2196.6,IL,Entrega atrasada
3956,2032-10-30,599,66,Tablet,Eletrônicos,1,573.02,573.02,NY,Entrega rápida!
3957,2032-10-31,730,72,Laptop,Eletrônicos,1,608.79,608.79,TX,Sem reclamações.
3958,2032-11-01,933,72,Smartphone,Eletrônicos,5,139.77,698.83,CA,Atendimento excepcional.
3959,2032-11-02,984,38,Laptop,Eletrônicos,5,607.83,3039.17,NY,Muito satisfeito com a compra.
3960,2032-11-03,305,23,Smartphone,Eletrônicos,2,174.47,348.93,CA,Atendimento excepcional.
3961,2032-11-04,915,31,Tablet,Eletrônicos,5,1929.64,9648.18,FL,Produto cumpre o que promete
3962,2032-11-05,371,26,Smartphone,Eletrônicos,5,1267.31,6336.57,CA,Atendimento excepcional.
3963,2032-11-06,857,52,Tablet,Eletrônicos,1,387.64,387.64,FL,Atendimento excepcional.
3964,2032-11-07,853,61,Laptop,Eletrônicos,2,277.69,555.39,TX,Atendimento excepcional.
3965,2032-11-08,384,53,Smartphone,Eletrônicos,5,771.74,3858.7,NY,Produto com ótimo custo-benefício.
3966,2032-11-09,908,42,Fone de ouvido,Acessórios,2,649.91,1299.82,CA,Produto com ótimo custo-benefício.
3967,2032-11-10,445,32,Fone de ouvido,Acessórios,3,594.55,1783.64,TX,Atendimento excepcional.
3968,2032-11-11,425,62,Laptop,Eletrônicos,1,962.98,962.98,TX,Produto com defeito
3969,2032-11-12,161,75,Smartphone,Eletrônicos,1,1830.1,1830.1,CA,Excelente produto!
3970,2032-11-13,178,79,Fone de ouvido,Acessórios,1,1157.7,1157.7,IL,Entrega rápida!
3971,2032-11-14,629,45,Tablet,Eletrônicos,4,1066.4,4265.61,IL,Produto cumpre o que promete
3972,2032-11-15,708,67,Smartphone,Eletrônicos,2,1622.77,3245.54,FL,Excelente produto!
3973,2032-11-16,895,31,Smartphone,Eletrônicos,3,57.85,173.54,TX,Entrega rápida!
3974,2032-11-17,490,30,Fone de ouvido,Acessórios,5,434.9,2174.51,NY,Excelente produto!
3975,2032-11-18,327,58,Tablet,Eletrônicos,3,1017.56,3052.69,NY,Entrega dentro do prazo previsto.
3976,2032-11-19,598,48,Tablet,Eletrônicos,2,1425.35,2850.71,TX,Qualidade inferior ao anunciado
3977,2032-11-20,289,22,Tablet,Eletrônicos,1,995.8,995.8,IL,Excelente produto!
3978,2032-11-21,593,36,Smartphone,Eletrônicos,4,369.25,1476.98,TX,Atendimento excepcional.
3979,2032-11-22,664,25,Laptop,Eletrônicos,2,1863.47,3726.93,FL,Atendimento excepcional.
3980,2032-11-23,573,30,Smartphone,Eletrônicos,2,690.9,1381.79,TX,Produto com ótimo custo-benefício.
3981,2032-11-24,573,58,Smartphone,Eletrônicos,5,1587.02,7935.1,CA,Muito satisfeito com a compra.
3982,2032-11-25,354,34,Fone de ouvido,Acessórios,3,1788.26,5364.77,IL,Sem reclamações.
3983,2032-11-26,28,49,Laptop,Eletrônicos,3,725.58,2176.73,CA,Excelente produto!
3984,2032-11-27,954,22,Tablet,Eletrônicos,5,1698.36,8491.79,CA,Entrega dentro do prazo previsto.
3985,2032-11-28,43,79,Fone de ouvido,Acessórios,4,1436.01,5744.03,TX,Produto com ótimo custo-benefício.
3986,2032-11-29,681,26,Smartphone,Eletrônicos,1,1813.35,1813.35,TX,Qualidade inferior ao anunciado
3987,2032-11-30,423,60,Laptop,Eletrônicos,1,540.06,540.06,NY,Muito satisfeito com a compra.
3988,2032-12-01,598,51,Tablet,Eletrônicos,4,1865.99,7463.97,CA,Produto cumpre o que promete
3989,2032-12-02,177,62,Tablet,Eletrônicos,5,177.35,886.74,TX,Produto cumpre o que promete
3990,2032-12-03,529,18,Smartphone,Eletrônicos,2,1597.66,3195.32,NY,Entrega dentro do prazo previsto.
3991,2032-12-04,610,57,Tablet,Eletrônicos,3,899.55,2698.64,CA,Excelente produto!
3992,2032-12-05,966,32,Tablet,Eletrônicos,2,396.89,793.77,NY,Entrega rápida!
3993,2032-12-06,494,71,Laptop,Eletrônicos,3,204.84,614.51,IL,Produto ok.
3994,2032-12-07,198,79,Fone de ouvido,Acessórios,2,809.62,1619.24,FL,Atendimento sem problema
3995,2032-12-08,610,49,Laptop,Eletrônicos,5,809.18,4045.91,CA,Muito satisfeito com a compra.
3996,2032-12-09,577,79,Fone de ouvido,Acessórios,5,498.42,2492.08,TX,Entrega rápida!
3997,2032-12-10,842,51,Fone de ouvido,Acessórios,4,470.26,1881.02,IL,Excelente produto!
3998,2032-12-11,853,52,Fone de ouvido,Acessórios,2,829.05,1658.11,NY,Atendimento sem problema
3999,2032-12-12,517,70,Tablet,Eletrônicos,2,849.72,1699.44,FL,Entrega dentro do prazo previsto.
4000,2032-12-13,514,66,Laptop,Eletrônicos,4,912.61,3650.45,CA,Sem reclamações.
4001,2032-12-14,22,67,Tablet,Eletrônicos,4,1744.08,6976.32,FL,Produto com ótimo custo-benefício.
4002,2032-12-15,112,76,Smartphone,Eletrônicos,5,1241.95,6209.73,IL,Atendimento excepcional.
4003,2032-12-16,57,45,Laptop,Eletrônicos,5,89.84,449.22,FL,Sem reclamações.
4004,2032-12-17,66,34,Fone de ouvido,Acessórios,2,1062.24,2124.49,CA,Atendimento excepcional.
4005,2032-12-18,842,79,Tablet,Eletrônicos,5,1536.78,7683.9,IL,Produto com ótimo custo-benefício.
4006,2032-12-19,98,63,Tablet,Eletrônicos,5,160.01,800.04,NY,Produto com ótimo custo-benefício.
4007,2032-12-20,144,28,Laptop,Eletrônicos,2,874.09,1748.17,CA,Atendimento excepcional.
4008,2032-12-21,880,40,Laptop,Eletrônicos,4,929.86,3719.44,FL,Produto ok.
4009,2032-12-22,435,72,Fone de ouvido,Acessórios,2,1910.34,3820.68,CA,Produto com ótimo custo-benefício.
4010,2032-12-23,637,43,Fone de ouvido,Acessórios,1,977.58,977.58,IL,Entrega rápida!
4011,2032-12-24,679,63,Smartphone,Eletrônicos,2,1512.31,3024.61,FL,Entrega rápida!
4012,2032-12-25,86,22,Fone de ouvido,Acessórios,1,640.66,640.66,NY,Atendimento sem problema
4013,2032-12-26,588,43,Tablet,Eletrônicos,2,1569.65,3139.3,TX,Atendimento excepcional.
4014,2032-12-27,344,23,Smartphone,Eletrônicos,1,679.19,679.19,NY,Produto cumpre o que promete
4015,2032-12-28,936,78,Smartphone,Eletrônicos,1,888.55,888.55,CA,Muito satisfeito com a compra.
4016,2032-12-29,294,68,Smartphone,Eletrônicos,2,984.99,1969.98,TX,Atendimento excepcional.
4017,2032-12-30,956,60,Laptop,Eletrônicos,5,1856.41,9282.04,IL,Excelente produto!
4018,2032-12-31,571,51,Fone de ouvido,Acessórios,3,154.23,462.7,FL,Produto com defeito
4019,2033-01-01,650,59,Smartphone,Eletrônicos,5,433.89,2169.45,FL,Entrega rápida!
4020,2033-01-02,611,30,Laptop,Eletrônicos,1,1426.2,1426.2,IL,Atendimento sem problema
4021,2033-01-03,704,42,Laptop,Eletrônicos,2,1176.28,2352.55,CA,Entrega atrasada
4022,2033-01-04,243,19,Smartphone,Eletrônicos,2,540.49,1080.97,NY,Produto com ótimo custo-benefício.
4023,2033-01-05,831,31,Smartphone,Eletrônicos,2,613.94,1227.88,TX,Entrega dentro do prazo previsto.
4024,2033-01-06,561,34,Tablet,Eletrônicos,2,766.25,1532.51,IL,Produto com ótimo custo-benefício.
4025,2033-01-07,960,58,Smartphone,Eletrônicos,3,928.18,2784.53,CA,Produto com ótimo custo-benefício.
4026,2033-01-08,32,57,Tablet,Eletrônicos,4,1645.15,6580.61,CA,Entrega rápida!
4027,2033-01-09,391,57,Smartphone,Eletrônicos,1,76.94,76.94,TX,Sem reclamações.
4028,2033-01-10,277,56,Smartphone,Eletrônicos,3,1801.14,5403.42,IL,Excelente produto!
4029,2033-01-11,532,42,Fone de ouvido,Acessórios,5,855.4,4277.01,NY,Atendimento excepcional.
4030,2033-01-12,154,44,Smartphone,Eletrônicos,4,499.47,1997.88,NY,Excelente produto!
4031,2033-01-13,383,65,Smartphone,Eletrônicos,4,1041.4,4165.62,IL,Atendimento excepcional.
4032,2033-01-14,68,68,Tablet,Eletrônicos,2,1336.36,2672.71,FL,Atendimento sem problema
4033,2033-01-15,878,41,Tablet,Eletrônicos,3,137.27,411.8,NY,Entrega rápida!
4034,2033-01-16,884,66,Fone de ouvido,Acessórios,5,1445.77,7228.83,FL,Entrega atrasada
4035,2033-01-17,214,50,Smartphone,Eletrônicos,2,1533.48,3066.97,IL,Produto cumpre o que promete
4036,2033-01-18,655,44,Smartphone,Eletrônicos,2,374.06,748.11,CA,Entrega dentro do prazo previsto.
4037,2033-01-19,376,62,Tablet,Eletrônicos,1,377.37,377.37,IL,Entrega rápida!
4038,2033-01-20,744,48,Laptop,Eletrônicos,4,447.38,1789.52,CA,Entrega rápida!
4039,2033-01-21,213,65,Laptop,Eletrônicos,5,1603.43,8017.13,IL,Excelente produto!
4040,2033-01-22,79,55,Laptop,Eletrônicos,4,580.41,2321.62,FL,Entrega rápida!
4041,2033-01-23,726,32,Tablet,Eletrônicos,3,1602.07,4806.22,FL,Muito satisfeito com a compra.
4042,2033-01-24,628,61,Tablet,Eletrônicos,1,1104.02,1104.02,IL,Atendimento excepcional.
4043,2033-01-25,604,73,Laptop,Eletrônicos,2,1545.98,3091.97,CA,Produto com defeito
4044,2033-01-26,782,57,Laptop,Eletrônicos,1,1129.66,1129.66,IL,Excelente produto!
4045,2033-01-27,923,75,Smartphone,Eletrônicos,2,704.75,1409.5,CA,Produto com ótimo custo-benefício.
4046,2033-01-28,381,18,Tablet,Eletrônicos,1,1825.89,1825.89,FL,Atendimento sem problema
4047,2033-01-29,680,28,Tablet,Eletrônicos,2,1444.83,2889.65,TX,Entrega rápida!
4048,2033-01-30,58,32,Laptop,Eletrônicos,4,993.91,3975.63,NY,Excelente produto!
4049,2033-01-31,796,50,Laptop,Eletrônicos,4,1292.99,5171.94,FL,Excelente produto!
4050,2033-02-01,26,74,Fone de ouvido,Acessórios,4,1250.89,5003.58,IL,Entrega rápida!
4051,2033-02-02,881,65,Tablet,Eletrônicos,4,748.33,2993.31,IL,Atendimento excepcional.
4052,2033-02-03,447,49,Fone de ouvido,Acessórios,1,876.35,876.35,CA,Excelente produto!
4053,2033-02-04,66,42,Smartphone,Eletrônicos,2,670.6,1341.2,NY,Produto com ótimo custo-benefício.
4054,2033-02-05,921,56,Fone de ouvido,Acessórios,4,1999.06,7996.24,FL,Entrega rápida!
4055,2033-02-06,760,50,Laptop,Eletrônicos,1,1181.13,1181.13,NY,Excelente produto!
4056,2033-02-07,254,46,Tablet,Eletrônicos,2,229.51,459.02,NY,Atendimento sem problema
4057,2033-02-08,899,75,Tablet,Eletrônicos,1,1062.26,1062.26,FL,Muito satisfeito com a compra.
4058,2033-02-09,968,51,Fone de ouvido,Acessórios,4,147.43,589.7,CA,Excelente produto!
4059,2033-02-10,44,25,Fone de ouvido,Acessórios,3,612.87,1838.61,CA,Entrega dentro do prazo previsto.
4060,2033-02-11,97,73,Smartphone,Eletrônicos,1,919.62,919.62,CA,Atendimento sem problema
4061,2033-02-12,554,28,Smartphone,Eletrônicos,4,1091.83,4367.31,TX,Excelente produto!
4062,2033-02-13,227,30,Laptop,Eletrônicos,5,1953.55,9767.77,NY,Arrependido da compra
4063,2033-02-14,774,22,Laptop,Eletrônicos,2,1965.33,3930.66,TX,Entrega dentro do prazo previsto.
4064,2033-02-15,679,67,Laptop,Eletrônicos,4,241.24,964.94,CA,Excelente produto!
4065,2033-02-16,436,36,Fone de ouvido,Acessórios,5,1099.36,5496.79,FL,Entrega atrasada
4066,2033-02-17,791,38,Fone de ouvido,Acessórios,1,1643.36,1643.36,NY,Atendimento excepcional.
4067,2033-02-18,601,20,Tablet,Eletrônicos,1,513.54,513.54,FL,Produto com defeito
4068,2033-02-19,379,43,Laptop,Eletrônicos,5,1513.6,7567.99,IL,Excelente produto!
4069,2033-02-20,178,50,Fone de ouvido,Acessórios,5,1763.31,8816.54,NY,Produto com ótimo custo-benefício.
4070,2033-02-21,427,47,Tablet,Eletrônicos,2,1341.85,2683.7,FL,Produto ok.
4071,2033-02-22,915,39,Laptop,Eletrônicos,1,689.02,689.02,CA,Atendimento excepcional.
4072,2033-02-23,709,79,Smartphone,Eletrônicos,5,1850.11,9250.54,TX,Produto com ótimo custo-benefício.
4073,2033-02-24,307,22,Smartphone,Eletrônicos,3,1772.86,5318.59,FL,Atendimento sem problema
4074,2033-02-25,779,36,Fone de ouvido,Acessórios,3,1445.86,4337.58,IL,Muito satisfeito com a compra.
4075,2033-02-26,504,26,Tablet,Eletrônicos,5,759.15,3795.76,CA,Produto com defeito
4076,2033-02-27,268,75,Smartphone,Eletrônicos,2,1594.2,3188.4,IL,Muito satisfeito com a compra.
4077,2033-02-28,586,41,Tablet,Eletrônicos,1,666.41,666.41,TX,Produto cumpre o que promete
4078,2033-03-01,8,56,Tablet,Eletrônicos,3,543.26,1629.77,IL,Excelente produto!
4079,2033-03-02,920,29,Smartphone,Eletrônicos,5,1054.28,5271.38,FL,Muito satisfeito com a compra.
4080,2033-03-03,508,63,Tablet,Eletrônicos,5,1994.41,9972.07,FL,Muito satisfeito com a compra.
4081,2033-03-04,476,78,Smartphone,Eletrônicos,4,1618.43,6473.71,CA,Atendimento sem problema
4082,2033-03-05,297,65,Fone de ouvido,Acessórios,5,1473.1,7365.48,TX,Muito satisfeito com a compra.
4083,2033-03-06,164,62,Laptop,Eletrônicos,2,931.42,1862.85,TX,Muito satisfeito com a compra.
4084,2033-03-07,485,44,Laptop,Eletrônicos,3,658.3,1974.91,NY,Excelente produto!
4085,2033-03-08,597,67,Fone de ouvido,Acessórios,4,1719.01,6876.03,NY,Excelente produto!
4086,2033-03-09,72,79,Smartphone,Eletrônicos,3,1157.08,3471.24,FL,Produto com ótimo custo-benefício.
4087,2033-03-10,567,59,Smartphone,Eletrônicos,3,1635.85,4907.54,IL,Produto ok.
4088,2033-03-11,905,70,Smartphone,Eletrônicos,2,1001.12,2002.24,IL,Atendimento excepcional.
4089,2033-03-12,559,38,Smartphone,Eletrônicos,5,1520.22,7601.09,CA,Produto com ótimo custo-benefício.
4090,2033-03-13,911,55,Fone de ouvido,Acessórios,2,1742.1,3484.19,TX,Péssimo atendimento
4091,2033-03-14,944,71,Laptop,Eletrônicos,5,813.21,4066.05,FL,Produto ok.
4092,2033-03-15,238,52,Tablet,Eletrônicos,4,76.46,305.84,IL,Produto com defeito
4093,2033-03-16,104,49,Tablet,Eletrônicos,2,547.11,1094.21,NY,Arrependido da compra
4094,2033-03-17,210,76,Laptop,Eletrônicos,2,1834.08,3668.17,FL,Muito satisfeito com a compra.
4095,2033-03-18,554,53,Fone de ouvido,Acessórios,1,1390.71,1390.71,CA,Entrega atrasada
4096,2033-03-19,828,50,Tablet,Eletrônicos,2,1487.58,2975.15,FL,Entrega rápida!
4097,2033-03-20,468,60,Laptop,Eletrônicos,1,684.31,684.31,IL,Produto com defeito
4098,2033-03-21,454,34,Fone de ouvido,Acessórios,5,1417.48,7087.41,CA,Atendimento excepcional.
4099,2033-03-22,268,22,Tablet,Eletrônicos,5,1310.25,6551.25,NY,Produto com ótimo custo-benefício.
4100,2033-03-23,386,61,Smartphone,Eletrônicos,5,397.83,1989.14,NY,Sem reclamações.
4101,2033-03-24,775,37,Smartphone,Eletrônicos,1,1938.95,1938.95,IL,Produto ok.
4102,2033-03-25,848,40,Fone de ouvido,Acessórios,5,740.35,3701.75,CA,Produto cumpre o que promete
4103,2033-03-26,387,56,Smartphone,Eletrônicos,3,692.11,2076.33,NY,Excelente produto!
4104,2033-03-27,877,21,Fone de ouvido,Acessórios,2,769.87,1539.73,CA,Entrega rápida!
4105,2033-03-28,259,43,Laptop,Eletrônicos,1,228.85,228.85,FL,Produto ok.
4106,2033-03-29,283,47,Laptop,Eletrônicos,5,1268.68,6343.39,TX,Atendimento excepcional.
4107,2033-03-30,626,65,Tablet,Eletrônicos,3,515.32,1545.95,TX,Entrega dentro do prazo previsto.
4108,2033-03-31,875,64,Fone de ouvido,Acessórios,2,1616.46,3232.92,TX,Excelente produto!
4109,2033-04-01,40,63,Tablet,Eletrônicos,2,818.6,1637.21,NY,Entrega rápida!
4110,2033-04-02,486,46,Tablet,Eletrônicos,5,944.19,4720.95,IL,Atendimento sem problema
4111,2033-04-03,929,51,Laptop,Eletrônicos,3,1310.52,3931.57,TX,Produto cumpre o que promete
4112,2033-04-04,220,27,Tablet,Eletrônicos,1,1535.65,1535.65,IL,Péssimo atendimento
4113,2033-04-05,129,37,Smartphone,Eletrônicos,5,500.67,2503.37,TX,Produto com ótimo custo-benefício.
4114,2033-04-06,520,41,Tablet,Eletrônicos,2,1934.27,3868.55,FL,Péssimo atendimento
4115,2033-04-07,613,51,Fone de ouvido,Acessórios,2,1263.53,2527.05,TX,Péssimo atendimento
4116,2033-04-08,928,54,Smartphone,Eletrônicos,2,61.0,121.99,IL,Produto ok.
4117,2033-04-09,892,30,Laptop,Eletrônicos,5,860.46,4302.32,NY,Sem reclamações.
4118,2033-04-10,688,40,Fone de ouvido,Acessórios,4,901.79,3607.18,FL,Produto ok.
4119,2033-04-11,619,27,Smartphone,Eletrônicos,4,1627.87,6511.49,IL,Produto com ótimo custo-benefício.
4120,2033-04-12,613,39,Fone de ouvido,Acessórios,4,645.02,2580.09,CA,Produto com ótimo custo-benefício.
4121,2033-04-13,260,62,Smartphone,Eletrônicos,3,695.89,2087.68,TX,Sem reclamações.
4122,2033-04-14,990,31,Fone de ouvido,Acessórios,5,187.46,937.32,FL,Produto com defeito
4123,2033-04-15,966,42,Fone de ouvido,Acessórios,2,602.91,1205.83,NY,Excelente produto!
4124,2033-04-16,366,35,Smartphone,Eletrônicos,3,1448.08,4344.23,CA,Produto ok.
4125,2033-04-17,758,37,Laptop,Eletrônicos,4,1287.78,5151.1,TX,Entrega dentro do prazo previsto.
4126,2033-04-18,787,72,Laptop,Eletrônicos,1,208.72,208.72,FL,Entrega rápida!
4127,2033-04-19,544,45,Fone de ouvido,Acessórios,3,273.65,820.96,IL,Excelente produto!
4128,2033-04-20,649,25,Fone de ouvido,Acessórios,3,785.01,2355.02,TX,Entrega dentro do prazo previsto.
4129,2033-04-21,524,22,Laptop,Eletrônicos,5,1500.33,7501.64,FL,Excelente produto!
4130,2033-04-22,907,38,Laptop,Eletrônicos,3,1674.19,5022.57,TX,Produto com ótimo custo-benefício.
4131,2033-04-23,814,37,Tablet,Eletrônicos,5,78.52,392.58,FL,Produto ok.
4132,2033-04-24,887,74,Laptop,Eletrônicos,1,691.57,691.57,IL,Entrega dentro do prazo previsto.
4133,2033-04-25,16,61,Fone de ouvido,Acessórios,2,877.31,1754.62,TX,Muito satisfeito com a compra.
4134,2033-04-26,129,33,Smartphone,Eletrônicos,2,1826.71,3653.42,FL,Atendimento sem problema
4135,2033-04-27,575,75,Laptop,Eletrônicos,4,1027.74,4110.97,CA,Atendimento excepcional.
4136,2033-04-28,109,37,Tablet,Eletrônicos,4,575.92,2303.67,NY,Muito satisfeito com a compra.
4137,2033-04-29,887,68,Tablet,Eletrônicos,1,810.59,810.59,FL,Sem reclamações.
4138,2033-04-30,533,42,Tablet,Eletrônicos,2,901.05,1802.09,FL,Produto cumpre o que promete
4139,2033-05-01,670,24,Smartphone,Eletrônicos,4,1356.49,5425.97,FL,Produto com ótimo custo-benefício.
4140,2033-05-02,269,42,Laptop,Eletrônicos,3,130.12,390.36,TX,Atendimento excepcional.
4141,2033-05-03,162,53,Laptop,Eletrônicos,5,809.43,4047.15,NY,Atendimento sem problema
4142,2033-05-04,260,68,Laptop,Eletrônicos,4,1310.78,5243.13,TX,Atendimento sem problema
4143,2033-05-05,924,27,Smartphone,Eletrônicos,1,602.48,602.48,FL,Produto com ótimo custo-benefício.
4144,2033-05-06,102,57,Smartphone,Eletrônicos,2,1203.91,2407.83,FL,Muito satisfeito com a compra.
4145,2033-05-07,506,33,Fone de ouvido,Acessórios,1,746.69,746.69,NY,Produto com ótimo custo-benefício.
4146,2033-05-08,735,21,Tablet,Eletrônicos,5,1529.51,7647.53,CA,Atendimento excepcional.
4147,2033-05-09,571,27,Tablet,Eletrônicos,5,168.17,840.83,TX,Muito satisfeito com a compra.
4148,2033-05-10,247,68,Laptop,Eletrônicos,1,1840.03,1840.03,CA,Produto com ótimo custo-benefício.
4149,2033-05-11,640,65,Smartphone,Eletrônicos,4,384.64,1538.58,FL,Entrega rápida!
4150,2033-05-12,795,48,Smartphone,Eletrônicos,4,359.17,1436.67,FL,Entrega rápida!
4151,2033-05-13,837,29,Laptop,Eletrônicos,2,1689.25,3378.51,IL,Produto com ótimo custo-benefício.
4152,2033-05-14,537,37,Laptop,Eletrônicos,2,1745.1,3490.2,IL,Entrega rápida!
4153,2033-05-15,131,49,Fone de ouvido,Acessórios,3,231.3,693.89,CA,Produto ok.
4154,2033-05-16,353,19,Tablet,Eletrônicos,3,1822.0,5466.01,IL,Muito satisfeito com a compra.
4155,2033-05-17,196,77,Tablet,Eletrônicos,2,582.93,1165.86,NY,Produto ok.
4156,2033-05-18,793,28,Tablet,Eletrônicos,3,1256.31,3768.94,CA,Sem reclamações.
4157,2033-05-19,916,37,Fone de ouvido,Acessórios,1,183.76,183.76,IL,Atendimento excepcional.
4158,2033-05-20,930,40,Laptop,Eletrônicos,4,792.29,3169.16,IL,Entrega rápida!
4159,2033-05-21,666,30,Laptop,Eletrônicos,3,928.91,2786.74,NY,Entrega dentro do prazo previsto.
4160,2033-05-22,382,52,Tablet,Eletrônicos,3,1219.66,3658.99,NY,Entrega rápida!
4161,2033-05-23,645,34,Tablet,Eletrônicos,1,1074.28,1074.28,CA,Produto com ótimo custo-benefício.
4162,2033-05-24,227,27,Fone de ouvido,Acessórios,5,949.91,4749.56,TX,Sem reclamações.
4163,2033-05-25,701,57,Smartphone,Eletrônicos,2,1921.3,3842.6,NY,Produto com ótimo custo-benefício.
4164,2033-05-26,476,55,Smartphone,Eletrônicos,1,410.79,410.79,IL,Entrega dentro do prazo previsto.
4165,2033-05-27,477,31,Tablet,Eletrônicos,5,358.09,1790.44,CA,Péssimo atendimento
4166,2033-05-28,265,36,Fone de ouvido,Acessórios,1,1441.17,1441.17,TX,Entrega rápida!
4167,2033-05-29,372,49,Tablet,Eletrônicos,4,195.38,781.5,CA,Produto com ótimo custo-benefício.
4168,2033-05-30,486,73,Smartphone,Eletrônicos,1,991.64,991.64,IL,Entrega rápida!
4169,2033-05-31,434,71,Tablet,Eletrônicos,1,993.9,993.9,TX,Produto com defeito
4170,2033-06-01,646,50,Smartphone,Eletrônicos,4,654.55,2618.2,TX,Excelente produto!
4171,2033-06-02,211,74,Smartphone,Eletrônicos,2,1864.37,3728.73,NY,Produto com ótimo custo-benefício.
4172,2033-06-03,572,60,Smartphone,Eletrônicos,5,600.96,3004.8,FL,Excelente produto!
4173,2033-06-04,940,42,Laptop,Eletrônicos,3,612.46,1837.39,IL,Muito satisfeito com a compra.
4174,2033-06-05,377,42,Laptop,Eletrônicos,2,506.88,1013.77,FL,Muito satisfeito com a compra.
4175,2033-06-06,395,31,Tablet,Eletrônicos,1,334.29,334.29,IL,Produto com ótimo custo-benefício.
4176,2033-06-07,450,62,Smartphone,Eletrônicos,3,759.82,2279.46,CA,Excelente produto!
4177,2033-06-08,943,61,Laptop,Eletrônicos,4,1377.73,5510.92,FL,Qualidade inferior ao anunciado
4178,2033-06-09,364,71,Tablet,Eletrônicos,2,1497.22,2994.44,TX,Produto ok.
4179,2033-06-10,876,55,Tablet,Eletrônicos,5,1636.17,8180.83,NY,Entrega dentro do prazo previsto.
4180,2033-06-11,457,78,Tablet,Eletrônicos,2,435.21,870.42,IL,Excelente produto!
4181,2033-06-12,725,53,Tablet,Eletrônicos,2,119.48,238.97,NY,Excelente produto!
4182,2033-06-13,728,41,Tablet,Eletrônicos,3,1950.64,5851.91,IL,Atendimento sem problema
4183,2033-06-14,226,58,Fone de ouvido,Acessórios,4,77.95,311.79,TX,Entrega rápida!
4184,2033-06-15,982,77,Smartphone,Eletrônicos,4,1923.32,7693.29,TX,Muito satisfeito com a compra.
4185,2033-06-16,131,56,Tablet,Eletrônicos,2,1666.19,3332.38,TX,Muito satisfeito com a compra.
4186,2033-06-17,588,56,Fone de ouvido,Acessórios,4,1828.55,7314.18,TX,Excelente produto!
4187,2033-06-18,476,30,Smartphone,Eletrônicos,3,805.01,2415.04,TX,Atendimento excepcional.
4188,2033-06-19,798,19,Laptop,Eletrônicos,3,434.54,1303.63,NY,Atendimento excepcional.
4189,2033-06-20,986,51,Tablet,Eletrônicos,5,1232.6,6163.02,CA,Muito satisfeito com a compra.
4190,2033-06-21,277,77,Fone de ouvido,Acessórios,4,1495.44,5981.76,FL,Produto ok.
4191,2033-06-22,156,32,Laptop,Eletrônicos,5,305.18,1525.9,NY,Excelente produto!
4192,2033-06-23,760,75,Fone de ouvido,Acessórios,1,1605.36,1605.36,FL,Entrega atrasada
4193,2033-06-24,218,65,Smartphone,Eletrônicos,3,456.76,1370.27,CA,Atendimento sem problema
4194,2033-06-25,190,76,Smartphone,Eletrônicos,2,1008.77,2017.54,IL,Produto cumpre o que promete
4195,2033-06-26,417,19,Laptop,Eletrônicos,3,1720.14,5160.42,CA,Produto com defeito
4196,2033-06-27,981,69,Fone de ouvido,Acessórios,1,427.18,427.18,CA,Muito satisfeito com a compra.
4197,2033-06-28,675,42,Tablet,Eletrônicos,2,521.68,1043.35,IL,Produto cumpre o que promete
4198,2033-06-29,692,22,Tablet,Eletrônicos,4,172.4,689.62,FL,Atendimento sem problema
4199,2033-06-30,546,51,Laptop,Eletrônicos,4,335.9,1343.59,TX,Excelente produto!
4200,2033-07-01,41,69,Laptop,Eletrônicos,3,335.73,1007.18,IL,Atendimento excepcional.
4201,2033-07-02,307,56,Laptop,Eletrônicos,2,446.68,893.37,IL,Excelente produto!
4202,2033-07-03,943,22,Fone de ouvido,Acessórios,2,608.09,1216.18,CA,Produto com ótimo custo-benefício.
4203,2033-07-04,338,60,Tablet,Eletrônicos,5,1639.22,8196.09,IL,Entrega atrasada
4204,2033-07-05,314,25,Tablet,Eletrônicos,1,1835.74,1835.74,NY,Atendimento excepcional.
4205,2033-07-06,75,66,Tablet,Eletrônicos,4,842.25,3368.99,TX,Produto com ótimo custo-benefício.
4206,2033-07-07,953,31,Laptop,Eletrônicos,3,300.01,900.02,CA,Entrega atrasada
4207,2033-07-08,279,46,Tablet,Eletrônicos,2,486.43,972.86,FL,Entrega rápida!
4208,2033-07-09,176,47,Smartphone,Eletrônicos,4,1485.6,5942.41,FL,Atendimento sem problema
4209,2033-07-10,896,54,Laptop,Eletrônicos,3,1370.98,4112.94,FL,Qualidade inferior ao anunciado
4210,2033-07-11,662,21,Tablet,Eletrônicos,4,1936.05,7744.22,FL,Atendimento sem problema
4211,2033-07-12,273,52,Fone de ouvido,Acessórios,3,78.25,234.76,FL,Produto ok.
4212,2033-07-13,837,24,Laptop,Eletrônicos,4,1513.98,6055.92,CA,Sem reclamações.
4213,2033-07-14,620,43,Smartphone,Eletrônicos,5,1036.3,5181.49,NY,Entrega dentro do prazo previsto.
4214,2033-07-15,651,49,Smartphone,Eletrônicos,1,1810.25,1810.25,NY,Atendimento excepcional.
4215,2033-07-16,862,60,Fone de ouvido,Acessórios,4,1173.53,4694.1,FL,Entrega rápida!
4216,2033-07-17,783,50,Fone de ouvido,Acessórios,1,921.0,921.0,NY,Atendimento excepcional.
4217,2033-07-18,859,71,Laptop,Eletrônicos,4,1348.41,5393.63,TX,Produto cumpre o que promete
4218,2033-07-19,931,41,Laptop,Eletrônicos,2,1675.37,3350.74,NY,Atendimento sem problema
4219,2033-07-20,289,67,Smartphone,Eletrônicos,5,600.87,3004.36,IL,Produto com ótimo custo-benefício.
4220,2033-07-21,724,71,Fone de ouvido,Acessórios,5,259.68,1298.39,FL,Entrega dentro do prazo previsto.
4221,2033-07-22,893,76,Laptop,Eletrônicos,1,894.39,894.39,IL,Atendimento sem problema
4222,2033-07-23,272,18,Smartphone,Eletrônicos,2,468.31,936.63,IL,Entrega dentro do prazo previsto.
4223,2033-07-24,930,46,Fone de ouvido,Acessórios,3,887.61,2662.82,FL,Produto com ótimo custo-benefício.
4224,2033-07-25,66,65,Smartphone,Eletrônicos,5,1982.54,9912.72,CA,Produto com ótimo custo-benefício.
4225,2033-07-26,483,62,Tablet,Eletrônicos,2,1169.54,2339.08,NY,Atendimento excepcional.
4226,2033-07-27,936,55,Fone de ouvido,Acessórios,2,1402.52,2805.04,TX,Muito satisfeito com a compra.
4227,2033-07-28,248,55,Laptop,Eletrônicos,1,1371.96,1371.96,CA,Produto com ótimo custo-benefício.
4228,2033-07-29,156,38,Laptop,Eletrônicos,2,1650.37,3300.73,TX,Atendimento sem problema
4229,2033-07-30,47,40,Tablet,Eletrônicos,2,1891.05,3782.1,FL,Entrega rápida!
4230,2033-07-31,935,63,Fone de ouvido,Acessórios,3,1334.7,4004.09,NY,Atendimento excepcional.
4231,2033-08-01,454,22,Smartphone,Eletrônicos,1,978.38,978.38,CA,Produto cumpre o que promete
4232,2033-08-02,201,47,Laptop,Eletrônicos,1,669.77,669.77,FL,Muito satisfeito com a compra.
4233,2033-08-03,660,57,Tablet,Eletrônicos,2,752.53,1505.07,CA,Sem reclamações.
4234,2033-08-04,124,35,Tablet,Eletrônicos,3,702.24,2106.71,IL,Qualidade inferior ao anunciado
4235,2033-08-05,1,23,Fone de ouvido,Acessórios,4,682.71,2730.83,NY,Atendimento sem problema
4236,2033-08-06,968,22,Fone de ouvido,Acessórios,5,1404.52,7022.59,NY,Entrega dentro do prazo previsto.
4237,2033-08-07,759,59,Laptop,Eletrônicos,1,1196.03,1196.03,FL,Produto ok.
4238,2033-08-08,855,35,Tablet,Eletrônicos,3,443.89,1331.67,FL,Entrega rápida!
4239,2033-08-09,640,76,Smartphone,Eletrônicos,3,1940.77,5822.31,FL,Atendimento excepcional.
4240,2033-08-10,191,30,Tablet,Eletrônicos,2,884.06,1768.13,NY,Muito satisfeito com a compra.
4241,2033-08-11,579,72,Smartphone,Eletrônicos,5,1153.87,5769.34,IL,Excelente produto!
4242,2033-08-12,516,37,Smartphone,Eletrônicos,1,1420.07,1420.07,NY,Atendimento excepcional.
4243,2033-08-13,442,55,Laptop,Eletrônicos,4,1246.67,4986.68,FL,Muito satisfeito com a compra.
4244,2033-08-14,921,38,Tablet,Eletrônicos,2,656.55,1313.1,TX,Produto ok.
4245,2033-08-15,815,21,Smartphone,Eletrônicos,1,1605.53,1605.53,IL,Entrega dentro do prazo previsto.
4246,2033-08-16,806,30,Fone de ouvido,Acessórios,1,264.8,264.8,NY,Atendimento excepcional.
4247,2033-08-17,143,35,Smartphone,Eletrônicos,3,1159.54,3478.63,TX,Produto com ótimo custo-benefício.
4248,2033-08-18,191,30,Fone de ouvido,Acessórios,5,582.97,2914.84,IL,Produto ok.
4249,2033-08-19,533,30,Fone de ouvido,Acessórios,4,1250.74,5002.95,NY,Produto ok.
4250,2033-08-20,227,56,Tablet,Eletrônicos,5,475.09,2375.44,FL,Entrega rápida!
4251,2033-08-21,313,54,Fone de ouvido,Acessórios,3,1555.79,4667.37,NY,Entrega rápida!
4252,2033-08-22,629,78,Smartphone,Eletrônicos,4,493.7,1974.78,IL,Atendimento excepcional.
4253,2033-08-23,949,52,Fone de ouvido,Acessórios,4,1786.26,7145.06,FL,Produto com ótimo custo-benefício.
4254,2033-08-24,302,55,Tablet,Eletrônicos,2,1730.03,3460.06,CA,Sem reclamações.
4255,2033-08-25,654,57,Laptop,Eletrônicos,4,756.67,3026.67,TX,Excelente produto!
4256,2033-08-26,996,44,Smartphone,Eletrônicos,1,802.35,802.35,FL,Excelente produto!
4257,2033-08-27,460,75,Smartphone,Eletrônicos,5,1417.93,7089.66,FL,Atendimento excepcional.
4258,2033-08-28,401,43,Tablet,Eletrônicos,5,226.23,1131.14,IL,Qualidade inferior ao anunciado
4259,2033-08-29,551,29,Tablet,Eletrônicos,2,207.79,415.59,IL,Muito satisfeito com a compra.
4260,2033-08-30,393,19,Tablet,Eletrônicos,4,315.83,1263.33,TX,Muito satisfeito com a compra.
4261,2033-08-31,867,60,Tablet,Eletrônicos,3,1146.83,3440.48,IL,Produto cumpre o que promete
4262,2033-09-01,764,75,Smartphone,Eletrônicos,1,340.55,340.55,FL,Produto ok.
4263,2033-09-02,845,77,Laptop,Eletrônicos,2,591.35,1182.71,TX,Entrega dentro do prazo previsto.
4264,2033-09-03,207,37,Fone de ouvido,Acessórios,4,1311.48,5245.91,TX,Excelente produto!
4265,2033-09-04,210,52,Fone de ouvido,Acessórios,3,80.47,241.4,NY,Entrega atrasada
4266,2033-09-05,115,72,Laptop,Eletrônicos,4,401.46,1605.85,FL,Entrega rápida!
4267,2033-09-06,737,27,Laptop,Eletrônicos,2,1863.36,3726.73,FL,Atendimento excepcional.
4268,2033-09-07,646,25,Laptop,Eletrônicos,3,1343.98,4031.93,IL,Muito satisfeito com a compra.
4269,2033-09-08,251,57,Tablet,Eletrônicos,3,645.82,1937.47,FL,Atendimento excepcional.
4270,2033-09-09,219,63,Smartphone,Eletrônicos,3,138.34,415.03,IL,Entrega rápida!
4271,2033-09-10,407,53,Smartphone,Eletrônicos,3,1192.8,3578.39,FL,Produto ok.
4272,2033-09-11,443,48,Smartphone,Eletrônicos,4,484.59,1938.36,NY,Entrega rápida!
4273,2033-09-12,603,32,Tablet,Eletrônicos,3,1922.34,5767.03,FL,Produto cumpre o que promete
4274,2033-09-13,354,59,Smartphone,Eletrônicos,4,1389.57,5558.3,NY,Produto ok.
4275,2033-09-14,888,35,Tablet,Eletrônicos,3,1949.54,5848.62,FL,Sem reclamações.
4276,2033-09-15,558,71,Smartphone,Eletrônicos,3,1705.35,5116.06,FL,Produto cumpre o que promete
4277,2033-09-16,550,32,Laptop,Eletrônicos,2,991.9,1983.81,CA,Atendimento sem problema
4278,2033-09-17,142,36,Fone de ouvido,Acessórios,4,1355.65,5422.59,FL,Entrega dentro do prazo previsto.
4279,2033-09-18,612,41,Fone de ouvido,Acessórios,4,1633.61,6534.44,NY,Sem reclamações.
4280,2033-09-19,501,52,Tablet,Eletrônicos,5,1177.45,5887.24,TX,Muito satisfeito com a compra.
4281,2033-09-20,840,19,Smartphone,Eletrônicos,2,169.9,339.8,NY,Excelente produto!
4282,2033-09-21,702,30,Fone de ouvido,Acessórios,4,967.37,3869.48,FL,Atendimento excepcional.
4283,2033-09-22,547,62,Laptop,Eletrônicos,2,304.62,609.24,IL,Entrega dentro do prazo previsto.
4284,2033-09-23,659,74,Laptop,Eletrônicos,2,1443.95,2887.9,CA,Produto com ótimo custo-benefício.
4285,2033-09-24,542,26,Laptop,Eletrônicos,2,1377.23,2754.45,IL,Entrega rápida!
4286,2033-09-25,846,74,Tablet,Eletrônicos,1,1986.17,1986.17,CA,Atendimento excepcional.
4287,2033-09-26,507,52,Tablet,Eletrônicos,4,1276.18,5104.72,CA,Sem reclamações.
4288,2033-09-27,596,19,Smartphone,Eletrônicos,2,1610.27,3220.54,IL,Arrependido da compra
4289,2033-09-28,881,63,Laptop,Eletrônicos,1,573.16,573.16,FL,Produto ok.
4290,2033-09-29,281,33,Smartphone,Eletrônicos,1,713.05,713.05,NY,Produto cumpre o que promete
4291,2033-09-30,424,63,Smartphone,Eletrônicos,3,1838.2,5514.59,IL,Entrega rápida!
4292,2033-10-01,856,53,Laptop,Eletrônicos,3,1522.62,4567.87,TX,Atendimento excepcional.
4293,2033-10-02,270,19,Smartphone,Eletrônicos,4,1327.77,5311.1,CA,Excelente produto!
4294,2033-10-03,154,33,Fone de ouvido,Acessórios,3,545.35,1636.06,NY,Entrega rápida!
4295,2033-10-04,614,25,Tablet,Eletrônicos,4,1412.23,5648.91,TX,Produto com ótimo custo-benefício.
4296,2033-10-05,727,75,Smartphone,Eletrônicos,1,1779.19,1779.19,NY,Entrega atrasada
4297,2033-10-06,662,18,Laptop,Eletrônicos,1,500.06,500.06,FL,Entrega rápida!
4298,2033-10-07,944,35,Tablet,Eletrônicos,4,1426.94,5707.77,TX,Excelente produto!
4299,2033-10-08,83,71,Tablet,Eletrônicos,3,817.7,2453.11,IL,Entrega atrasada
4300,2033-10-09,622,58,Smartphone,Eletrônicos,3,281.6,844.79,NY,Atendimento excepcional.
4301,2033-10-10,947,43,Fone de ouvido,Acessórios,4,1538.75,6154.99,IL,Muito satisfeito com a compra.
4302,2033-10-11,899,61,Smartphone,Eletrônicos,5,375.92,1879.58,IL,Excelente produto!
4303,2033-10-12,426,22,Fone de ouvido,Acessórios,3,543.15,1629.44,NY,Excelente produto!
4304,2033-10-13,275,38,Tablet,Eletrônicos,2,1576.74,3153.47,NY,Produto ok.
4305,2033-10-14,713,52,Smartphone,Eletrônicos,3,1497.16,4491.48,CA,Atendimento excepcional.
4306,2033-10-15,284,57,Laptop,Eletrônicos,5,545.66,2728.28,CA,Produto cumpre o que promete
4307,2033-10-16,980,45,Smartphone,Eletrônicos,1,1884.88,1884.88,TX,Produto cumpre o que promete
4308,2033-10-17,173,71,Fone de ouvido,Acessórios,1,469.81,469.81,TX,Atendimento excepcional.
4309,2033-10-18,327,43,Fone de ouvido,Acessórios,1,1987.56,1987.56,TX,Entrega rápida!
4310,2033-10-19,718,49,Smartphone,Eletrônicos,3,1488.9,4466.71,CA,Produto ok.
4311,2033-10-20,63,77,Fone de ouvido,Acessórios,1,815.39,815.39,IL,Excelente produto!
4312,2033-10-21,73,65,Tablet,Eletrônicos,5,304.18,1520.9,FL,Produto com ótimo custo-benefício.
4313,2033-10-22,763,67,Smartphone,Eletrônicos,5,674.99,3374.97,FL,Sem reclamações.
4314,2033-10-23,636,61,Fone de ouvido,Acessórios,3,427.79,1283.37,NY,Entrega rápida!
4315,2033-10-24,375,61,Smartphone,Eletrônicos,2,1262.59,2525.17,CA,Qualidade inferior ao anunciado
4316,2033-10-25,633,38,Smartphone,Eletrônicos,3,745.87,2237.6,NY,Entrega rápida!
4317,2033-10-26,508,21,Laptop,Eletrônicos,1,625.26,625.26,FL,Entrega rápida!
4318,2033-10-27,787,76,Smartphone,Eletrônicos,3,1526.41,4579.23,NY,Entrega dentro do prazo previsto.
4319,2033-10-28,943,59,Laptop,Eletrônicos,5,499.67,2498.34,CA,Excelente produto!
4320,2033-10-29,398,58,Fone de ouvido,Acessórios,3,1194.43,3583.3,CA,Muito satisfeito com a compra.
4321,2033-10-30,120,53,Laptop,Eletrônicos,3,429.46,1288.39,CA,Qualidade inferior ao anunciado
4322,2033-10-31,934,41,Laptop,Eletrônicos,2,1443.86,2887.71,FL,Atendimento excepcional.
4323,2033-11-01,437,50,Laptop,Eletrônicos,5,1268.99,6344.93,CA,Muito satisfeito com a compra.
4324,2033-11-02,829,22,Tablet,Eletrônicos,4,1606.4,6425.6,TX,Atendimento excepcional.
4325,2033-11-03,676,74,Laptop,Eletrônicos,4,183.57,734.28,TX,Produto com ótimo custo-benefício.
4326,2033-11-04,936,20,Smartphone,Eletrônicos,5,459.71,2298.53,CA,Produto cumpre o que promete
4327,2033-11-05,465,28,Laptop,Eletrônicos,4,351.2,1404.79,TX,Entrega rápida!
4328,2033-11-06,286,62,Smartphone,Eletrônicos,1,421.59,421.59,CA,Produto ok.
4329,2033-11-07,265,49,Laptop,Eletrônicos,4,250.88,1003.51,FL,Entrega rápida!
4330,2033-11-08,320,39,Tablet,Eletrônicos,1,1146.06,1146.06,TX,Arrependido da compra
4331,2033-11-09,673,28,Fone de ouvido,Acessórios,5,1207.19,6035.96,FL,Excelente produto!
4332,2033-11-10,376,75,Laptop,Eletrônicos,4,1694.81,6779.22,TX,Atendimento sem problema
4333,2033-11-11,820,55,Laptop,Eletrônicos,4,864.59,3458.36,IL,Entrega atrasada
4334,2033-11-12,89,76,Tablet,Eletrônicos,1,1088.15,1088.15,IL,Excelente produto!
4335,2033-11-13,654,39,Laptop,Eletrônicos,1,1983.04,1983.04,FL,Produto com ótimo custo-benefício.
4336,2033-11-14,203,21,Smartphone,Eletrônicos,3,1087.1,3261.29,TX,Atendimento excepcional.
4337,2033-11-15,821,56,Laptop,Eletrônicos,2,1168.47,2336.95,IL,Qualidade inferior ao anunciado
4338,2033-11-16,739,20,Laptop,Eletrônicos,4,1992.04,7968.16,CA,Entrega dentro do prazo previsto.
4339,2033-11-17,955,71,Fone de ouvido,Acessórios,2,1988.55,3977.1,NY,Péssimo atendimento
4340,2033-11-18,334,27,Fone de ouvido,Acessórios,2,876.86,1753.72,IL,Atendimento sem problema
4341,2033-11-19,222,54,Laptop,Eletrônicos,4,1288.15,5152.59,IL,Produto com ótimo custo-benefício.
4342,2033-11-20,41,36,Tablet,Eletrônicos,1,987.56,987.56,CA,Excelente produto!
4343,2033-11-21,708,35,Fone de ouvido,Acessórios,3,1455.4,4366.19,IL,Péssimo atendimento
4344,2033-11-22,68,45,Laptop,Eletrônicos,5,1879.85,9399.27,IL,Produto com ótimo custo-benefício.
4345,2033-11-23,988,48,Fone de ouvido,Acessórios,4,653.84,2615.34,IL,Excelente produto!
4346,2033-11-24,776,34,Laptop,Eletrônicos,4,1646.81,6587.23,TX,Muito satisfeito com a compra.
4347,2033-11-25,514,41,Fone de ouvido,Acessórios,5,1326.96,6634.78,IL,Muito satisfeito com a compra.
4348,2033-11-26,873,18,Fone de ouvido,Acessórios,2,596.36,1192.72,NY,Excelente produto!
4349,2033-11-27,637,22,Smartphone,Eletrônicos,3,1604.73,4814.2,TX,Produto cumpre o que promete
4350,2033-11-28,622,49,Laptop,Eletrônicos,2,882.91,1765.82,TX,Excelente produto!
4351,2033-11-29,598,70,Laptop,Eletrônicos,5,284.77,1423.87,FL,Excelente produto!
4352,2033-11-30,937,34,Laptop,Eletrônicos,5,1987.16,9935.81,IL,Atendimento excepcional.
4353,2033-12-01,632,74,Laptop,Eletrônicos,3,880.01,2640.03,NY,Sem reclamações.
4354,2033-12-02,127,38,Fone de ouvido,Acessórios,5,1106.03,5530.14,NY,Produto com ótimo custo-benefício.
4355,2033-12-03,255,58,Smartphone,Eletrônicos,5,1625.53,8127.63,FL,Muito satisfeito com a compra.
4356,2033-12-04,695,60,Smartphone,Eletrônicos,3,1923.71,5771.13,NY,Péssimo atendimento
4357,2033-12-05,16,39,Tablet,Eletrônicos,4,1752.13,7008.53,TX,Entrega rápida!
4358,2033-12-06,477,56,Laptop,Eletrônicos,2,1073.85,2147.71,CA,Atendimento excepcional.
4359,2033-12-07,62,56,Tablet,Eletrônicos,4,1114.11,4456.43,TX,Muito satisfeito com a compra.
4360,2033-12-08,881,51,Fone de ouvido,Acessórios,4,597.73,2390.92,CA,Muito satisfeito com a compra.
4361,2033-12-09,432,31,Tablet,Eletrônicos,2,952.47,1904.93,NY,Atendimento excepcional.
4362,2033-12-10,670,33,Laptop,Eletrônicos,4,1896.34,7585.34,IL,Produto cumpre o que promete
4363,2033-12-11,268,22,Smartphone,Eletrônicos,3,1467.53,4402.6,CA,Atendimento excepcional.
4364,2033-12-12,35,35,Smartphone,Eletrônicos,2,73.16,146.32,TX,Sem reclamações.
4365,2033-12-13,779,21,Laptop,Eletrônicos,1,277.19,277.19,TX,Produto com defeito
4366,2033-12-14,576,61,Fone de ouvido,Acessórios,4,1851.43,7405.73,TX,Entrega rápida!
4367,2033-12-15,494,68,Laptop,Eletrônicos,5,1705.0,8525.01,TX,Excelente produto!
4368,2033-12-16,562,45,Fone de ouvido,Acessórios,2,998.02,1996.04,FL,Sem reclamações.
4369,2033-12-17,469,62,Smartphone,Eletrônicos,1,1253.11,1253.11,NY,Excelente produto!
4370,2033-12-18,767,44,Fone de ouvido,Acessórios,5,614.81,3074.05,IL,Produto cumpre o que promete
4371,2033-12-19,661,23,Laptop,Eletrônicos,1,1596.02,1596.02,FL,Atendimento sem problema
4372,2033-12-20,325,28,Laptop,Eletrônicos,4,1226.47,4905.88,NY,Atendimento excepcional.
4373,2033-12-21,304,64,Laptop,Eletrônicos,5,1404.91,7024.55,CA,Entrega rápida!
4374,2033-12-22,276,38,Fone de ouvido,Acessórios,4,781.07,3124.3,FL,Atendimento excepcional.
4375,2033-12-23,869,34,Fone de ouvido,Acessórios,5,889.35,4446.77,FL,Produto com ótimo custo-benefício.
4376,2033-12-24,963,48,Fone de ouvido,Acessórios,2,454.98,909.96,FL,Muito satisfeito com a compra.
4377,2033-12-25,684,51,Smartphone,Eletrônicos,3,1898.7,5696.11,FL,Produto ok.
4378,2033-12-26,929,30,Tablet,Eletrônicos,3,1895.79,5687.36,CA,Atendimento excepcional.
4379,2033-12-27,201,40,Tablet,Eletrônicos,1,1644.61,1644.61,TX,Produto ok.
4380,2033-12-28,445,74,Laptop,Eletrônicos,5,1874.33,9371.66,FL,Entrega rápida!
4381,2033-12-29,905,18,Smartphone,Eletrônicos,4,1347.39,5389.56,NY,Produto ok.
4382,2033-12-30,324,21,Fone de ouvido,Acessórios,2,507.57,1015.14,TX,Entrega dentro do prazo previsto.
4383,2033-12-31,35,47,Laptop,Eletrônicos,2,1532.41,3064.82,CA,Entrega dentro do prazo previsto.
4384,2034-01-01,977,48,Smartphone,Eletrônicos,2,684.29,1368.58,IL,Atendimento excepcional.
4385,2034-01-02,482,64,Laptop,Eletrônicos,3,908.94,2726.82,CA,Produto com ótimo custo-benefício.
4386,2034-01-03,728,33,Smartphone,Eletrônicos,4,584.98,2339.93,IL,Excelente produto!
4387,2034-01-04,480,60,Smartphone,Eletrônicos,2,876.06,1752.13,NY,Entrega rápida!
4388,2034-01-05,65,20,Tablet,Eletrônicos,2,1374.67,2749.34,IL,Entrega atrasada
4389,2034-01-06,8,29,Laptop,Eletrônicos,1,265.69,265.69,FL,Entrega rápida!
4390,2034-01-07,301,29,Fone de ouvido,Acessórios,5,255.15,1275.77,TX,Sem reclamações.
4391,2034-01-08,343,28,Tablet,Eletrônicos,5,1383.35,6916.76,TX,Produto ok.
4392,2034-01-09,431,33,Tablet,Eletrônicos,5,1570.18,7850.92,FL,Excelente produto!
4393,2034-01-10,424,46,Fone de ouvido,Acessórios,1,1125.36,1125.36,TX,Entrega rápida!
4394,2034-01-11,332,70,Smartphone,Eletrônicos,3,404.2,1212.6,CA,Excelente produto!
4395,2034-01-12,438,38,Fone de ouvido,Acessórios,1,889.98,889.98,FL,Excelente produto!
4396,2034-01-13,588,62,Laptop,Eletrônicos,2,1528.44,3056.88,FL,Sem reclamações.
4397,2034-01-14,174,61,Fone de ouvido,Acessórios,4,1387.18,5548.72,TX,Entrega dentro do prazo previsto.
4398,2034-01-15,559,59,Smartphone,Eletrônicos,2,264.24,528.48,IL,Excelente produto!
4399,2034-01-16,527,75,Fone de ouvido,Acessórios,2,1939.84,3879.67,NY,Produto com ótimo custo-benefício.
4400,2034-01-17,873,60,Smartphone,Eletrônicos,4,485.56,1942.24,IL,Entrega rápida!
4401,2034-01-18,659,67,Smartphone,Eletrônicos,5,479.76,2398.8,CA,Excelente produto!
4402,2034-01-19,26,22,Laptop,Eletrônicos,1,946.72,946.72,FL,Muito satisfeito com a compra.
4403,2034-01-20,820,69,Fone de ouvido,Acessórios,3,688.12,2064.37,FL,Atendimento sem problema
4404,2034-01-21,605,30,Fone de ouvido,Acessórios,2,1968.77,3937.55,CA,Atendimento excepcional.
4405,2034-01-22,406,34,Laptop,Eletrônicos,2,199.16,398.31,NY,Atendimento excepcional.
4406,2034-01-23,232,29,Smartphone,Eletrônicos,3,647.56,1942.67,FL,Produto com ótimo custo-benefício.
4407,2034-01-24,533,34,Fone de ouvido,Acessórios,1,796.31,796.31,IL,Produto cumpre o que promete
4408,2034-01-25,819,18,Laptop,Eletrônicos,2,1012.25,2024.49,CA,Produto com ótimo custo-benefício.
4409,2034-01-26,550,25,Smartphone,Eletrônicos,3,81.99,245.98,FL,Excelente produto!
4410,2034-01-27,788,33,Laptop,Eletrônicos,2,210.61,421.21,IL,Atendimento excepcional.
4411,2034-01-28,505,32,Fone de ouvido,Acessórios,5,552.73,2763.64,CA,Atendimento excepcional.
4412,2034-01-29,669,36,Laptop,Eletrônicos,5,1130.3,5651.52,CA,Produto com ótimo custo-benefício.
4413,2034-01-30,179,42,Tablet,Eletrônicos,2,1547.15,3094.31,CA,Produto ok.
4414,2034-01-31,132,48,Smartphone,Eletrônicos,2,1388.67,2777.33,NY,Excelente produto!
4415,2034-02-01,823,59,Tablet,Eletrônicos,5,1155.7,5778.49,CA,Entrega dentro do prazo previsto.
4416,2034-02-02,455,19,Tablet,Eletrônicos,2,824.6,1649.21,TX,Entrega dentro do prazo previsto.
4417,2034-02-03,348,74,Smartphone,Eletrônicos,1,1747.85,1747.85,TX,Produto ok.
4418,2034-02-04,540,76,Smartphone,Eletrônicos,1,946.56,946.56,CA,Produto com ótimo custo-benefício.
4419,2034-02-05,772,42,Laptop,Eletrônicos,4,633.54,2534.17,FL,Sem reclamações.
4420,2034-02-06,406,48,Smartphone,Eletrônicos,1,1277.2,1277.2,TX,Sem reclamações.
4421,2034-02-07,76,21,Tablet,Eletrônicos,2,1399.62,2799.25,IL,Entrega rápida!
4422,2034-02-08,941,21,Tablet,Eletrônicos,2,827.02,1654.03,IL,Produto cumpre o que promete
4423,2034-02-09,579,69,Fone de ouvido,Acessórios,3,104.88,314.64,FL,Muito satisfeito com a compra.
4424,2034-02-10,854,29,Smartphone,Eletrônicos,1,233.56,233.56,IL,Atendimento excepcional.
4425,2034-02-11,492,34,Tablet,Eletrônicos,5,1698.92,8494.59,FL,Atendimento excepcional.
4426,2034-02-12,194,38,Fone de ouvido,Acessórios,5,160.27,801.34,IL,Produto com defeito
4427,2034-02-13,984,46,Fone de ouvido,Acessórios,4,1204.44,4817.75,CA,Sem reclamações.
4428,2034-02-14,162,39,Laptop,Eletrônicos,3,408.23,1224.7,IL,Sem reclamações.
4429,2034-02-15,347,53,Tablet,Eletrônicos,5,496.41,2482.03,CA,Atendimento excepcional.
4430,2034-02-16,951,57,Laptop,Eletrônicos,4,583.0,2332.0,IL,Atendimento excepcional.
4431,2034-02-17,361,33,Tablet,Eletrônicos,1,124.67,124.67,IL,Excelente produto!
4432,2034-02-18,769,32,Laptop,Eletrônicos,3,395.61,1186.83,IL,Atendimento sem problema
4433,2034-02-19,584,47,Laptop,Eletrônicos,3,1318.47,3955.42,CA,Muito satisfeito com a compra.
4434,2034-02-20,87,63,Smartphone,Eletrônicos,2,1022.5,2045.0,IL,Muito satisfeito com a compra.
4435,2034-02-21,934,68,Laptop,Eletrônicos,1,1604.79,1604.79,IL,Produto com defeito
4436,2034-02-22,262,28,Smartphone,Eletrônicos,3,169.42,508.27,NY,Produto ok.
4437,2034-02-23,214,74,Fone de ouvido,Acessórios,4,1783.35,7133.41,CA,Atendimento sem problema
4438,2034-02-24,665,30,Tablet,Eletrônicos,5,1992.98,9964.89,TX,Atendimento excepcional.
4439,2034-02-25,722,40,Fone de ouvido,Acessórios,1,80.69,80.69,FL,Qualidade inferior ao anunciado
4440,2034-02-26,913,57,Tablet,Eletrônicos,1,1936.9,1936.9,NY,Produto cumpre o que promete
4441,2034-02-27,573,72,Fone de ouvido,Acessórios,3,509.93,1529.8,IL,Sem reclamações.
4442,2034-02-28,780,58,Tablet,Eletrônicos,3,1400.46,4201.38,TX,Produto com defeito
4443,2034-03-01,262,51,Laptop,Eletrônicos,3,620.34,1861.03,TX,Produto com defeito
4444,2034-03-02,730,37,Tablet,Eletrônicos,4,1067.54,4270.14,IL,Excelente produto!
4445,2034-03-03,283,19,Tablet,Eletrônicos,2,1045.32,2090.63,IL,Produto com ótimo custo-benefício.
4446,2034-03-04,648,25,Fone de ouvido,Acessórios,3,754.16,2262.47,NY,Sem reclamações.
4447,2034-03-05,467,35,Fone de ouvido,Acessórios,2,1449.22,2898.43,CA,Excelente produto!
4448,2034-03-06,380,73,Fone de ouvido,Acessórios,2,1219.29,2438.58,NY,Produto com ótimo custo-benefício.
4449,2034-03-07,362,71,Smartphone,Eletrônicos,1,1041.14,1041.14,CA,Produto cumpre o que promete
4450,2034-03-08,449,24,Smartphone,Eletrônicos,5,1966.54,9832.68,TX,Produto com ótimo custo-benefício.
4451,2034-03-09,441,60,Tablet,Eletrônicos,5,1883.02,9415.09,FL,Produto com ótimo custo-benefício.
4452,2034-03-10,93,48,Tablet,Eletrônicos,4,1913.1,7652.4,IL,Entrega rápida!
4453,2034-03-11,621,78,Laptop,Eletrônicos,4,1768.58,7074.33,NY,Atendimento excepcional.
4454,2034-03-12,753,39,Laptop,Eletrônicos,5,547.55,2737.76,TX,Entrega dentro do prazo previsto.
4455,2034-03-13,867,79,Tablet,Eletrônicos,5,732.45,3662.27,NY,Qualidade inferior ao anunciado
4456,2034-03-14,424,45,Smartphone,Eletrônicos,1,500.56,500.56,CA,Atendimento sem problema
4457,2034-03-15,142,42,Tablet,Eletrônicos,1,1973.04,1973.04,IL,Atendimento sem problema
4458,2034-03-16,291,69,Laptop,Eletrônicos,5,347.69,1738.45,CA,Produto com ótimo custo-benefício.
4459,2034-03-17,432,18,Smartphone,Eletrônicos,3,764.7,2294.09,CA,Produto com ótimo custo-benefício.
4460,2034-03-18,749,49,Smartphone,Eletrônicos,3,438.14,1314.41,CA,Entrega dentro do prazo previsto.
4461,2034-03-19,852,42,Laptop,Eletrônicos,1,485.73,485.73,TX,Sem reclamações.
4462,2034-03-20,824,65,Tablet,Eletrônicos,2,531.82,1063.64,IL,Entrega rápida!
4463,2034-03-21,689,33,Fone de ouvido,Acessórios,5,1297.36,6486.79,FL,Atendimento sem problema
4464,2034-03-22,653,46,Tablet,Eletrônicos,4,198.3,793.19,NY,Qualidade inferior ao anunciado
4465,2034-03-23,701,59,Tablet,Eletrônicos,3,1166.43,3499.3,CA,Atendimento excepcional.
4466,2034-03-24,998,41,Laptop,Eletrônicos,2,1647.61,3295.22,IL,Entrega rápida!
4467,2034-03-25,49,34,Smartphone,Eletrônicos,3,1544.72,4634.16,NY,Excelente produto!
4468,2034-03-26,302,78,Laptop,Eletrônicos,2,344.78,689.57,IL,Atendimento excepcional.
4469,2034-03-27,881,59,Tablet,Eletrônicos,5,1833.73,9168.63,NY,Produto cumpre o que promete
4470,2034-03-28,190,23,Fone de ouvido,Acessórios,5,1551.68,7758.38,IL,Arrependido da compra
4471,2034-03-29,136,31,Fone de ouvido,Acessórios,5,60.34,301.7,FL,Atendimento sem problema
4472,2034-03-30,555,43,Fone de ouvido,Acessórios,1,1487.88,1487.88,IL,Produto cumpre o que promete
4473,2034-03-31,404,77,Laptop,Eletrônicos,2,1487.97,2975.94,IL,Entrega dentro do prazo previsto.
4474,2034-04-01,892,45,Smartphone,Eletrônicos,4,1018.79,4075.17,CA,Muito satisfeito com a compra.
4475,2034-04-02,865,64,Laptop,Eletrônicos,4,139.67,558.66,CA,Entrega dentro do prazo previsto.
4476,2034-04-03,602,53,Fone de ouvido,Acessórios,5,1180.82,5904.08,CA,Entrega dentro do prazo previsto.
4477,2034-04-04,807,48,Tablet,Eletrônicos,4,1543.21,6172.82,IL,Produto cumpre o que promete
4478,2034-04-05,341,44,Smartphone,Eletrônicos,3,578.2,1734.61,FL,Entrega rápida!
4479,2034-04-06,757,19,Laptop,Eletrônicos,2,1350.78,2701.57,NY,Muito satisfeito com a compra.
4480,2034-04-07,945,36,Laptop,Eletrônicos,2,740.16,1480.31,CA,Atendimento excepcional.
4481,2034-04-08,704,45,Smartphone,Eletrônicos,2,1169.02,2338.03,TX,Entrega dentro do prazo previsto.
4482,2034-04-09,318,62,Smartphone,Eletrônicos,3,799.9,2399.71,IL,Produto com ótimo custo-benefício.
4483,2034-04-10,618,61,Tablet,Eletrônicos,1,642.33,642.33,FL,Entrega rápida!
4484,2034-04-11,363,74,Smartphone,Eletrônicos,3,1719.03,5157.1,FL,Produto cumpre o que promete
4485,2034-04-12,822,38,Tablet,Eletrônicos,2,1519.98,3039.97,CA,Atendimento excepcional.
4486,2034-04-13,382,72,Fone de ouvido,Acessórios,2,723.63,1447.25,CA,Produto com ótimo custo-benefício.
4487,2034-04-14,233,62,Fone de ouvido,Acessórios,2,897.53,1795.06,TX,Produto cumpre o que promete
4488,2034-04-15,777,32,Laptop,Eletrônicos,4,1398.82,5595.29,TX,Excelente produto!
4489,2034-04-16,344,51,Fone de ouvido,Acessórios,1,1631.6,1631.6,CA,Atendimento excepcional.
4490,2034-04-17,549,57,Fone de ouvido,Acessórios,3,1384.47,4153.4,NY,Entrega rápida!
4491,2034-04-18,817,20,Tablet,Eletrônicos,2,1104.82,2209.63,CA,Muito satisfeito com a compra.
4492,2034-04-19,553,18,Laptop,Eletrônicos,5,1911.05,9555.26,CA,Entrega rápida!
4493,2034-04-20,529,78,Smartphone,Eletrônicos,1,1559.58,1559.58,FL,Produto cumpre o que promete
4494,2034-04-21,856,41,Laptop,Eletrônicos,5,275.4,1377.02,CA,Excelente produto!
4495,2034-04-22,789,60,Fone de ouvido,Acessórios,1,1138.37,1138.37,CA,Entrega rápida!
4496,2034-04-23,819,44,Smartphone,Eletrônicos,2,848.64,1697.27,CA,Muito satisfeito com a compra.
4497,2034-04-24,571,26,Laptop,Eletrônicos,1,1600.12,1600.12,NY,Entrega rápida!
4498,2034-04-25,935,41,Laptop,Eletrônicos,1,137.09,137.09,FL,Produto com ótimo custo-benefício.
4499,2034-04-26,183,34,Laptop,Eletrônicos,2,850.91,1701.82,IL,Excelente produto!
4500,2034-04-27,41,45,Laptop,Eletrônicos,5,670.64,3353.19,IL,Atendimento excepcional.
4501,2034-04-28,551,56,Tablet,Eletrônicos,5,325.31,1626.56,IL,Entrega rápida!
4502,2034-04-29,397,72,Laptop,Eletrônicos,4,788.67,3154.67,IL,Entrega rápida!
4503,2034-04-30,704,21,Fone de ouvido,Acessórios,5,1361.96,6809.8,FL,Entrega rápida!
4504,2034-05-01,779,78,Fone de ouvido,Acessórios,5,755.27,3776.36,CA,Entrega dentro do prazo previsto.
4505,2034-05-02,494,46,Tablet,Eletrônicos,1,1181.01,1181.01,IL,Muito satisfeito com a compra.
4506,2034-05-03,659,62,Smartphone,Eletrônicos,4,1205.98,4823.93,CA,Produto com ótimo custo-benefício.
4507,2034-05-04,907,45,Smartphone,Eletrônicos,2,1194.87,2389.73,IL,Produto com ótimo custo-benefício.
4508,2034-05-05,333,73,Fone de ouvido,Acessórios,2,1082.59,2165.17,NY,Excelente produto!
4509,2034-05-06,127,54,Fone de ouvido,Acessórios,3,278.13,834.38,CA,Excelente produto!
4510,2034-05-07,558,46,Tablet,Eletrônicos,4,475.99,1903.96,FL,Muito satisfeito com a compra.
4511,2034-05-08,557,61,Smartphone,Eletrônicos,1,1610.13,1610.13,NY,Atendimento sem problema
4512,2034-05-09,1,69,Smartphone,Eletrônicos,3,1029.61,3088.84,NY,Produto ok.
4513,2034-05-10,168,46,Laptop,Eletrônicos,3,1426.85,4280.55,FL,Atendimento excepcional.
4514,2034-05-11,620,22,Laptop,Eletrônicos,2,1161.32,2322.65,NY,Produto com ótimo custo-benefício.
4515,2034-05-12,19,28,Laptop,Eletrônicos,5,125.45,627.23,CA,Entrega rápida!
4516,2034-05-13,332,19,Tablet,Eletrônicos,1,1602.62,1602.62,TX,Atendimento sem problema
4517,2034-05-14,584,21,Fone de ouvido,Acessórios,4,175.43,701.73,TX,Atendimento excepcional.
4518,2034-05-15,456,27,Tablet,Eletrônicos,3,1889.19,5667.57,IL,Entrega rápida!
4519,2034-05-16,957,73,Smartphone,Eletrônicos,1,469.98,469.98,IL,Produto com ótimo custo-benefício.
4520,2034-05-17,109,56,Fone de ouvido,Acessórios,2,1049.19,2098.38,CA,Entrega atrasada
4521,2034-05-18,268,61,Laptop,Eletrônicos,3,174.0,521.99,FL,Entrega rápida!
4522,2034-05-19,445,25,Tablet,Eletrônicos,3,1795.12,5385.35,CA,Muito satisfeito com a compra.
4523,2034-05-20,240,79,Tablet,Eletrônicos,2,1960.88,3921.77,IL,Produto cumpre o que promete
4524,2034-05-21,929,72,Laptop,Eletrônicos,2,335.27,670.54,NY,Muito satisfeito com a compra.
4525,2034-05-22,301,40,Tablet,Eletrônicos,2,626.78,1253.57,CA,Produto com ótimo custo-benefício.
4526,2034-05-23,602,44,Laptop,Eletrônicos,1,80.96,80.96,CA,Entrega dentro do prazo previsto.
4527,2034-05-24,103,40,Smartphone,Eletrônicos,1,1584.58,1584.58,FL,Atendimento sem problema
4528,2034-05-25,988,65,Fone de ouvido,Acessórios,1,657.36,657.36,IL,Atendimento sem problema
4529,2034-05-26,250,51,Smartphone,Eletrônicos,5,1198.23,5991.17,CA,Muito satisfeito com a compra.
4530,2034-05-27,453,52,Smartphone,Eletrônicos,3,126.48,379.43,NY,Atendimento sem problema
4531,2034-05-28,520,34,Laptop,Eletrônicos,1,1445.15,1445.15,NY,Produto cumpre o que promete
4532,2034-05-29,153,64,Tablet,Eletrônicos,5,1082.34,5411.69,TX,Entrega rápida!
4533,2034-05-30,859,67,Smartphone,Eletrônicos,3,1463.71,4391.13,IL,Excelente produto!
4534,2034-05-31,174,27,Smartphone,Eletrônicos,1,1589.65,1589.65,NY,Produto cumpre o que promete
4535,2034-06-01,343,71,Smartphone,Eletrônicos,2,224.02,448.05,FL,Excelente produto!
4536,2034-06-02,670,19,Tablet,Eletrônicos,4,1177.28,4709.12,IL,Excelente produto!
4537,2034-06-03,431,34,Tablet,Eletrônicos,1,1317.39,1317.39,NY,Muito satisfeito com a compra.
4538,2034-06-04,727,48,Laptop,Eletrônicos,4,1057.6,4230.41,CA,Excelente produto!
4539,2034-06-05,689,33,Smartphone,Eletrônicos,1,405.7,405.7,IL,Entrega dentro do prazo previsto.
4540,2034-06-06,687,41,Fone de ouvido,Acessórios,2,1601.41,3202.83,NY,Muito satisfeito com a compra.
4541,2034-06-07,852,74,Tablet,Eletrônicos,4,1995.04,7980.17,CA,Atendimento excepcional.
4542,2034-06-08,850,24,Laptop,Eletrônicos,5,1940.08,9700.38,TX,Produto cumpre o que promete
4543,2034-06-09,658,36,Smartphone,Eletrônicos,2,1566.18,3132.37,IL,Produto cumpre o que promete
4544,2034-06-10,962,33,Fone de ouvido,Acessórios,4,865.31,3461.24,IL,Atendimento sem problema
4545,2034-06-11,324,50,Tablet,Eletrônicos,4,707.74,2830.94,NY,Muito satisfeito com a compra.
4546,2034-06-12,990,53,Fone de ouvido,Acessórios,2,183.66,367.33,TX,Muito satisfeito com a compra.
4547,2034-06-13,673,62,Tablet,Eletrônicos,2,861.76,1723.52,FL,Muito satisfeito com a compra.
4548,2034-06-14,639,27,Laptop,Eletrônicos,2,354.29,708.59,NY,Entrega rápida!
4549,2034-06-15,420,60,Fone de ouvido,Acessórios,3,545.95,1637.86,NY,Muito satisfeito com a compra.
4550,2034-06-16,594,68,Smartphone,Eletrônicos,5,1789.18,8945.9,FL,Entrega dentro do prazo previsto.
4551,2034-06-17,485,32,Smartphone,Eletrônicos,1,1938.62,1938.62,FL,Atendimento excepcional.
4552,2034-06-18,659,60,Tablet,Eletrônicos,4,1899.69,7598.76,FL,Produto com ótimo custo-benefício.
4553,2034-06-19,751,20,Smartphone,Eletrônicos,1,427.04,427.04,FL,Produto ok.
4554,2034-06-20,412,19,Fone de ouvido,Acessórios,2,1806.74,3613.49,FL,Produto com ótimo custo-benefício.
4555,2034-06-21,936,60,Laptop,Eletrônicos,5,325.94,1629.68,CA,Produto com ótimo custo-benefício.
4556,2034-06-22,84,59,Tablet,Eletrônicos,5,1039.94,5199.69,CA,Produto com ótimo custo-benefício.
4557,2034-06-23,113,52,Fone de ouvido,Acessórios,3,1305.14,3915.43,FL,Excelente produto!
4558,2034-06-24,737,44,Tablet,Eletrônicos,2,951.81,1903.62,TX,Entrega atrasada
4559,2034-06-25,332,22,Laptop,Eletrônicos,4,1906.08,7624.33,TX,Produto cumpre o que promete
4560,2034-06-26,378,32,Tablet,Eletrônicos,3,699.76,2099.29,FL,Excelente produto!
4561,2034-06-27,755,53,Smartphone,Eletrônicos,2,1078.39,2156.77,CA,Atendimento excepcional.
4562,2034-06-28,655,66,Smartphone,Eletrônicos,3,197.13,591.38,TX,Entrega rápida!
4563,2034-06-29,41,50,Tablet,Eletrônicos,1,1711.84,1711.84,CA,Produto cumpre o que promete
4564,2034-06-30,935,18,Laptop,Eletrônicos,2,856.06,1712.12,NY,Entrega atrasada
4565,2034-07-01,770,29,Laptop,Eletrônicos,4,1416.04,5664.15,CA,Excelente produto!
4566,2034-07-02,959,59,Smartphone,Eletrônicos,4,1380.38,5521.52,FL,Produto com defeito
4567,2034-07-03,797,58,Laptop,Eletrônicos,2,1368.71,2737.43,IL,Atendimento excepcional.
4568,2034-07-04,105,26,Tablet,Eletrônicos,3,1038.53,3115.59,FL,Atendimento excepcional.
4569,2034-07-05,202,74,Fone de ouvido,Acessórios,5,591.16,2955.81,NY,Produto com ótimo custo-benefício.
4570,2034-07-06,450,75,Tablet,Eletrônicos,2,1268.93,2537.87,CA,Atendimento sem problema
4571,2034-07-07,819,69,Smartphone,Eletrônicos,4,1925.49,7701.97,TX,Atendimento excepcional.
4572,2034-07-08,843,37,Smartphone,Eletrônicos,1,1676.2,1676.2,FL,Atendimento sem problema
4573,2034-07-09,973,47,Smartphone,Eletrônicos,4,262.1,1048.39,TX,Atendimento excepcional.
4574,2034-07-10,266,31,Laptop,Eletrônicos,5,95.22,476.08,CA,Sem reclamações.
4575,2034-07-11,910,75,Tablet,Eletrônicos,4,1022.99,4091.98,NY,Produto com ótimo custo-benefício.
4576,2034-07-12,210,40,Fone de ouvido,Acessórios,5,1562.87,7814.34,FL,Atendimento excepcional.
4577,2034-07-13,563,46,Tablet,Eletrônicos,2,662.11,1324.22,TX,Muito satisfeito com a compra.
4578,2034-07-14,118,68,Fone de ouvido,Acessórios,4,1417.41,5669.66,FL,Atendimento sem problema
4579,2034-07-15,713,59,Tablet,Eletrônicos,3,1867.25,5601.74,FL,Produto ok.
4580,2034-07-16,377,52,Smartphone,Eletrônicos,3,945.02,2835.06,TX,Atendimento excepcional.
4581,2034-07-17,551,69,Fone de ouvido,Acessórios,4,526.11,2104.45,NY,Excelente produto!
4582,2034-07-18,540,44,Tablet,Eletrônicos,4,1839.63,7358.51,FL,Atendimento sem problema
4583,2034-07-19,771,71,Laptop,Eletrônicos,1,970.91,970.91,NY,Muito satisfeito com a compra.
4584,2034-07-20,84,66,Laptop,Eletrônicos,4,845.29,3381.15,NY,Péssimo atendimento
4585,2034-07-21,454,44,Tablet,Eletrônicos,1,739.06,739.06,CA,Qualidade inferior ao anunciado
4586,2034-07-22,667,47,Smartphone,Eletrônicos,1,874.88,874.88,TX,Excelente produto!
4587,2034-07-23,629,20,Fone de ouvido,Acessórios,1,1363.63,1363.63,CA,Produto cumpre o que promete
4588,2034-07-24,514,29,Tablet,Eletrônicos,1,895.75,895.75,IL,Produto ok.
4589,2034-07-25,605,64,Laptop,Eletrônicos,2,682.24,1364.47,CA,Excelente produto!
4590,2034-07-26,678,48,Fone de ouvido,Acessórios,3,1500.09,4500.28,FL,Muito satisfeito com a compra.
4591,2034-07-27,387,54,Laptop,Eletrônicos,1,445.79,445.79,FL,Produto com ótimo custo-benefício.
4592,2034-07-28,912,44,Laptop,Eletrônicos,3,443.77,1331.31,FL,Produto com defeito
4593,2034-07-29,350,64,Tablet,Eletrônicos,1,1408.05,1408.05,IL,Produto ok.
4594,2034-07-30,296,69,Laptop,Eletrônicos,3,1740.08,5220.23,NY,Entrega rápida!
4595,2034-07-31,258,41,Fone de ouvido,Acessórios,4,520.36,2081.44,FL,Muito satisfeito com a compra.
4596,2034-08-01,81,65,Smartphone,Eletrônicos,4,422.69,1690.77,CA,Excelente produto!
4597,2034-08-02,937,58,Tablet,Eletrônicos,3,1357.1,4071.29,NY,Entrega dentro do prazo previsto.
4598,2034-08-03,268,57,Fone de ouvido,Acessórios,1,1260.56,1260.56,CA,Muito satisfeito com a compra.
4599,2034-08-04,419,28,Tablet,Eletrônicos,2,922.14,1844.28,CA,Produto cumpre o que promete
4600,2034-08-05,235,44,Laptop,Eletrônicos,3,236.93,710.78,FL,Produto com ótimo custo-benefício.
4601,2034-08-06,833,26,Laptop,Eletrônicos,5,228.98,1144.91,CA,Muito satisfeito com a compra.
4602,2034-08-07,311,33,Fone de ouvido,Acessórios,2,1565.82,3131.63,IL,Excelente produto!
4603,2034-08-08,813,31,Fone de ouvido,Acessórios,5,930.95,4654.75,NY,Entrega rápida!
4604,2034-08-09,975,64,Smartphone,Eletrônicos,3,1723.04,5169.11,FL,Entrega dentro do prazo previsto.
4605,2034-08-10,986,47,Fone de ouvido,Acessórios,1,1170.73,1170.73,FL,Produto cumpre o que promete
4606,2034-08-11,357,63,Fone de ouvido,Acessórios,5,1256.54,6282.7,CA,Entrega atrasada
4607,2034-08-12,213,41,Tablet,Eletrônicos,3,1871.68,5615.04,CA,Produto ok.
4608,2034-08-13,574,59,Laptop,Eletrônicos,2,371.0,742.0,TX,Muito satisfeito com a compra.
4609,2034-08-14,49,30,Fone de ouvido,Acessórios,1,1108.9,1108.9,TX,Péssimo atendimento
4610,2034-08-15,127,50,Smartphone,Eletrônicos,5,163.37,816.85,FL,Atendimento sem problema
4611,2034-08-16,223,72,Fone de ouvido,Acessórios,3,749.9,2249.71,FL,Produto com ótimo custo-benefício.
4612,2034-08-17,921,79,Laptop,Eletrônicos,1,338.79,338.79,CA,Excelente produto!
4613,2034-08-18,279,26,Fone de ouvido,Acessórios,1,416.28,416.28,IL,Péssimo atendimento
4614,2034-08-19,408,66,Tablet,Eletrônicos,4,1872.85,7491.4,IL,Produto cumpre o que promete
4615,2034-08-20,505,43,Laptop,Eletrônicos,1,1240.83,1240.83,CA,Produto ok.
4616,2034-08-21,294,66,Fone de ouvido,Acessórios,3,1789.71,5369.13,TX,Atendimento excepcional.
4617,2034-08-22,796,59,Tablet,Eletrônicos,2,914.86,1829.73,TX,Entrega dentro do prazo previsto.
4618,2034-08-23,277,62,Laptop,Eletrônicos,4,1215.4,4861.62,IL,Entrega rápida!
4619,2034-08-24,438,67,Fone de ouvido,Acessórios,3,112.58,337.75,FL,Excelente produto!
4620,2034-08-25,107,30,Tablet,Eletrônicos,3,965.53,2896.59,CA,Produto ok.
4621,2034-08-26,658,38,Smartphone,Eletrônicos,3,1149.91,3449.73,FL,Entrega dentro do prazo previsto.
4622,2034-08-27,420,46,Tablet,Eletrônicos,5,82.72,413.58,TX,Muito satisfeito com a compra.
4623,2034-08-28,611,45,Smartphone,Eletrônicos,5,1589.5,7947.52,IL,Excelente produto!
4624,2034-08-29,429,41,Fone de ouvido,Acessórios,2,626.07,1252.15,FL,Entrega rápida!
4625,2034-08-30,375,30,Tablet,Eletrônicos,3,932.35,2797.05,TX,Muito satisfeito com a compra.
4626,2034-08-31,73,73,Smartphone,Eletrônicos,5,1094.48,5472.4,TX,Muito satisfeito com a compra.
4627,2034-09-01,949,59,Laptop,Eletrônicos,5,1984.78,9923.92,TX,Entrega rápida!
4628,2034-09-02,998,37,Tablet,Eletrônicos,5,243.41,1217.05,FL,Entrega rápida!
4629,2034-09-03,634,56,Fone de ouvido,Acessórios,2,1132.8,2265.59,NY,Produto cumpre o que promete
4630,2034-09-04,30,24,Laptop,Eletrônicos,2,1084.66,2169.32,IL,Muito satisfeito com a compra.
4631,2034-09-05,188,58,Smartphone,Eletrônicos,3,184.37,553.12,TX,Produto com ótimo custo-benefício.
4632,2034-09-06,364,65,Tablet,Eletrônicos,4,1286.18,5144.72,FL,Péssimo atendimento
4633,2034-09-07,866,32,Tablet,Eletrônicos,3,609.37,1828.1,CA,Produto cumpre o que promete
4634,2034-09-08,800,42,Fone de ouvido,Acessórios,5,252.35,1261.74,IL,Muito satisfeito com a compra.
4635,2034-09-09,451,52,Laptop,Eletrônicos,5,398.35,1991.76,CA,Muito satisfeito com a compra.
4636,2034-09-10,195,30,Tablet,Eletrônicos,1,1656.03,1656.03,CA,Sem reclamações.
4637,2034-09-11,156,60,Tablet,Eletrônicos,3,253.04,759.13,FL,Excelente produto!
4638,2034-09-12,172,25,Laptop,Eletrônicos,5,960.51,4802.54,NY,Entrega dentro do prazo previsto.
4639,2034-09-13,847,38,Tablet,Eletrônicos,5,430.78,2153.91,FL,Entrega rápida!
4640,2034-09-14,41,70,Laptop,Eletrônicos,4,366.52,1466.09,FL,Entrega atrasada
4641,2034-09-15,63,73,Laptop,Eletrônicos,1,451.14,451.14,IL,Sem reclamações.
4642,2034-09-16,23,23,Laptop,Eletrônicos,3,1010.93,3032.78,FL,Atendimento excepcional.
4643,2034-09-17,360,27,Fone de ouvido,Acessórios,2,513.69,1027.37,IL,Muito satisfeito com a compra.
4644,2034-09-18,75,75,Laptop,Eletrônicos,3,238.63,715.89,TX,Muito satisfeito com a compra.
4645,2034-09-19,560,66,Laptop,Eletrônicos,3,1612.73,4838.2,IL,Atendimento excepcional.
4646,2034-09-20,672,69,Smartphone,Eletrônicos,4,1102.65,4410.61,FL,Produto com ótimo custo-benefício.
4647,2034-09-21,825,58,Smartphone,Eletrônicos,3,355.86,1067.59,TX,Excelente produto!
4648,2034-09-22,118,38,Fone de ouvido,Acessórios,4,969.29,3877.15,TX,Produto com ótimo custo-benefício.
4649,2034-09-23,612,31,Laptop,Eletrônicos,4,183.31,733.23,NY,Sem reclamações.
4650,2034-09-24,380,69,Smartphone,Eletrônicos,5,1181.84,5909.19,FL,Entrega rápida!
4651,2034-09-25,929,76,Smartphone,Eletrônicos,2,713.59,1427.19,CA,Entrega dentro do prazo previsto.
4652,2034-09-26,920,62,Tablet,Eletrônicos,4,251.88,1007.52,FL,Produto cumpre o que promete
4653,2034-09-27,679,75,Laptop,Eletrônicos,1,408.11,408.11,CA,Qualidade inferior ao anunciado
4654,2034-09-28,290,50,Smartphone,Eletrônicos,1,724.12,724.12,NY,Produto cumpre o que promete
4655,2034-09-29,440,42,Fone de ouvido,Acessórios,2,1622.49,3244.99,FL,Péssimo atendimento
4656,2034-09-30,668,73,Tablet,Eletrônicos,4,388.82,1555.29,NY,Produto com defeito
4657,2034-10-01,933,36,Tablet,Eletrônicos,2,263.85,527.69,CA,Atendimento excepcional.
4658,2034-10-02,7,26,Laptop,Eletrônicos,5,1056.08,5280.41,IL,Muito satisfeito com a compra.
4659,2034-10-03,196,66,Laptop,Eletrônicos,1,1139.46,1139.46,FL,Excelente produto!
4660,2034-10-04,421,64,Tablet,Eletrônicos,3,225.97,677.91,TX,Entrega rápida!
4661,2034-10-05,568,69,Fone de ouvido,Acessórios,1,604.74,604.74,TX,Excelente produto!
4662,2034-10-06,833,54,Laptop,Eletrônicos,4,562.39,2249.56,NY,Sem reclamações.
4663,2034-10-07,193,53,Laptop,Eletrônicos,2,413.13,826.26,IL,Produto com ótimo custo-benefício.
4664,2034-10-08,559,53,Tablet,Eletrônicos,1,665.49,665.49,TX,Excelente produto!
4665,2034-10-09,148,74,Tablet,Eletrônicos,3,122.36,367.08,TX,Produto com ótimo custo-benefício.
4666,2034-10-10,787,32,Laptop,Eletrônicos,3,1320.52,3961.57,FL,Produto com defeito
4667,2034-10-11,669,22,Smartphone,Eletrônicos,2,1977.55,3955.1,TX,Excelente produto!
4668,2034-10-12,202,34,Laptop,Eletrônicos,2,1286.39,2572.78,CA,Produto cumpre o que promete
4669,2034-10-13,444,47,Smartphone,Eletrônicos,1,754.1,754.1,NY,Produto com ótimo custo-benefício.
4670,2034-10-14,914,24,Tablet,Eletrônicos,4,1352.43,5409.7,TX,Atendimento sem problema
4671,2034-10-15,988,23,Smartphone,Eletrônicos,5,1164.46,5822.28,FL,Excelente produto!
4672,2034-10-16,419,32,Fone de ouvido,Acessórios,3,1701.18,5103.53,CA,Muito satisfeito com a compra.
4673,2034-10-17,427,74,Tablet,Eletrônicos,2,1262.66,2525.31,TX,Qualidade inferior ao anunciado
4674,2034-10-18,479,69,Laptop,Eletrônicos,5,1286.45,6432.24,NY,Produto com ótimo custo-benefício.
4675,2034-10-19,475,63,Laptop,Eletrônicos,5,482.25,2411.23,NY,Atendimento excepcional.
4676,2034-10-20,126,27,Tablet,Eletrônicos,5,860.47,4302.37,NY,Atendimento excepcional.
4677,2034-10-21,395,23,Tablet,Eletrônicos,4,721.61,2886.45,TX,Sem reclamações.
4678,2034-10-22,817,59,Fone de ouvido,Acessórios,2,72.28,144.56,CA,Péssimo atendimento
4679,2034-10-23,881,72,Tablet,Eletrônicos,3,660.9,1982.69,IL,Produto ok.
4680,2034-10-24,806,69,Laptop,Eletrônicos,2,997.82,1995.64,NY,Excelente produto!
4681,2034-10-25,576,77,Fone de ouvido,Acessórios,1,1219.7,1219.7,CA,Produto com ótimo custo-benefício.
4682,2034-10-26,325,58,Laptop,Eletrônicos,3,1872.41,5617.23,FL,Entrega rápida!
4683,2034-10-27,392,30,Smartphone,Eletrônicos,2,516.27,1032.54,FL,Sem reclamações.
4684,2034-10-28,930,31,Tablet,Eletrônicos,3,347.24,1041.71,CA,Muito satisfeito com a compra.
4685,2034-10-29,688,18,Smartphone,Eletrônicos,1,1745.42,1745.42,FL,Entrega dentro do prazo previsto.
4686,2034-10-30,628,50,Laptop,Eletrônicos,3,1886.6,5659.81,FL,Atendimento excepcional.
4687,2034-10-31,440,36,Smartphone,Eletrônicos,5,1001.51,5007.55,NY,Excelente produto!
4688,2034-11-01,204,26,Smartphone,Eletrônicos,4,274.67,1098.69,TX,Excelente produto!
4689,2034-11-02,486,54,Laptop,Eletrônicos,1,996.51,996.51,TX,Muito satisfeito com a compra.
4690,2034-11-03,833,66,Laptop,Eletrônicos,3,263.41,790.24,TX,Sem reclamações.
4691,2034-11-04,31,65,Tablet,Eletrônicos,1,1772.21,1772.21,TX,Atendimento excepcional.
4692,2034-11-05,388,29,Smartphone,Eletrônicos,5,1430.89,7154.46,CA,Atendimento excepcional.
4693,2034-11-06,625,22,Fone de ouvido,Acessórios,4,520.22,2080.87,NY,Muito satisfeito com a compra.
4694,2034-11-07,877,23,Fone de ouvido,Acessórios,1,1779.05,1779.05,CA,Atendimento excepcional.
4695,2034-11-08,434,69,Laptop,Eletrônicos,5,1293.91,6469.54,FL,Entrega rápida!
4696,2034-11-09,837,72,Laptop,Eletrônicos,5,1908.86,9544.32,NY,Produto ok.
4697,2034-11-10,926,28,Smartphone,Eletrônicos,5,1961.94,9809.68,IL,Muito satisfeito com a compra.
4698,2034-11-11,376,68,Laptop,Eletrônicos,3,56.4,169.2,TX,Entrega rápida!
4699,2034-11-12,344,70,Fone de ouvido,Acessórios,2,284.42,568.84,FL,Entrega dentro do prazo previsto.
4700,2034-11-13,443,55,Tablet,Eletrônicos,1,1116.5,1116.5,TX,Atendimento sem problema
4701,2034-11-14,579,72,Tablet,Eletrônicos,2,1913.91,3827.83,TX,Muito satisfeito com a compra.
4702,2034-11-15,75,27,Smartphone,Eletrônicos,5,1988.76,9943.78,TX,Atendimento sem problema
4703,2034-11-16,557,32,Tablet,Eletrônicos,2,1156.45,2312.89,IL,Entrega atrasada
4704,2034-11-17,772,67,Laptop,Eletrônicos,5,388.91,1944.56,FL,Muito satisfeito com a compra.
4705,2034-11-18,666,70,Laptop,Eletrônicos,5,367.95,1839.74,TX,Atendimento sem problema
4706,2034-11-19,155,78,Laptop,Eletrônicos,4,1539.52,6158.09,TX,Excelente produto!
4707,2034-11-20,430,56,Laptop,Eletrônicos,4,1204.28,4817.11,NY,Muito satisfeito com a compra.
4708,2034-11-21,363,72,Smartphone,Eletrônicos,2,1120.11,2240.22,TX,Produto com ótimo custo-benefício.
4709,2034-11-22,448,45,Tablet,Eletrônicos,1,958.24,958.24,NY,Produto cumpre o que promete
4710,2034-11-23,987,20,Fone de ouvido,Acessórios,2,1464.01,2928.03,FL,Sem reclamações.
4711,2034-11-24,234,73,Tablet,Eletrônicos,1,1723.21,1723.21,FL,Atendimento excepcional.
4712,2034-11-25,563,33,Laptop,Eletrônicos,2,640.77,1281.54,FL,Muito satisfeito com a compra.
4713,2034-11-26,818,62,Fone de ouvido,Acessórios,3,480.79,1442.37,NY,Produto com ótimo custo-benefício.
4714,2034-11-27,262,34,Smartphone,Eletrônicos,3,1356.89,4070.67,IL,Produto com ótimo custo-benefício.
4715,2034-11-28,827,53,Laptop,Eletrônicos,1,1833.73,1833.73,IL,Sem reclamações.
4716,2034-11-29,125,36,Laptop,Eletrônicos,4,728.91,2915.63,TX,Entrega rápida!
4717,2034-11-30,911,21,Fone de ouvido,Acessórios,1,581.27,581.27,FL,Produto com ótimo custo-benefício.
4718,2034-12-01,245,76,Smartphone,Eletrônicos,2,490.92,981.85,CA,Muito satisfeito com a compra.
4719,2034-12-02,542,42,Fone de ouvido,Acessórios,5,546.26,2731.29,TX,Qualidade inferior ao anunciado
4720,2034-12-03,938,44,Smartphone,Eletrônicos,3,313.12,939.36,IL,Produto ok.
4721,2034-12-04,485,29,Laptop,Eletrônicos,5,1213.72,6068.59,IL,Atendimento excepcional.
4722,2034-12-05,122,73,Tablet,Eletrônicos,3,597.61,1792.83,FL,Excelente produto!
4723,2034-12-06,125,44,Laptop,Eletrônicos,2,1249.14,2498.28,NY,Atendimento excepcional.
4724,2034-12-07,549,21,Tablet,Eletrônicos,3,211.91,635.74,TX,Péssimo atendimento
4725,2034-12-08,170,78,Tablet,Eletrônicos,1,275.14,275.14,NY,Excelente produto!
4726,2034-12-09,124,41,Smartphone,Eletrônicos,5,1095.48,5477.38,IL,Entrega rápida!
4727,2034-12-10,869,34,Fone de ouvido,Acessórios,5,1047.49,5237.43,FL,Muito satisfeito com a compra.
4728,2034-12-11,35,77,Smartphone,Eletrônicos,2,579.44,1158.89,IL,Produto com ótimo custo-benefício.
4729,2034-12-12,87,73,Laptop,Eletrônicos,5,1662.91,8314.53,FL,Muito satisfeito com a compra.
4730,2034-12-13,646,43,Fone de ouvido,Acessórios,2,414.74,829.48,CA,Excelente produto!
4731,2034-12-14,708,35,Tablet,Eletrônicos,4,753.29,3013.16,NY,Entrega rápida!
4732,2034-12-15,786,39,Tablet,Eletrônicos,1,1133.25,1133.25,TX,Produto com ótimo custo-benefício.
4733,2034-12-16,201,23,Laptop,Eletrônicos,3,1741.06,5223.18,FL,Produto com ótimo custo-benefício.
4734,2034-12-17,369,36,Fone de ouvido,Acessórios,3,866.17,2598.52,CA,Entrega rápida!
4735,2034-12-18,797,78,Laptop,Eletrônicos,3,827.27,2481.82,CA,Atendimento sem problema
4736,2034-12-19,77,54,Laptop,Eletrônicos,4,1180.1,4720.39,NY,Produto com ótimo custo-benefício.
4737,2034-12-20,59,51,Smartphone,Eletrônicos,1,667.56,667.56,FL,Entrega rápida!
4738,2034-12-21,431,28,Laptop,Eletrônicos,5,1432.89,7164.44,TX,Produto ok.
4739,2034-12-22,638,73,Fone de ouvido,Acessórios,5,534.96,2674.79,TX,Produto ok.
4740,2034-12-23,500,41,Laptop,Eletrônicos,1,1655.23,1655.23,TX,Produto com ótimo custo-benefício.
4741,2034-12-24,913,62,Fone de ouvido,Acessórios,1,581.09,581.09,IL,Excelente produto!
4742,2034-12-25,109,54,Tablet,Eletrônicos,3,1985.77,5957.3,IL,Produto ok.
4743,2034-12-26,736,40,Laptop,Eletrônicos,5,667.1,3335.51,FL,Produto com ótimo custo-benefício.
4744,2034-12-27,278,57,Fone de ouvido,Acessórios,1,1763.71,1763.71,TX,Arrependido da compra
4745,2034-12-28,68,60,Tablet,Eletrônicos,5,824.84,4124.22,CA,Produto ok.
4746,2034-12-29,69,21,Fone de ouvido,Acessórios,1,529.81,529.81,TX,Atendimento excepcional.
4747,2034-12-30,165,35,Tablet,Eletrônicos,2,491.02,982.04,FL,Entrega rápida!
4748,2034-12-31,489,47,Smartphone,Eletrônicos,3,1707.87,5123.62,TX,Excelente produto!
4749,2035-01-01,305,32,Laptop,Eletrônicos,1,652.07,652.07,NY,Produto com defeito
4750,2035-01-02,909,54,Laptop,Eletrônicos,4,710.2,2840.79,TX,Produto cumpre o que promete
4751,2035-01-03,674,40,Tablet,Eletrônicos,1,434.14,434.14,CA,Muito satisfeito com a compra.
4752,2035-01-04,365,29,Smartphone,Eletrônicos,2,1924.58,3849.17,FL,Muito satisfeito com a compra.
4753,2035-01-05,854,21,Fone de ouvido,Acessórios,4,527.25,2109.0,FL,Entrega dentro do prazo previsto.
4754,2035-01-06,821,21,Smartphone,Eletrônicos,4,532.52,2130.06,CA,Arrependido da compra
4755,2035-01-07,379,69,Fone de ouvido,Acessórios,1,1890.6,1890.6,FL,Produto ok.
4756,2035-01-08,343,58,Fone de ouvido,Acessórios,2,1806.75,3613.51,TX,Atendimento excepcional.
4757,2035-01-09,947,58,Laptop,Eletrônicos,4,535.38,2141.5,FL,Produto com ótimo custo-benefício.
4758,2035-01-10,899,31,Tablet,Eletrônicos,3,1736.21,5208.64,TX,Produto com ótimo custo-benefício.
4759,2035-01-11,554,76,Laptop,Eletrônicos,3,537.16,1611.47,FL,Qualidade inferior ao anunciado
4760,2035-01-12,354,75,Laptop,Eletrônicos,5,214.71,1073.53,TX,Excelente produto!
4761,2035-01-13,416,73,Laptop,Eletrônicos,5,1649.7,8248.52,TX,Entrega dentro do prazo previsto.
4762,2035-01-14,109,76,Fone de ouvido,Acessórios,2,1554.54,3109.08,CA,Atendimento excepcional.
4763,2035-01-15,563,25,Laptop,Eletrônicos,4,624.6,2498.4,CA,Excelente produto!
4764,2035-01-16,762,40,Fone de ouvido,Acessórios,3,225.77,677.31,IL,Atendimento sem problema
4765,2035-01-17,497,18,Tablet,Eletrônicos,3,452.56,1357.67,CA,Atendimento sem problema
4766,2035-01-18,341,73,Fone de ouvido,Acessórios,2,1553.56,3107.12,TX,Entrega rápida!
4767,2035-01-19,942,28,Fone de ouvido,Acessórios,4,1931.26,7725.03,TX,Muito satisfeito com a compra.
4768,2035-01-20,383,44,Smartphone,Eletrônicos,2,555.05,1110.11,FL,Entrega dentro do prazo previsto.
4769,2035-01-21,533,21,Laptop,Eletrônicos,1,1645.6,1645.6,FL,Entrega dentro do prazo previsto.
4770,2035-01-22,300,46,Laptop,Eletrônicos,3,494.47,1483.41,IL,Produto ok.
4771,2035-01-23,139,34,Laptop,Eletrônicos,2,1375.22,2750.44,TX,Muito satisfeito com a compra.
4772,2035-01-24,359,66,Laptop,Eletrônicos,2,213.05,426.09,IL,Produto com ótimo custo-benefício.
4773,2035-01-25,836,36,Smartphone,Eletrônicos,1,1191.33,1191.33,TX,Sem reclamações.
4774,2035-01-26,499,62,Smartphone,Eletrônicos,5,574.92,2874.6,CA,Produto ok.
4775,2035-01-27,385,68,Smartphone,Eletrônicos,3,1855.4,5566.2,FL,Excelente produto!
4776,2035-01-28,604,75,Smartphone,Eletrônicos,2,615.01,1230.03,IL,Entrega atrasada
4777,2035-01-29,959,66,Laptop,Eletrônicos,3,826.96,2480.88,NY,Excelente produto!
4778,2035-01-30,280,41,Fone de ouvido,Acessórios,5,1689.32,8446.62,TX,Muito satisfeito com a compra.
4779,2035-01-31,637,69,Tablet,Eletrônicos,2,904.64,1809.27,CA,Entrega dentro do prazo previsto.
4780,2035-02-01,483,61,Smartphone,Eletrônicos,1,514.9,514.9,NY,Entrega rápida!
4781,2035-02-02,909,69,Fone de ouvido,Acessórios,3,1117.71,3353.13,CA,Entrega atrasada
4782,2035-02-03,111,63,Smartphone,Eletrônicos,1,1687.98,1687.98,CA,Muito satisfeito com a compra.
4783,2035-02-04,866,71,Laptop,Eletrônicos,5,894.7,4473.48,TX,Entrega rápida!
4784,2035-02-05,139,58,Laptop,Eletrônicos,5,309.13,1545.66,CA,Atendimento excepcional.
4785,2035-02-06,996,74,Fone de ouvido,Acessórios,3,797.02,2391.06,IL,Atendimento excepcional.
4786,2035-02-07,435,61,Fone de ouvido,Acessórios,5,1911.23,9556.13,NY,Muito satisfeito com a compra.
4787,2035-02-08,509,73,Fone de ouvido,Acessórios,4,190.44,761.77,CA,Produto com ótimo custo-benefício.
4788,2035-02-09,273,49,Laptop,Eletrônicos,3,846.47,2539.4,CA,Produto com ótimo custo-benefício.
4789,2035-02-10,99,48,Laptop,Eletrônicos,4,1313.66,5254.62,FL,Entrega dentro do prazo previsto.
4790,2035-02-11,764,66,Tablet,Eletrônicos,5,203.11,1015.55,FL,Muito satisfeito com a compra.
4791,2035-02-12,850,33,Fone de ouvido,Acessórios,3,722.66,2167.97,IL,Entrega dentro do prazo previsto.
4792,2035-02-13,104,49,Tablet,Eletrônicos,4,1884.13,7536.51,FL,Entrega rápida!
4793,2035-02-14,214,61,Smartphone,Eletrônicos,5,109.74,548.7,CA,Atendimento excepcional.
4794,2035-02-15,761,59,Tablet,Eletrônicos,2,1515.9,3031.79,CA,Excelente produto!
4795,2035-02-16,664,75,Smartphone,Eletrônicos,2,1690.68,3381.36,NY,Muito satisfeito com a compra.
4796,2035-02-17,762,51,Smartphone,Eletrônicos,1,590.27,590.27,FL,Produto ok.
4797,2035-02-18,787,52,Tablet,Eletrônicos,2,468.69,937.39,TX,Péssimo atendimento
4798,2035-02-19,165,76,Fone de ouvido,Acessórios,4,1833.9,7335.6,FL,Excelente produto!
4799,2035-02-20,999,54,Smartphone,Eletrônicos,2,1539.8,3079.61,CA,Atendimento excepcional.
4800,2035-02-21,853,33,Fone de ouvido,Acessórios,3,271.09,813.28,NY,Produto com ótimo custo-benefício.
4801,2035-02-22,520,38,Laptop,Eletrônicos,3,463.78,1391.35,FL,Péssimo atendimento
4802,2035-02-23,284,30,Smartphone,Eletrônicos,3,1261.64,3784.93,NY,Sem reclamações.
4803,2035-02-24,517,75,Laptop,Eletrônicos,2,867.86,1735.73,FL,Produto com ótimo custo-benefício.
4804,2035-02-25,657,73,Tablet,Eletrônicos,2,1033.14,2066.28,IL,Entrega rápida!
4805,2035-02-26,613,35,Fone de ouvido,Acessórios,1,1905.51,1905.51,CA,Muito satisfeito com a compra.
4806,2035-02-27,164,19,Tablet,Eletrônicos,5,869.46,4347.3,CA,Sem reclamações.
4807,2035-02-28,886,73,Smartphone,Eletrônicos,1,1769.28,1769.28,TX,Sem reclamações.
4808,2035-03-01,659,50,Laptop,Eletrônicos,4,1338.45,5353.81,CA,Produto com defeito
4809,2035-03-02,64,58,Smartphone,Eletrônicos,3,287.16,861.47,TX,Excelente produto!
4810,2035-03-03,91,35,Tablet,Eletrônicos,2,1501.79,3003.58,CA,Entrega dentro do prazo previsto.
4811,2035-03-04,117,45,Fone de ouvido,Acessórios,5,1064.41,5322.04,FL,Excelente produto!
4812,2035-03-05,866,54,Fone de ouvido,Acessórios,5,488.94,2444.7,FL,Sem reclamações.
4813,2035-03-06,267,52,Smartphone,Eletrônicos,2,614.62,1229.24,IL,Atendimento excepcional.
4814,2035-03-07,822,54,Smartphone,Eletrônicos,1,1136.8,1136.8,FL,Entrega dentro do prazo previsto.
4815,2035-03-08,685,29,Laptop,Eletrônicos,5,1223.32,6116.6,NY,Entrega rápida!
4816,2035-03-09,559,57,Tablet,Eletrônicos,1,1937.94,1937.94,FL,Muito satisfeito com a compra.
4817,2035-03-10,140,25,Smartphone,Eletrônicos,2,1716.7,3433.41,TX,Atendimento sem problema
4818,2035-03-11,246,71,Laptop,Eletrônicos,1,451.39,451.39,IL,Produto com defeito
4819,2035-03-12,661,42,Smartphone,Eletrônicos,3,1559.28,4677.85,NY,Atendimento sem problema
4820,2035-03-13,758,24,Fone de ouvido,Acessórios,2,66.17,132.34,NY,Sem reclamações.
4821,2035-03-14,395,19,Laptop,Eletrônicos,2,303.13,606.25,CA,Atendimento sem problema
4822,2035-03-15,487,50,Laptop,Eletrônicos,5,439.42,2197.08,TX,Muito satisfeito com a compra.
4823,2035-03-16,476,73,Smartphone,Eletrônicos,5,1214.54,6072.69,FL,Excelente produto!
4824,2035-03-17,517,50,Tablet,Eletrônicos,5,429.64,2148.18,FL,Produto com defeito
4825,2035-03-18,977,57,Fone de ouvido,Acessórios,3,762.28,2286.85,CA,Entrega atrasada
4826,2035-03-19,184,77,Tablet,Eletrônicos,3,523.42,1570.26,FL,Produto com ótimo custo-benefício.
4827,2035-03-20,20,74,Laptop,Eletrônicos,4,707.96,2831.85,NY,Produto com ótimo custo-benefício.
4828,2035-03-21,937,66,Tablet,Eletrônicos,2,1887.78,3775.56,FL,Atendimento sem problema
4829,2035-03-22,558,40,Laptop,Eletrônicos,5,1994.88,9974.42,FL,Atendimento sem problema
4830,2035-03-23,524,22,Tablet,Eletrônicos,2,1387.16,2774.32,NY,Atendimento excepcional.
4831,2035-03-24,582,78,Smartphone,Eletrônicos,1,1166.0,1166.0,TX,Entrega rápida!
4832,2035-03-25,529,31,Tablet,Eletrônicos,3,1431.47,4294.42,TX,Entrega atrasada
4833,2035-03-26,883,25,Laptop,Eletrônicos,4,1554.72,6218.89,NY,Atendimento excepcional.
4834,2035-03-27,147,37,Fone de ouvido,Acessórios,1,1491.07,1491.07,NY,Produto com ótimo custo-benefício.
4835,2035-03-28,666,35,Fone de ouvido,Acessórios,2,209.69,419.38,IL,Atendimento excepcional.
4836,2035-03-29,304,40,Fone de ouvido,Acessórios,3,655.07,1965.22,IL,Produto com ótimo custo-benefício.
4837,2035-03-30,620,46,Laptop,Eletrônicos,5,719.69,3598.46,FL,Atendimento excepcional.
4838,2035-03-31,748,24,Tablet,Eletrônicos,1,770.05,770.05,FL,Entrega rápida!
4839,2035-04-01,820,41,Fone de ouvido,Acessórios,3,721.41,2164.24,IL,Atendimento excepcional.
4840,2035-04-02,864,63,Fone de ouvido,Acessórios,2,1584.83,3169.66,FL,Sem reclamações.
4841,2035-04-03,582,42,Fone de ouvido,Acessórios,2,1507.83,3015.66,TX,Produto com ótimo custo-benefício.
4842,2035-04-04,695,31,Smartphone,Eletrônicos,1,58.97,58.97,TX,Atendimento excepcional.
4843,2035-04-05,762,55,Laptop,Eletrônicos,1,627.94,627.94,CA,Produto com ótimo custo-benefício.
4844,2035-04-06,228,20,Laptop,Eletrônicos,1,1266.14,1266.14,IL,Excelente produto!
4845,2035-04-07,102,70,Laptop,Eletrônicos,4,284.52,1138.07,TX,Produto com ótimo custo-benefício.
4846,2035-04-08,587,63,Laptop,Eletrônicos,5,188.84,944.18,CA,Produto cumpre o que promete
4847,2035-04-09,417,31,Laptop,Eletrônicos,3,1665.38,4996.13,NY,Produto com ótimo custo-benefício.
4848,2035-04-10,958,20,Smartphone,Eletrônicos,2,932.73,1865.47,TX,Muito satisfeito com a compra.
4849,2035-04-11,216,59,Tablet,Eletrônicos,2,1718.59,3437.18,CA,Sem reclamações.
4850,2035-04-12,407,26,Smartphone,Eletrônicos,5,1655.93,8279.64,FL,Atendimento excepcional.
4851,2035-04-13,399,70,Fone de ouvido,Acessórios,1,1792.07,1792.07,CA,Atendimento excepcional.
4852,2035-04-14,923,24,Smartphone,Eletrônicos,1,144.14,144.14,TX,Atendimento sem problema
4853,2035-04-15,715,43,Laptop,Eletrônicos,2,412.95,825.91,FL,Entrega dentro do prazo previsto.
4854,2035-04-16,704,24,Smartphone,Eletrônicos,5,627.48,3137.4,FL,Sem reclamações.
4855,2035-04-17,761,24,Laptop,Eletrônicos,2,315.65,631.3,CA,Muito satisfeito com a compra.
4856,2035-04-18,499,61,Smartphone,Eletrônicos,1,996.67,996.67,CA,Produto com defeito
4857,2035-04-19,754,75,Laptop,Eletrônicos,3,1608.0,4824.01,TX,Produto ok.
4858,2035-04-20,465,53,Fone de ouvido,Acessórios,1,1904.8,1904.8,FL,Entrega rápida!
4859,2035-04-21,691,69,Laptop,Eletrônicos,3,1784.67,5354.01,IL,Sem reclamações.
4860,2035-04-22,949,30,Smartphone,Eletrônicos,4,941.81,3767.23,CA,Atendimento excepcional.
4861,2035-04-23,974,20,Fone de ouvido,Acessórios,5,1291.16,6455.79,IL,Muito satisfeito com a compra.
4862,2035-04-24,731,37,Smartphone,Eletrônicos,4,499.86,1999.43,IL,Atendimento excepcional.
4863,2035-04-25,82,26,Fone de ouvido,Acessórios,1,835.87,835.87,FL,Atendimento excepcional.
4864,2035-04-26,604,70,Tablet,Eletrônicos,5,1748.81,8744.03,TX,Entrega rápida!
4865,2035-04-27,947,79,Tablet,Eletrônicos,1,106.94,106.94,IL,Muito satisfeito com a compra.
4866,2035-04-28,687,39,Tablet,Eletrônicos,5,1088.88,5444.4,TX,Produto com ótimo custo-benefício.
4867,2035-04-29,751,69,Smartphone,Eletrônicos,5,1751.96,8759.78,CA,Sem reclamações.
4868,2035-04-30,772,62,Smartphone,Eletrônicos,1,287.92,287.92,FL,Muito satisfeito com a compra.
4869,2035-05-01,903,50,Fone de ouvido,Acessórios,1,1965.97,1965.97,NY,Produto ok.
4870,2035-05-02,365,78,Fone de ouvido,Acessórios,5,74.16,370.82,FL,Entrega rápida!
4871,2035-05-03,163,40,Fone de ouvido,Acessórios,5,1777.93,8889.67,NY,Atendimento sem problema
4872,2035-05-04,48,78,Fone de ouvido,Acessórios,1,739.66,739.66,CA,Produto com ótimo custo-benefício.
4873,2035-05-05,511,40,Laptop,Eletrônicos,1,308.75,308.75,TX,Atendimento sem problema
4874,2035-05-06,329,55,Tablet,Eletrônicos,2,356.85,713.7,CA,Produto cumpre o que promete
4875,2035-05-07,840,69,Laptop,Eletrônicos,2,1417.3,2834.6,FL,Entrega dentro do prazo previsto.
4876,2035-05-08,116,43,Laptop,Eletrônicos,2,1747.9,3495.81,NY,Excelente produto!
4877,2035-05-09,941,49,Laptop,Eletrônicos,4,1300.08,5200.32,NY,Atendimento excepcional.
4878,2035-05-10,849,78,Laptop,Eletrônicos,5,1861.01,9305.07,FL,Produto com ótimo custo-benefício.
4879,2035-05-11,337,73,Tablet,Eletrônicos,3,1692.83,5078.5,FL,Atendimento excepcional.
4880,2035-05-12,881,45,Laptop,Eletrônicos,4,67.61,270.45,CA,Atendimento excepcional.
4881,2035-05-13,737,47,Fone de ouvido,Acessórios,5,1355.39,6776.94,IL,Atendimento sem problema
4882,2035-05-14,864,57,Smartphone,Eletrônicos,3,644.04,1932.11,NY,Produto com ótimo custo-benefício.
4883,2035-05-15,840,34,Fone de ouvido,Acessórios,2,936.28,1872.55,FL,Excelente produto!
4884,2035-05-16,147,74,Smartphone,Eletrônicos,3,233.36,700.08,CA,Entrega dentro do prazo previsto.
4885,2035-05-17,575,73,Fone de ouvido,Acessórios,1,600.09,600.09,IL,Muito satisfeito com a compra.
4886,2035-05-18,806,35,Fone de ouvido,Acessórios,1,1283.74,1283.74,TX,Muito satisfeito com a compra.
4887,2035-05-19,323,42,Smartphone,Eletrônicos,5,475.85,2379.23,FL,Sem reclamações.
4888,2035-05-20,443,21,Tablet,Eletrônicos,4,1312.7,5250.79,IL,Excelente produto!
4889,2035-05-21,837,43,Laptop,Eletrônicos,2,1849.91,3699.83,TX,Produto cumpre o que promete
4890,2035-05-22,13,48,Fone de ouvido,Acessórios,5,59.63,298.17,TX,Produto com ótimo custo-benefício.
4891,2035-05-23,943,79,Tablet,Eletrônicos,2,1582.25,3164.51,CA,Entrega rápida!
4892,2035-05-24,494,29,Laptop,Eletrônicos,1,1300.57,1300.57,NY,Qualidade inferior ao anunciado
4893,2035-05-25,701,71,Tablet,Eletrônicos,4,140.93,563.74,FL,Entrega atrasada
4894,2035-05-26,287,65,Tablet,Eletrônicos,4,1590.83,6363.3,IL,Entrega rápida!
4895,2035-05-27,720,79,Laptop,Eletrônicos,1,487.82,487.82,TX,Atendimento sem problema
4896,2035-05-28,114,35,Fone de ouvido,Acessórios,3,568.35,1705.05,NY,Excelente produto!
4897,2035-05-29,480,27,Tablet,Eletrônicos,4,232.36,929.42,TX,Produto com ótimo custo-benefício.
4898,2035-05-30,22,53,Fone de ouvido,Acessórios,3,1092.04,3276.12,FL,Produto ok.
4899,2035-05-31,349,19,Fone de ouvido,Acessórios,2,1021.54,2043.07,FL,Atendimento excepcional.
4900,2035-06-01,726,77,Fone de ouvido,Acessórios,4,726.99,2907.96,CA,Entrega dentro do prazo previsto.
4901,2035-06-02,683,42,Laptop,Eletrônicos,1,379.07,379.07,FL,Sem reclamações.
4902,2035-06-03,835,64,Smartphone,Eletrônicos,3,1684.01,5052.03,FL,Entrega dentro do prazo previsto.
4903,2035-06-04,566,26,Fone de ouvido,Acessórios,2,1758.94,3517.88,FL,Produto com ótimo custo-benefício.
4904,2035-06-05,906,64,Smartphone,Eletrônicos,2,1104.13,2208.26,NY,Produto ok.
4905,2035-06-06,810,49,Smartphone,Eletrônicos,4,526.24,2104.96,IL,Péssimo atendimento
4906,2035-06-07,320,22,Tablet,Eletrônicos,4,237.41,949.66,IL,Atendimento excepcional.
4907,2035-06-08,126,68,Fone de ouvido,Acessórios,5,1743.66,8718.31,FL,Excelente produto!
4908,2035-06-09,277,20,Fone de ouvido,Acessórios,5,237.3,1186.51,IL,Produto com defeito
4909,2035-06-10,976,34,Fone de ouvido,Acessórios,4,75.7,302.8,FL,Excelente produto!
4910,2035-06-11,204,30,Smartphone,Eletrônicos,5,965.33,4826.63,IL,Atendimento excepcional.
4911,2035-06-12,194,73,Laptop,Eletrônicos,1,1475.98,1475.98,IL,Entrega rápida!
4912,2035-06-13,681,20,Smartphone,Eletrônicos,1,942.2,942.2,TX,Entrega rápida!
4913,2035-06-14,664,45,Fone de ouvido,Acessórios,5,150.25,751.25,NY,Atendimento excepcional.
4914,2035-06-15,547,21,Fone de ouvido,Acessórios,4,1395.56,5582.23,TX,Muito satisfeito com a compra.
4915,2035-06-16,696,35,Fone de ouvido,Acessórios,1,1302.55,1302.55,TX,Produto com ótimo custo-benefício.
4916,2035-06-17,286,73,Smartphone,Eletrônicos,2,1378.98,2757.97,IL,Produto cumpre o que promete
4917,2035-06-18,57,52,Fone de ouvido,Acessórios,4,461.84,1847.38,CA,Muito satisfeito com a compra.
4918,2035-06-19,734,31,Tablet,Eletrônicos,3,1601.61,4804.84,CA,Produto com ótimo custo-benefício.
4919,2035-06-20,303,33,Fone de ouvido,Acessórios,3,984.38,2953.13,NY,Entrega dentro do prazo previsto.
4920,2035-06-21,163,29,Laptop,Eletrônicos,4,1095.89,4383.55,FL,Produto com defeito
4921,2035-06-22,19,28,Tablet,Eletrônicos,5,1114.37,5571.84,IL,Produto com ótimo custo-benefício.
4922,2035-06-23,370,19,Fone de ouvido,Acessórios,1,609.27,609.27,NY,Excelente produto!
4923,2035-06-24,264,50,Tablet,Eletrônicos,1,537.76,537.76,TX,Muito satisfeito com a compra.
4924,2035-06-25,794,30,Fone de ouvido,Acessórios,4,59.29,237.18,IL,Atendimento excepcional.
4925,2035-06-26,113,47,Laptop,Eletrônicos,2,823.39,1646.78,TX,Produto cumpre o que promete
4926,2035-06-27,488,43,Fone de ouvido,Acessórios,5,995.95,4979.75,NY,Excelente produto!
4927,2035-06-28,327,67,Tablet,Eletrônicos,2,1498.47,2996.93,CA,Produto com ótimo custo-benefício.
4928,2035-06-29,542,35,Laptop,Eletrônicos,4,179.92,719.69,NY,Produto com ótimo custo-benefício.
4929,2035-06-30,647,30,Smartphone,Eletrônicos,4,1851.78,7407.12,IL,Muito satisfeito com a compra.
4930,2035-07-01,579,21,Laptop,Eletrônicos,2,564.72,1129.44,IL,Atendimento excepcional.
4931,2035-07-02,65,76,Laptop,Eletrônicos,3,765.11,2295.32,FL,Produto ok.
4932,2035-07-03,292,50,Laptop,Eletrônicos,4,144.31,577.23,CA,Entrega atrasada
4933,2035-07-04,25,32,Tablet,Eletrônicos,5,1323.62,6618.08,IL,Atendimento excepcional.
4934,2035-07-05,549,34,Laptop,Eletrônicos,2,1432.4,2864.8,CA,Atendimento excepcional.
4935,2035-07-06,1,23,Fone de ouvido,Acessórios,3,1861.14,5583.43,IL,Muito satisfeito com a compra.
4936,2035-07-07,911,22,Laptop,Eletrônicos,2,706.82,1413.63,CA,Produto cumpre o que promete
4937,2035-07-08,549,50,Laptop,Eletrônicos,3,551.87,1655.61,NY,Muito satisfeito com a compra.
4938,2035-07-09,141,71,Fone de ouvido,Acessórios,3,1465.87,4397.61,CA,Sem reclamações.
4939,2035-07-10,744,33,Fone de ouvido,Acessórios,5,1428.26,7141.31,TX,Entrega rápida!
4940,2035-07-11,648,63,Smartphone,Eletrônicos,4,1877.39,7509.57,NY,Produto com ótimo custo-benefício.
4941,2035-07-12,901,41,Laptop,Eletrônicos,3,450.37,1351.11,IL,Atendimento excepcional.
4942,2035-07-13,188,78,Tablet,Eletrônicos,4,1425.32,5701.28,IL,Muito satisfeito com a compra.
4943,2035-07-14,128,22,Laptop,Eletrônicos,5,180.39,901.97,FL,Sem reclamações.
4944,2035-07-15,201,20,Laptop,Eletrônicos,4,986.72,3946.87,TX,Produto com ótimo custo-benefício.
4945,2035-07-16,127,52,Fone de ouvido,Acessórios,1,282.81,282.81,FL,Atendimento sem problema
4946,2035-07-17,257,78,Smartphone,Eletrônicos,3,1323.63,3970.9,NY,Muito satisfeito com a compra.
4947,2035-07-18,676,44,Laptop,Eletrônicos,5,1222.86,6114.3,FL,Atendimento excepcional.
4948,2035-07-19,547,29,Tablet,Eletrônicos,2,145.22,290.45,NY,Atendimento excepcional.
4949,2035-07-20,194,67,Laptop,Eletrônicos,5,673.25,3366.27,FL,Atendimento excepcional.
4950,2035-07-21,703,58,Tablet,Eletrônicos,3,820.32,2460.95,CA,Atendimento sem problema
4951,2035-07-22,104,42,Fone de ouvido,Acessórios,5,533.72,2668.59,NY,Atendimento excepcional.
4952,2035-07-23,535,72,Smartphone,Eletrônicos,2,125.41,250.81,NY,Atendimento excepcional.
4953,2035-07-24,265,34,Laptop,Eletrônicos,1,671.7,671.7,CA,Atendimento excepcional.
4954,2035-07-25,802,66,Smartphone,Eletrônicos,3,1595.62,4786.86,CA,Produto com ótimo custo-benefício.
4955,2035-07-26,942,37,Laptop,Eletrônicos,3,752.21,2256.64,TX,Produto ok.
4956,2035-07-27,974,45,Tablet,Eletrônicos,5,680.57,3402.86,CA,Produto com defeito
4957,2035-07-28,384,67,Smartphone,Eletrônicos,4,1886.42,7545.67,FL,Atendimento excepcional.
4958,2035-07-29,260,78,Laptop,Eletrônicos,4,131.18,524.72,CA,Produto com defeito
4959,2035-07-30,414,52,Fone de ouvido,Acessórios,2,1546.21,3092.42,CA,Produto cumpre o que promete
4960,2035-07-31,991,67,Tablet,Eletrônicos,1,992.03,992.03,NY,Produto com ótimo custo-benefício.
4961,2035-08-01,358,32,Smartphone,Eletrônicos,1,1891.7,1891.7,NY,Atendimento excepcional.
4962,2035-08-02,75,50,Laptop,Eletrônicos,5,817.27,4086.34,CA,Entrega rápida!
4963,2035-08-03,355,20,Smartphone,Eletrônicos,5,1430.68,7153.41,TX,Muito satisfeito com a compra.
4964,2035-08-04,584,24,Laptop,Eletrônicos,4,186.37,745.5,NY,Produto com ótimo custo-benefício.
4965,2035-08-05,771,27,Tablet,Eletrônicos,1,1861.11,1861.11,FL,Entrega rápida!
4966,2035-08-06,910,58,Fone de ouvido,Acessórios,1,721.86,721.86,FL,Entrega rápida!
4967,2035-08-07,188,43,Tablet,Eletrônicos,1,1071.81,1071.81,CA,Sem reclamações.
4968,2035-08-08,973,58,Smartphone,Eletrônicos,2,320.04,640.08,CA,Entrega rápida!
4969,2035-08-09,685,57,Smartphone,Eletrônicos,2,1893.84,3787.68,TX,Sem reclamações.
4970,2035-08-10,992,23,Laptop,Eletrônicos,5,1362.29,6811.46,CA,Péssimo atendimento
4971,2035-08-11,290,50,Tablet,Eletrônicos,4,155.2,620.79,IL,Atendimento sem problema
4972,2035-08-12,45,33,Laptop,Eletrônicos,3,352.65,1057.96,IL,Produto com ótimo custo-benefício.
4973,2035-08-13,573,41,Tablet,Eletrônicos,4,829.68,3318.71,CA,Produto com ótimo custo-benefício.
4974,2035-08-14,83,73,Smartphone,Eletrônicos,2,472.7,945.41,IL,Muito satisfeito com a compra.
4975,2035-08-15,123,47,Laptop,Eletrônicos,2,644.02,1288.04,FL,Qualidade inferior ao anunciado
4976,2035-08-16,358,77,Laptop,Eletrônicos,5,1995.11,9975.54,CA,Entrega dentro do prazo previsto.
4977,2035-08-17,528,74,Tablet,Eletrônicos,3,1334.36,4003.09,FL,Produto com ótimo custo-benefício.
4978,2035-08-18,66,27,Fone de ouvido,Acessórios,1,1848.32,1848.32,FL,Entrega rápida!
4979,2035-08-19,936,28,Tablet,Eletrônicos,3,899.81,2699.42,IL,Produto cumpre o que promete
4980,2035-08-20,657,61,Fone de ouvido,Acessórios,3,1435.05,4305.15,TX,Entrega dentro do prazo previsto.
4981,2035-08-21,375,39,Tablet,Eletrônicos,3,946.4,2839.19,FL,Arrependido da compra
4982,2035-08-22,162,20,Smartphone,Eletrônicos,5,690.04,3450.19,IL,Sem reclamações.
4983,2035-08-23,746,55,Laptop,Eletrônicos,2,1062.39,2124.78,TX,Entrega rápida!
4984,2035-08-24,380,57,Tablet,Eletrônicos,1,883.26,883.26,IL,Entrega dentro do prazo previsto.
4985,2035-08-25,656,40,Smartphone,Eletrônicos,3,1962.05,5886.16,IL,Qualidade inferior ao anunciado
4986,2035-08-26,358,62,Tablet,Eletrônicos,1,1017.52,1017.52,CA,Sem reclamações.
4987,2035-08-27,188,73,Laptop,Eletrônicos,3,1631.67,4895.01,NY,Produto com ótimo custo-benefício.
4988,2035-08-28,322,36,Tablet,Eletrônicos,2,1350.3,2700.6,TX,Produto cumpre o que promete
4989,2035-08-29,450,57,Fone de ouvido,Acessórios,1,985.27,985.27,IL,Atendimento sem problema
4990,2035-08-30,474,70,Laptop,Eletrônicos,4,974.59,3898.37,FL,Entrega rápida!
4991,2035-08-31,13,72,Fone de ouvido,Acessórios,2,716.69,1433.37,FL,Produto com ótimo custo-benefício.
4992,2035-09-01,184,30,Smartphone,Eletrônicos,1,258.61,258.61,NY,Atendimento sem problema
4993,2035-09-02,111,53,Smartphone,Eletrônicos,3,1534.87,4604.6,TX,Sem reclamações.
4994,2035-09-03,927,20,Tablet,Eletrônicos,3,1840.28,5520.85,CA,Atendimento excepcional.
4995,2035-09-04,508,39,Fone de ouvido,Acessórios,2,475.01,950.02,TX,Produto cumpre o que promete
4996,2035-09-05,290,42,Fone de ouvido,Acessórios,2,1855.06,3710.13,FL,Produto com ótimo custo-benefício.
4997,2035-09-06,295,37,Laptop,Eletrônicos,3,502.99,1508.98,FL,Qualidade inferior ao anunciado
4998,2035-09-07,451,45,Fone de ouvido,Acessórios,1,1083.65,1083.65,CA,Qualidade inferior ao anunciado
4999,2035-09-08,904,74,Fone de ouvido,Acessórios,4,720.06,2880.25,CA,Entrega rápida!
5000,2035-09-09,215,20,Laptop,Eletrônicos,5,273.29,1366.46,FL,Produto com defeito
5001,2035-09-10,974,39,Laptop,Eletrônicos,2,153.03,306.07,IL,Entrega rápida!
5002,2035-09-11,632,61,Fone de ouvido,Acessórios,3,762.43,2287.28,IL,Entrega dentro do prazo previsto.
5003,2035-09-12,894,54,Tablet,Eletrônicos,1,142.32,142.32,CA,Entrega rápida!
5004,2035-09-13,567,74,Laptop,Eletrônicos,2,253.2,506.41,IL,Excelente produto!
5005,2035-09-14,27,55,Laptop,Eletrônicos,1,327.48,327.48,CA,Sem reclamações.
5006,2035-09-15,630,35,Fone de ouvido,Acessórios,2,53.74,107.47,TX,Sem reclamações.
5007,2035-09-16,733,37,Fone de ouvido,Acessórios,3,348.84,1046.53,TX,Atendimento excepcional.
5008,2035-09-17,231,63,Laptop,Eletrônicos,1,1175.69,1175.69,TX,Atendimento excepcional.
5009,2035-09-18,565,22,Fone de ouvido,Acessórios,3,1648.07,4944.21,CA,Produto com ótimo custo-benefício.
5010,2035-09-19,807,60,Laptop,Eletrônicos,1,427.19,427.19,CA,Atendimento sem problema
5011,2035-09-20,321,76,Tablet,Eletrônicos,2,207.7,415.4,IL,Produto com ótimo custo-benefício.
5012,2035-09-21,913,26,Tablet,Eletrônicos,5,1472.55,7362.76,IL,Atendimento excepcional.
5013,2035-09-22,233,46,Laptop,Eletrônicos,5,65.92,329.59,IL,Produto cumpre o que promete
5014,2035-09-23,670,34,Laptop,Eletrônicos,4,1481.62,5926.46,NY,Entrega atrasada
5015,2035-09-24,437,29,Smartphone,Eletrônicos,4,305.68,1222.71,CA,Muito satisfeito com a compra.
5016,2035-09-25,781,74,Smartphone,Eletrônicos,3,495.16,1485.47,TX,Produto cumpre o que promete
5017,2035-09-26,533,43,Fone de ouvido,Acessórios,1,284.14,284.14,TX,Produto ok.
5018,2035-09-27,403,50,Fone de ouvido,Acessórios,4,532.31,2129.24,NY,Entrega rápida!
5019,2035-09-28,53,50,Laptop,Eletrônicos,2,1606.44,3212.89,NY,Produto ok.
5020,2035-09-29,787,53,Laptop,Eletrônicos,5,308.46,1542.31,TX,Produto ok.
5021,2035-09-30,313,46,Smartphone,Eletrônicos,1,1988.62,1988.62,CA,Muito satisfeito com a compra.
5022,2035-10-01,281,39,Smartphone,Eletrônicos,5,687.84,3439.2,TX,Excelente produto!
5023,2035-10-02,726,79,Laptop,Eletrônicos,1,1847.84,1847.84,TX,Produto ok.
5024,2035-10-03,31,35,Tablet,Eletrônicos,4,420.56,1682.26,NY,Excelente produto!
5025,2035-10-04,337,34,Tablet,Eletrônicos,4,416.4,1665.6,NY,Excelente produto!
5026,2035-10-05,183,61,Fone de ouvido,Acessórios,3,1152.4,3457.21,IL,Entrega rápida!
5027,2035-10-06,23,69,Laptop,Eletrônicos,1,148.67,148.67,NY,Entrega rápida!
5028,2035-10-07,544,41,Laptop,Eletrônicos,2,1611.96,3223.91,TX,Muito satisfeito com a compra.
5029,2035-10-08,446,39,Fone de ouvido,Acessórios,4,907.25,3629.0,IL,Muito satisfeito com a compra.
5030,2035-10-09,74,61,Smartphone,Eletrônicos,3,1413.43,4240.3,TX,Excelente produto!
5031,2035-10-10,10,22,Smartphone,Eletrônicos,4,390.53,1562.13,CA,Produto com ótimo custo-benefício.
5032,2035-10-11,484,18,Tablet,Eletrônicos,5,1302.6,6512.98,CA,Excelente produto!
5033,2035-10-12,456,36,Laptop,Eletrônicos,4,1208.44,4833.75,NY,Produto ok.
5034,2035-10-13,566,47,Smartphone,Eletrônicos,1,1523.54,1523.54,IL,Sem reclamações.
5035,2035-10-14,564,56,Tablet,Eletrônicos,3,629.93,1889.8,FL,Atendimento excepcional.
5036,2035-10-15,660,32,Tablet,Eletrônicos,1,1869.67,1869.67,CA,Qualidade inferior ao anunciado
5037,2035-10-16,160,63,Tablet,Eletrônicos,2,1924.54,3849.07,CA,Entrega dentro do prazo previsto.
5038,2035-10-17,882,75,Smartphone,Eletrônicos,2,1742.84,3485.68,CA,Sem reclamações.
5039,2035-10-18,14,52,Smartphone,Eletrônicos,4,1165.47,4661.86,CA,Atendimento excepcional.
5040,2035-10-19,178,22,Laptop,Eletrônicos,3,869.56,2608.69,NY,Excelente produto!
5041,2035-10-20,412,23,Laptop,Eletrônicos,3,163.09,489.26,IL,Péssimo atendimento
5042,2035-10-21,878,42,Tablet,Eletrônicos,3,1897.09,5691.28,CA,Muito satisfeito com a compra.
5043,2035-10-22,53,28,Tablet,Eletrônicos,3,1905.97,5717.92,NY,Atendimento sem problema
5044,2035-10-23,408,68,Smartphone,Eletrônicos,4,86.44,345.77,IL,Entrega rápida!
5045,2035-10-24,847,39,Smartphone,Eletrônicos,1,745.93,745.93,IL,Péssimo atendimento
5046,2035-10-25,22,76,Laptop,Eletrônicos,4,1766.07,7064.28,FL,Muito satisfeito com a compra.
5047,2035-10-26,30,51,Laptop,Eletrônicos,1,207.66,207.66,TX,Excelente produto!
5048,2035-10-27,703,74,Fone de ouvido,Acessórios,5,433.3,2166.52,CA,Sem reclamações.
5049,2035-10-28,260,61,Laptop,Eletrônicos,5,1958.42,9792.1,NY,Excelente produto!
5050,2035-10-29,205,74,Smartphone,Eletrônicos,1,1702.21,1702.21,IL,Produto com ótimo custo-benefício.
5051,2035-10-30,59,72,Tablet,Eletrônicos,4,1828.52,7314.1,FL,Entrega rápida!
5052,2035-10-31,471,31,Fone de ouvido,Acessórios,2,327.2,654.4,TX,Atendimento excepcional.
5053,2035-11-01,776,76,Laptop,Eletrônicos,4,462.07,1848.26,IL,Muito satisfeito com a compra.
5054,2035-11-02,466,26,Laptop,Eletrônicos,2,1230.56,2461.12,IL,Sem reclamações.
5055,2035-11-03,12,37,Smartphone,Eletrônicos,4,1028.39,4113.56,CA,Produto cumpre o que promete
5056,2035-11-04,631,33,Fone de ouvido,Acessórios,3,632.08,1896.24,TX,Produto com defeito
5057,2035-11-05,927,75,Laptop,Eletrônicos,3,1773.5,5320.5,TX,Entrega rápida!
5058,2035-11-06,974,34,Tablet,Eletrônicos,5,1807.71,9038.54,NY,Produto com ótimo custo-benefício.
5059,2035-11-07,290,34,Smartphone,Eletrônicos,5,618.78,3093.92,FL,Produto cumpre o que promete
5060,2035-11-08,850,51,Fone de ouvido,Acessórios,1,353.72,353.72,NY,Entrega dentro do prazo previsto.
5061,2035-11-09,760,59,Laptop,Eletrônicos,2,340.73,681.46,FL,Sem reclamações.
5062,2035-11-10,354,79,Laptop,Eletrônicos,3,994.63,2983.89,NY,Entrega rápida!
5063,2035-11-11,639,28,Fone de ouvido,Acessórios,4,309.19,1236.76,FL,Arrependido da compra
5064,2035-11-12,75,52,Smartphone,Eletrônicos,1,973.01,973.01,CA,Entrega rápida!
5065,2035-11-13,873,79,Fone de ouvido,Acessórios,4,950.77,3803.09,FL,Muito satisfeito com a compra.
5066,2035-11-14,716,51,Fone de ouvido,Acessórios,3,1774.01,5322.04,NY,Atendimento sem problema
5067,2035-11-15,561,53,Smartphone,Eletrônicos,3,627.61,1882.83,TX,Produto com ótimo custo-benefício.
5068,2035-11-16,591,25,Laptop,Eletrônicos,3,1143.27,3429.82,IL,Produto com ótimo custo-benefício.
5069,2035-11-17,441,36,Tablet,Eletrônicos,3,1499.82,4499.47,FL,Sem reclamações.
5070,2035-11-18,991,69,Smartphone,Eletrônicos,4,1212.03,4848.14,FL,Produto ok.
5071,2035-11-19,241,67,Tablet,Eletrônicos,1,1910.43,1910.43,TX,Sem reclamações.
5072,2035-11-20,861,50,Laptop,Eletrônicos,3,1224.44,3673.32,CA,Excelente produto!
5073,2035-11-21,154,79,Fone de ouvido,Acessórios,5,1808.63,9043.16,NY,Excelente produto!
5074,2035-11-22,786,73,Tablet,Eletrônicos,1,527.86,527.86,CA,Muito satisfeito com a compra.
5075,2035-11-23,96,40,Laptop,Eletrônicos,5,1143.47,5717.34,FL,Entrega dentro do prazo previsto.
5076,2035-11-24,726,75,Laptop,Eletrônicos,4,1109.45,4437.79,FL,Muito satisfeito com a compra.
5077,2035-11-25,294,19,Fone de ouvido,Acessórios,3,1979.43,5938.29,CA,Produto com ótimo custo-benefício.
5078,2035-11-26,209,25,Fone de ouvido,Acessórios,1,448.79,448.79,NY,Entrega rápida!
5079,2035-11-27,343,46,Laptop,Eletrônicos,3,324.94,974.81,FL,Atendimento excepcional.
5080,2035-11-28,88,59,Laptop,Eletrônicos,3,1242.76,3728.28,FL,Produto cumpre o que promete
5081,2035-11-29,818,68,Tablet,Eletrônicos,1,486.2,486.2,CA,Atendimento excepcional.
5082,2035-11-30,776,24,Laptop,Eletrônicos,3,1296.35,3889.06,IL,Atendimento sem problema
5083,2035-12-01,937,66,Laptop,Eletrônicos,3,1946.35,5839.06,TX,Produto com ótimo custo-benefício.
5084,2035-12-02,390,77,Tablet,Eletrônicos,2,1895.69,3791.37,FL,Excelente produto!
5085,2035-12-03,325,46,Smartphone,Eletrônicos,2,500.65,1001.3,NY,Arrependido da compra
5086,2035-12-04,940,48,Tablet,Eletrônicos,1,383.25,383.25,IL,Produto ok.
5087,2035-12-05,889,47,Tablet,Eletrônicos,1,1143.44,1143.44,CA,Produto cumpre o que promete
5088,2035-12-06,832,52,Fone de ouvido,Acessórios,3,1194.22,3582.65,CA,Sem reclamações.
5089,2035-12-07,157,42,Tablet,Eletrônicos,5,1341.39,6706.94,NY,Muito satisfeito com a compra.
5090,2035-12-08,668,64,Laptop,Eletrônicos,1,1495.91,1495.91,IL,Produto com ótimo custo-benefício.
5091,2035-12-09,651,21,Laptop,Eletrônicos,3,1221.87,3665.6,NY,Atendimento excepcional.
5092,2035-12-10,633,66,Laptop,Eletrônicos,5,267.92,1339.59,FL,Produto cumpre o que promete
5093,2035-12-11,577,60,Smartphone,Eletrônicos,2,1590.81,3181.62,IL,Excelente produto!
5094,2035-12-12,619,79,Laptop,Eletrônicos,1,205.06,205.06,TX,Excelente produto!
5095,2035-12-13,659,55,Smartphone,Eletrônicos,3,88.99,266.96,TX,Produto cumpre o que promete
5096,2035-12-14,137,34,Laptop,Eletrônicos,2,1550.83,3101.67,NY,Produto com ótimo custo-benefício.
5097,2035-12-15,923,27,Tablet,Eletrônicos,4,1119.3,4477.19,TX,Produto com ótimo custo-benefício.
5098,2035-12-16,674,18,Fone de ouvido,Acessórios,2,1412.25,2824.51,NY,Atendimento excepcional.
5099,2035-12-17,428,35,Laptop,Eletrônicos,3,796.36,2389.07,FL,Qualidade inferior ao anunciado
5100,2035-12-18,452,63,Smartphone,Eletrônicos,5,71.63,358.15,FL,Qualidade inferior ao anunciado
5101,2035-12-19,612,36,Smartphone,Eletrônicos,4,695.48,2781.92,NY,Excelente produto!
5102,2035-12-20,850,78,Fone de ouvido,Acessórios,4,1235.86,4943.45,FL,Atendimento excepcional.
5103,2035-12-21,911,67,Laptop,Eletrônicos,4,490.12,1960.48,TX,Muito satisfeito com a compra.
5104,2035-12-22,819,73,Tablet,Eletrônicos,1,1391.22,1391.22,FL,Produto com ótimo custo-benefício.
5105,2035-12-23,141,49,Laptop,Eletrônicos,3,1599.08,4797.25,TX,Entrega rápida!
5106,2035-12-24,83,71,Laptop,Eletrônicos,4,935.82,3743.28,TX,Entrega rápida!
5107,2035-12-25,177,48,Fone de ouvido,Acessórios,2,1757.66,3515.31,CA,Péssimo atendimento
5108,2035-12-26,198,50,Laptop,Eletrônicos,5,1716.89,8584.46,FL,Excelente produto!
5109,2035-12-27,624,39,Tablet,Eletrônicos,3,1762.21,5286.64,FL,Entrega dentro do prazo previsto.
5110,2035-12-28,568,18,Smartphone,Eletrônicos,2,1339.02,2678.04,NY,Produto com ótimo custo-benefício.
5111,2035-12-29,972,58,Fone de ouvido,Acessórios,1,644.34,644.34,NY,Produto com ótimo custo-benefício.
5112,2035-12-30,691,63,Tablet,Eletrônicos,4,988.44,3953.76,IL,Produto com ótimo custo-benefício.
5113,2035-12-31,421,52,Smartphone,Eletrônicos,2,1435.5,2870.99,TX,Entrega dentro do prazo previsto.
5114,2036-01-01,401,61,Fone de ouvido,Acessórios,3,460.6,1381.8,CA,Sem reclamações.
5115,2036-01-02,698,66,Fone de ouvido,Acessórios,2,1490.74,2981.49,TX,Produto com ótimo custo-benefício.
5116,2036-01-03,471,34,Smartphone,Eletrônicos,1,1118.77,1118.77,FL,Excelente produto!
5117,2036-01-04,218,51,Smartphone,Eletrônicos,5,237.23,1186.17,IL,Produto cumpre o que promete
5118,2036-01-05,925,46,Tablet,Eletrônicos,4,1136.71,4546.83,TX,Produto cumpre o que promete
5119,2036-01-06,929,23,Laptop,Eletrônicos,3,180.21,540.64,IL,Produto cumpre o que promete
5120,2036-01-07,828,18,Laptop,Eletrônicos,4,77.9,311.6,TX,Muito satisfeito com a compra.
5121,2036-01-08,987,72,Laptop,Eletrônicos,4,1784.77,7139.1,FL,Produto cumpre o que promete
5122,2036-01-09,729,44,Laptop,Eletrônicos,4,1005.34,4021.35,FL,Atendimento excepcional.
5123,2036-01-10,632,29,Laptop,Eletrônicos,2,1109.41,2218.83,TX,Entrega rápida!
5124,2036-01-11,951,21,Tablet,Eletrônicos,2,595.88,1191.76,CA,Muito satisfeito com a compra.
5125,2036-01-12,906,72,Fone de ouvido,Acessórios,5,1108.35,5541.76,FL,Muito satisfeito com a compra.
5126,2036-01-13,175,33,Tablet,Eletrônicos,1,379.29,379.29,NY,Entrega rápida!
5127,2036-01-14,23,69,Tablet,Eletrônicos,3,1504.01,4512.03,CA,Excelente produto!
5128,2036-01-15,725,28,Tablet,Eletrônicos,2,1655.53,3311.06,TX,Atendimento excepcional.
5129,2036-01-16,917,69,Fone de ouvido,Acessórios,4,1718.96,6875.83,CA,Produto ok.
5130,2036-01-17,235,79,Tablet,Eletrônicos,1,257.97,257.97,NY,Entrega atrasada
5131,2036-01-18,13,37,Tablet,Eletrônicos,3,1137.62,3412.86,FL,Entrega rápida!
5132,2036-01-19,101,43,Fone de ouvido,Acessórios,3,1627.06,4881.19,FL,Entrega rápida!
5133,2036-01-20,929,45,Tablet,Eletrônicos,3,300.02,900.07,FL,Entrega rápida!
5134,2036-01-21,536,59,Laptop,Eletrônicos,3,244.07,732.21,NY,Produto com ótimo custo-benefício.
5135,2036-01-22,876,25,Smartphone,Eletrônicos,5,1643.04,8215.18,CA,Entrega rápida!
5136,2036-01-23,523,19,Tablet,Eletrônicos,3,1603.64,4810.91,TX,Excelente produto!
5137,2036-01-24,785,57,Smartphone,Eletrônicos,1,924.95,924.95,TX,Entrega rápida!
5138,2036-01-25,452,43,Tablet,Eletrônicos,2,263.94,527.87,CA,Produto ok.
5139,2036-01-26,431,44,Tablet,Eletrônicos,1,1056.44,1056.44,FL,Entrega atrasada
5140,2036-01-27,793,50,Laptop,Eletrônicos,4,819.87,3279.46,TX,Entrega dentro do prazo previsto.
5141,2036-01-28,606,78,Fone de ouvido,Acessórios,5,1061.17,5305.84,FL,Produto com ótimo custo-benefício.
5142,2036-01-29,713,72,Smartphone,Eletrônicos,5,907.8,4538.98,IL,Entrega dentro do prazo previsto.
5143,2036-01-30,533,24,Fone de ouvido,Acessórios,4,1158.6,4634.41,IL,Atendimento excepcional.
5144,2036-01-31,852,71,Laptop,Eletrônicos,1,1467.9,1467.9,TX,Produto com ótimo custo-benefício.
5145,2036-02-01,979,63,Laptop,Eletrônicos,1,1560.98,1560.98,CA,Arrependido da compra
5146,2036-02-02,723,53,Smartphone,Eletrônicos,4,1315.52,5262.06,CA,Produto cumpre o que promete
5147,2036-02-03,652,38,Fone de ouvido,Acessórios,3,437.93,1313.8,CA,Atendimento sem problema
5148,2036-02-04,293,66,Laptop,Eletrônicos,3,824.39,2473.17,FL,Entrega rápida!
5149,2036-02-05,810,51,Tablet,Eletrônicos,2,188.89,377.77,IL,Produto cumpre o que promete
5150,2036-02-06,913,75,Tablet,Eletrônicos,1,930.76,930.76,FL,Entrega dentro do prazo previsto.
5151,2036-02-07,101,40,Tablet,Eletrônicos,1,1942.16,1942.16,NY,Produto com ótimo custo-benefício.
5152,2036-02-08,502,51,Fone de ouvido,Acessórios,4,1301.37,5205.5,NY,Muito satisfeito com a compra.
5153,2036-02-09,304,57,Tablet,Eletrônicos,4,351.49,1405.98,TX,Atendimento excepcional.
5154,2036-02-10,871,24,Tablet,Eletrônicos,3,573.73,1721.18,NY,Excelente produto!
5155,2036-02-11,540,43,Laptop,Eletrônicos,1,175.92,175.92,CA,Atendimento sem problema
5156,2036-02-12,553,57,Laptop,Eletrônicos,1,405.71,405.71,TX,Muito satisfeito com a compra.
5157,2036-02-13,355,69,Tablet,Eletrônicos,5,1001.29,5006.46,IL,Arrependido da compra
5158,2036-02-14,303,66,Tablet,Eletrônicos,2,722.47,1444.94,IL,Entrega dentro do prazo previsto.
5159,2036-02-15,496,72,Laptop,Eletrônicos,2,447.73,895.45,NY,Entrega rápida!
5160,2036-02-16,658,34,Smartphone,Eletrônicos,3,335.87,1007.6,NY,Entrega rápida!
5161,2036-02-17,768,48,Fone de ouvido,Acessórios,1,1329.34,1329.34,IL,Muito satisfeito com a compra.
5162,2036-02-18,974,56,Fone de ouvido,Acessórios,5,1138.3,5691.5,NY,Entrega rápida!
5163,2036-02-19,227,42,Laptop,Eletrônicos,1,1693.15,1693.15,NY,Produto com ótimo custo-benefício.
5164,2036-02-20,236,54,Fone de ouvido,Acessórios,4,407.34,1629.37,FL,Produto com ótimo custo-benefício.
5165,2036-02-21,873,79,Laptop,Eletrônicos,3,1703.57,5110.71,IL,Arrependido da compra
5166,2036-02-22,892,32,Laptop,Eletrônicos,2,1176.93,2353.85,IL,Péssimo atendimento
5167,2036-02-23,455,19,Laptop,Eletrônicos,1,569.14,569.14,NY,Atendimento sem problema
5168,2036-02-24,13,28,Laptop,Eletrônicos,3,583.43,1750.29,CA,Entrega dentro do prazo previsto.
5169,2036-02-25,210,49,Smartphone,Eletrônicos,2,811.24,1622.48,FL,Produto cumpre o que promete
5170,2036-02-26,741,47,Tablet,Eletrônicos,1,947.25,947.25,CA,Atendimento excepcional.
5171,2036-02-27,397,34,Tablet,Eletrônicos,5,210.88,1054.42,NY,Atendimento excepcional.
5172,2036-02-28,100,41,Smartphone,Eletrônicos,3,1691.9,5075.7,IL,Produto cumpre o que promete
5173,2036-02-29,31,62,Fone de ouvido,Acessórios,1,287.01,287.01,CA,Qualidade inferior ao anunciado
5174,2036-03-01,898,21,Fone de ouvido,Acessórios,2,992.75,1985.49,TX,Produto com ótimo custo-benefício.
5175,2036-03-02,528,73,Tablet,Eletrônicos,2,796.79,1593.58,CA,Muito satisfeito com a compra.
5176,2036-03-03,649,67,Fone de ouvido,Acessórios,5,1048.96,5244.8,IL,Excelente produto!
5177,2036-03-04,329,78,Tablet,Eletrônicos,3,1780.59,5341.77,NY,Muito satisfeito com a compra.
5178,2036-03-05,166,63,Tablet,Eletrônicos,3,1978.72,5936.17,CA,Atendimento excepcional.
5179,2036-03-06,459,49,Smartphone,Eletrônicos,1,89.53,89.53,NY,Produto com ótimo custo-benefício.
5180,2036-03-07,822,36,Fone de ouvido,Acessórios,2,816.82,1633.63,FL,Arrependido da compra
5181,2036-03-08,952,20,Smartphone,Eletrônicos,2,1644.34,3288.68,TX,Entrega dentro do prazo previsto.
5182,2036-03-09,982,21,Tablet,Eletrônicos,5,686.88,3434.38,IL,Qualidade inferior ao anunciado
5183,2036-03-10,993,42,Tablet,Eletrônicos,5,1315.62,6578.1,IL,Produto com ótimo custo-benefício.
5184,2036-03-11,100,26,Tablet,Eletrônicos,3,1984.91,5954.72,NY,Excelente produto!
5185,2036-03-12,621,38,Laptop,Eletrônicos,2,1311.2,2622.41,TX,Excelente produto!
5186,2036-03-13,855,40,Laptop,Eletrônicos,1,266.82,266.82,IL,Qualidade inferior ao anunciado
5187,2036-03-14,173,63,Laptop,Eletrônicos,4,1693.72,6774.87,CA,Entrega rápida!
5188,2036-03-15,749,46,Smartphone,Eletrônicos,1,1934.98,1934.98,IL,Excelente produto!
5189,2036-03-16,162,47,Tablet,Eletrônicos,5,1439.39,7196.96,CA,Entrega rápida!
5190,2036-03-17,905,42,Fone de ouvido,Acessórios,1,867.18,867.18,IL,Muito satisfeito com a compra.
5191,2036-03-18,728,66,Smartphone,Eletrônicos,2,1899.38,3798.76,CA,Produto com ótimo custo-benefício.
5192,2036-03-19,776,46,Smartphone,Eletrônicos,3,1938.72,5816.15,FL,Entrega dentro do prazo previsto.
5193,2036-03-20,263,51,Smartphone,Eletrônicos,4,1873.48,7493.91,NY,Excelente produto!
5194,2036-03-21,804,31,Fone de ouvido,Acessórios,3,853.05,2559.14,FL,Entrega rápida!
5195,2036-03-22,274,39,Tablet,Eletrônicos,4,1589.93,6359.72,CA,Produto com ótimo custo-benefício.
5196,2036-03-23,3,65,Laptop,Eletrônicos,4,1325.65,5302.6,NY,Atendimento sem problema
5197,2036-03-24,28,68,Tablet,Eletrônicos,2,400.43,800.86,TX,Excelente produto!
5198,2036-03-25,326,33,Tablet,Eletrônicos,2,1094.25,2188.51,CA,Entrega atrasada
5199,2036-03-26,940,28,Smartphone,Eletrônicos,5,1508.0,7539.99,IL,Entrega rápida!
5200,2036-03-27,149,77,Smartphone,Eletrônicos,5,1797.03,8985.14,IL,Atendimento excepcional.
5201,2036-03-28,540,76,Smartphone,Eletrônicos,4,1732.07,6928.27,TX,Excelente produto!
5202,2036-03-29,488,31,Laptop,Eletrônicos,5,351.58,1757.92,FL,Entrega rápida!
5203,2036-03-30,822,24,Laptop,Eletrônicos,2,1001.66,2003.33,CA,Sem reclamações.
5204,2036-03-31,438,22,Laptop,Eletrônicos,5,982.62,4913.12,IL,Péssimo atendimento
5205,2036-04-01,65,75,Tablet,Eletrônicos,4,1802.54,7210.15,NY,Produto ok.
5206,2036-04-02,356,57,Smartphone,Eletrônicos,3,53.78,161.33,TX,Produto com ótimo custo-benefício.
5207,2036-04-03,533,46,Fone de ouvido,Acessórios,1,1490.49,1490.49,FL,Excelente produto!
5208,2036-04-04,252,34,Tablet,Eletrônicos,5,1256.35,6281.75,FL,Qualidade inferior ao anunciado
5209,2036-04-05,235,47,Laptop,Eletrônicos,2,1847.06,3694.13,NY,Muito satisfeito com a compra.
5210,2036-04-06,227,42,Fone de ouvido,Acessórios,3,940.99,2822.97,NY,Atendimento sem problema
5211,2036-04-07,525,31,Fone de ouvido,Acessórios,2,1332.46,2664.92,TX,Arrependido da compra
5212,2036-04-08,313,76,Smartphone,Eletrônicos,5,1946.86,9734.28,NY,Produto com ótimo custo-benefício.
5213,2036-04-09,49,59,Fone de ouvido,Acessórios,4,1500.61,6002.45,IL,Atendimento excepcional.
5214,2036-04-10,118,39,Laptop,Eletrônicos,1,181.4,181.4,FL,Sem reclamações.
5215,2036-04-11,54,61,Smartphone,Eletrônicos,1,376.69,376.69,NY,Produto com ótimo custo-benefício.
5216,2036-04-12,650,22,Fone de ouvido,Acessórios,3,1651.83,4955.49,CA,Muito satisfeito com a compra.
5217,2036-04-13,565,57,Smartphone,Eletrônicos,1,702.85,702.85,NY,Atendimento excepcional.
5218,2036-04-14,44,45,Fone de ouvido,Acessórios,4,1426.54,5706.16,FL,Atendimento excepcional.
5219,2036-04-15,815,29,Tablet,Eletrônicos,2,1414.66,2829.31,IL,Sem reclamações.
5220,2036-04-16,53,53,Tablet,Eletrônicos,4,1987.72,7950.86,NY,Produto com ótimo custo-benefício.
5221,2036-04-17,586,77,Laptop,Eletrônicos,3,966.25,2898.76,IL,Produto ok.
5222,2036-04-18,558,30,Tablet,Eletrônicos,3,1488.77,4466.32,CA,Entrega dentro do prazo previsto.
5223,2036-04-19,525,74,Tablet,Eletrônicos,1,145.07,145.07,FL,Muito satisfeito com a compra.
5224,2036-04-20,677,38,Tablet,Eletrônicos,4,952.05,3808.21,TX,Produto cumpre o que promete
5225,2036-04-21,102,49,Fone de ouvido,Acessórios,2,414.03,828.06,FL,Produto com ótimo custo-benefício.
5226,2036-04-22,792,66,Fone de ouvido,Acessórios,4,1689.11,6756.46,TX,Entrega dentro do prazo previsto.
5227,2036-04-23,770,73,Smartphone,Eletrônicos,2,1687.82,3375.64,TX,Sem reclamações.
5228,2036-04-24,982,74,Fone de ouvido,Acessórios,2,510.91,1021.82,FL,Excelente produto!
5229,2036-04-25,849,38,Tablet,Eletrônicos,4,670.66,2682.62,TX,Produto ok.
5230,2036-04-26,868,78,Fone de ouvido,Acessórios,5,1419.83,7099.16,IL,Atendimento excepcional.
5231,2036-04-27,398,54,Laptop,Eletrônicos,4,1489.62,5958.47,CA,Produto cumpre o que promete
5232,2036-04-28,138,55,Smartphone,Eletrônicos,2,1332.38,2664.76,NY,Produto cumpre o que promete
5233,2036-04-29,675,26,Smartphone,Eletrônicos,3,1993.55,5980.66,TX,Sem reclamações.
5234,2036-04-30,921,54,Fone de ouvido,Acessórios,3,1743.93,5231.8,TX,Excelente produto!
5235,2036-05-01,387,19,Tablet,Eletrônicos,1,863.26,863.26,FL,Produto ok.
5236,2036-05-02,111,20,Smartphone,Eletrônicos,3,687.6,2062.81,IL,Produto cumpre o que promete
5237,2036-05-03,614,60,Laptop,Eletrônicos,5,1213.86,6069.29,NY,Atendimento excepcional.
5238,2036-05-04,17,27,Laptop,Eletrônicos,2,1644.39,3288.78,TX,Produto com ótimo custo-benefício.
5239,2036-05-05,780,52,Smartphone,Eletrônicos,4,976.92,3907.68,IL,Excelente produto!
5240,2036-05-06,182,26,Tablet,Eletrônicos,4,1488.5,5954.0,NY,Atendimento excepcional.
5241,2036-05-07,884,57,Tablet,Eletrônicos,5,87.36,436.81,FL,Atendimento excepcional.
5242,2036-05-08,536,65,Fone de ouvido,Acessórios,3,1855.39,5566.16,TX,Atendimento excepcional.
5243,2036-05-09,541,78,Fone de ouvido,Acessórios,2,1558.98,3117.96,FL,Atendimento sem problema
5244,2036-05-10,171,78,Smartphone,Eletrônicos,3,818.67,2456.01,FL,Produto ok.
5245,2036-05-11,409,71,Fone de ouvido,Acessórios,1,798.82,798.82,TX,Produto ok.
5246,2036-05-12,740,49,Fone de ouvido,Acessórios,3,250.63,751.89,IL,Produto ok.
5247,2036-05-13,378,38,Fone de ouvido,Acessórios,1,1641.5,1641.5,IL,Produto com ótimo custo-benefício.
5248,2036-05-14,188,75,Laptop,Eletrônicos,4,1548.83,6195.31,FL,Muito satisfeito com a compra.
5249,2036-05-15,858,51,Fone de ouvido,Acessórios,2,1278.99,2557.97,FL,Arrependido da compra
5250,2036-05-16,230,42,Smartphone,Eletrônicos,1,247.84,247.84,CA,Entrega dentro do prazo previsto.
5251,2036-05-17,833,59,Tablet,Eletrônicos,3,561.57,1684.7,NY,Produto com ótimo custo-benefício.
5252,2036-05-18,852,73,Fone de ouvido,Acessórios,3,944.88,2834.65,FL,Entrega rápida!
5253,2036-05-19,119,49,Tablet,Eletrônicos,4,568.65,2274.58,FL,Atendimento excepcional.
5254,2036-05-20,156,63,Fone de ouvido,Acessórios,5,896.25,4481.25,NY,Entrega rápida!
5255,2036-05-21,784,54,Smartphone,Eletrônicos,5,490.62,2453.09,TX,Produto com ótimo custo-benefício.
5256,2036-05-22,687,39,Laptop,Eletrônicos,3,731.72,2195.16,IL,Sem reclamações.
5257,2036-05-23,465,42,Smartphone,Eletrônicos,5,1321.98,6609.89,TX,Produto ok.
5258,2036-05-24,104,18,Laptop,Eletrônicos,2,1790.1,3580.21,NY,Produto com ótimo custo-benefício.
5259,2036-05-25,604,62,Fone de ouvido,Acessórios,5,800.81,4004.05,NY,Excelente produto!
5260,2036-05-26,698,53,Fone de ouvido,Acessórios,2,1399.22,2798.44,CA,Entrega dentro do prazo previsto.
5261,2036-05-27,972,38,Laptop,Eletrônicos,3,312.85,938.54,CA,Atendimento excepcional.
5262,2036-05-28,795,58,Smartphone,Eletrônicos,3,1104.6,3313.79,IL,Produto cumpre o que promete
5263,2036-05-29,502,33,Smartphone,Eletrônicos,3,1847.32,5541.97,FL,Produto com ótimo custo-benefício.
5264,2036-05-30,693,49,Laptop,Eletrônicos,4,104.47,417.9,NY,Entrega rápida!
5265,2036-05-31,682,77,Fone de ouvido,Acessórios,5,571.74,2858.68,CA,Entrega rápida!
5266,2036-06-01,699,38,Laptop,Eletrônicos,1,308.36,308.36,TX,Produto ok.
5267,2036-06-02,175,70,Fone de ouvido,Acessórios,1,1089.59,1089.59,CA,Entrega rápida!
5268,2036-06-03,734,45,Laptop,Eletrônicos,3,1375.3,4125.91,TX,Muito satisfeito com a compra.
5269,2036-06-04,745,77,Fone de ouvido,Acessórios,5,162.67,813.35,CA,Atendimento excepcional.
5270,2036-06-05,674,36,Laptop,Eletrônicos,2,187.05,374.11,TX,Sem reclamações.
5271,2036-06-06,421,73,Tablet,Eletrônicos,1,1745.78,1745.78,CA,Sem reclamações.
5272,2036-06-07,134,31,Fone de ouvido,Acessórios,3,939.65,2818.96,CA,Excelente produto!
5273,2036-06-08,391,40,Smartphone,Eletrônicos,1,952.76,952.76,IL,Entrega rápida!
5274,2036-06-09,992,41,Laptop,Eletrônicos,1,1891.93,1891.93,FL,Produto ok.
5275,2036-06-10,736,37,Smartphone,Eletrônicos,1,674.41,674.41,NY,Produto cumpre o que promete
5276,2036-06-11,501,49,Laptop,Eletrônicos,3,1799.2,5397.59,FL,Produto ok.
5277,2036-06-12,665,57,Smartphone,Eletrônicos,3,1949.8,5849.39,IL,Sem reclamações.
5278,2036-06-13,33,27,Smartphone,Eletrônicos,4,521.3,2085.21,TX,Produto ok.
5279,2036-06-14,55,69,Laptop,Eletrônicos,4,1052.38,4209.5,FL,Entrega rápida!
5280,2036-06-15,954,18,Laptop,Eletrônicos,4,1091.99,4367.98,NY,Excelente produto!
5281,2036-06-16,519,48,Smartphone,Eletrônicos,1,1739.03,1739.03,NY,Entrega dentro do prazo previsto.
5282,2036-06-17,756,69,Smartphone,Eletrônicos,5,642.62,3213.1,TX,Muito satisfeito com a compra.
5283,2036-06-18,825,54,Smartphone,Eletrônicos,3,1606.18,4818.55,NY,Entrega rápida!
5284,2036-06-19,638,75,Fone de ouvido,Acessórios,4,1943.46,7773.86,IL,Entrega dentro do prazo previsto.
5285,2036-06-20,12,32,Fone de ouvido,Acessórios,5,1688.66,8443.28,FL,Entrega rápida!
5286,2036-06-21,528,57,Tablet,Eletrônicos,4,1822.82,7291.29,NY,Entrega dentro do prazo previsto.
5287,2036-06-22,720,48,Fone de ouvido,Acessórios,4,1431.29,5725.16,FL,Atendimento excepcional.
5288,2036-06-23,555,45,Fone de ouvido,Acessórios,5,1812.71,9063.57,CA,Produto com ótimo custo-benefício.
5289,2036-06-24,373,27,Laptop,Eletrônicos,4,371.46,1485.83,FL,Atendimento excepcional.
5290,2036-06-25,484,23,Tablet,Eletrônicos,1,1439.1,1439.1,TX,Produto com defeito
5291,2036-06-26,973,32,Tablet,Eletrônicos,1,1477.16,1477.16,IL,Péssimo atendimento
5292,2036-06-27,647,64,Fone de ouvido,Acessórios,1,906.4,906.4,NY,Atendimento excepcional.
5293,2036-06-28,228,44,Laptop,Eletrônicos,2,205.49,410.98,IL,Entrega rápida!
5294,2036-06-29,623,27,Laptop,Eletrônicos,4,1263.77,5055.06,FL,Excelente produto!
5295,2036-06-30,307,38,Tablet,Eletrônicos,2,151.17,302.34,NY,Excelente produto!
5296,2036-07-01,457,36,Laptop,Eletrônicos,3,795.68,2387.05,IL,Muito satisfeito com a compra.
5297,2036-07-02,160,21,Smartphone,Eletrônicos,5,817.66,4088.28,TX,Entrega rápida!
5298,2036-07-03,331,39,Fone de ouvido,Acessórios,3,1997.9,5993.7,CA,Produto cumpre o que promete
5299,2036-07-04,776,55,Smartphone,Eletrônicos,2,634.61,1269.23,CA,Sem reclamações.
5300,2036-07-05,225,32,Tablet,Eletrônicos,1,1649.89,1649.89,TX,Muito satisfeito com a compra.
5301,2036-07-06,983,23,Tablet,Eletrônicos,4,153.68,614.74,CA,Produto cumpre o que promete
5302,2036-07-07,729,67,Laptop,Eletrônicos,4,1083.04,4332.17,TX,Excelente produto!
5303,2036-07-08,504,28,Laptop,Eletrônicos,1,1096.55,1096.55,FL,Entrega rápida!
5304,2036-07-09,456,61,Tablet,Eletrônicos,4,1276.06,5104.25,TX,Entrega dentro do prazo previsto.
5305,2036-07-10,45,47,Tablet,Eletrônicos,5,1629.51,8147.55,CA,Atendimento excepcional.
5306,2036-07-11,214,57,Smartphone,Eletrônicos,5,1535.75,7678.75,FL,Entrega rápida!
5307,2036-07-12,59,41,Smartphone,Eletrônicos,5,1533.97,7669.83,TX,Produto com ótimo custo-benefício.
5308,2036-07-13,644,39,Laptop,Eletrônicos,3,892.97,2678.92,TX,Qualidade inferior ao anunciado
5309,2036-07-14,616,47,Smartphone,Eletrônicos,1,1468.57,1468.57,FL,Sem reclamações.
5310,2036-07-15,195,63,Laptop,Eletrônicos,5,1008.07,5040.33,NY,Produto com ótimo custo-benefício.
5311,2036-07-16,925,21,Laptop,Eletrônicos,2,180.55,361.11,CA,Entrega dentro do prazo previsto.
5312,2036-07-17,489,67,Fone de ouvido,Acessórios,5,1785.85,8929.27,NY,Excelente produto!
5313,2036-07-18,157,23,Laptop,Eletrônicos,3,1785.82,5357.46,FL,Arrependido da compra
5314,2036-07-19,610,55,Smartphone,Eletrônicos,2,679.61,1359.23,FL,Atendimento sem problema
5315,2036-07-20,226,43,Tablet,Eletrônicos,1,1832.11,1832.11,IL,Muito satisfeito com a compra.
5316,2036-07-21,412,36,Tablet,Eletrônicos,1,1528.07,1528.07,IL,Produto ok.
5317,2036-07-22,205,19,Smartphone,Eletrônicos,5,831.56,4157.81,FL,Produto ok.
5318,2036-07-23,79,21,Tablet,Eletrônicos,2,696.44,1392.87,IL,Entrega dentro do prazo previsto.
5319,2036-07-24,124,73,Laptop,Eletrônicos,2,1951.53,3903.06,TX,Produto ok.
5320,2036-07-25,471,22,Tablet,Eletrônicos,5,1439.62,7198.11,NY,Entrega rápida!
5321,2036-07-26,940,64,Smartphone,Eletrônicos,5,788.68,3943.4,FL,Atendimento excepcional.
5322,2036-07-27,218,52,Tablet,Eletrônicos,4,1301.87,5207.47,TX,Produto com ótimo custo-benefício.
5323,2036-07-28,516,46,Laptop,Eletrônicos,4,1164.48,4657.9,CA,Produto com ótimo custo-benefício.
5324,2036-07-29,602,33,Laptop,Eletrônicos,5,1072.85,5364.27,CA,Entrega rápida!
5325,2036-07-30,104,79,Smartphone,Eletrônicos,3,1307.17,3921.51,IL,Entrega rápida!
5326,2036-07-31,393,62,Smartphone,Eletrônicos,4,1098.37,4393.49,IL,Entrega rápida!
5327,2036-08-01,631,29,Smartphone,Eletrônicos,5,1326.84,6634.21,TX,Atendimento sem problema
5328,2036-08-02,645,38,Fone de ouvido,Acessórios,2,1819.76,3639.52,CA,Entrega dentro do prazo previsto.
5329,2036-08-03,824,26,Fone de ouvido,Acessórios,4,1986.87,7947.47,FL,Produto com ótimo custo-benefício.
5330,2036-08-04,608,28,Laptop,Eletrônicos,3,1433.11,4299.33,NY,Produto com ótimo custo-benefício.
5331,2036-08-05,980,25,Fone de ouvido,Acessórios,1,1859.25,1859.25,IL,Muito satisfeito com a compra.
5332,2036-08-06,434,77,Fone de ouvido,Acessórios,2,1723.9,3447.8,TX,Sem reclamações.
5333,2036-08-07,331,43,Tablet,Eletrônicos,3,625.32,1875.97,IL,Atendimento excepcional.
5334,2036-08-08,143,49,Fone de ouvido,Acessórios,3,1869.17,5607.51,TX,Péssimo atendimento
5335,2036-08-09,800,56,Tablet,Eletrônicos,3,188.08,564.23,CA,Produto ok.
5336,2036-08-10,540,21,Smartphone,Eletrônicos,2,693.35,1386.7,IL,Entrega dentro do prazo previsto.
5337,2036-08-11,278,51,Tablet,Eletrônicos,3,1297.89,3893.68,TX,Produto com ótimo custo-benefício.
5338,2036-08-12,233,45,Tablet,Eletrônicos,1,1077.49,1077.49,TX,Excelente produto!
5339,2036-08-13,529,42,Smartphone,Eletrônicos,4,1107.7,4430.82,IL,Qualidade inferior ao anunciado
5340,2036-08-14,571,68,Smartphone,Eletrônicos,2,1600.03,3200.06,NY,Produto com ótimo custo-benefício.
5341,2036-08-15,90,71,Laptop,Eletrônicos,3,429.67,1289.02,FL,Excelente produto!
5342,2036-08-16,492,79,Laptop,Eletrônicos,5,1965.05,9825.24,CA,Muito satisfeito com a compra.
5343,2036-08-17,199,78,Laptop,Eletrônicos,4,903.04,3612.17,IL,Atendimento excepcional.
5344,2036-08-18,362,72,Laptop,Eletrônicos,2,1902.19,3804.39,IL,Entrega dentro do prazo previsto.
5345,2036-08-19,441,61,Tablet,Eletrônicos,5,797.08,3985.38,NY,Entrega rápida!
5346,2036-08-20,26,52,Tablet,Eletrônicos,5,1223.48,6117.42,CA,Produto ok.
5347,2036-08-21,25,36,Laptop,Eletrônicos,3,928.11,2784.32,IL,Sem reclamações.
5348,2036-08-22,394,52,Fone de ouvido,Acessórios,2,1368.07,2736.15,NY,Excelente produto!
5349,2036-08-23,507,68,Laptop,Eletrônicos,3,408.07,1224.2,FL,Sem reclamações.
5350,2036-08-24,301,68,Fone de ouvido,Acessórios,1,831.23,831.23,TX,Qualidade inferior ao anunciado
5351,2036-08-25,339,56,Smartphone,Eletrônicos,5,183.34,916.72,FL,Entrega atrasada
5352,2036-08-26,267,46,Tablet,Eletrônicos,1,1216.3,1216.3,FL,Produto cumpre o que promete
5353,2036-08-27,461,31,Tablet,Eletrônicos,3,1927.23,5781.69,FL,Atendimento excepcional.
5354,2036-08-28,693,38,Fone de ouvido,Acessórios,4,139.52,558.07,FL,Produto com ótimo custo-benefício.
5355,2036-08-29,456,53,Laptop,Eletrônicos,5,1336.28,6681.39,TX,Muito satisfeito com a compra.
5356,2036-08-30,360,55,Tablet,Eletrônicos,4,1561.44,6245.76,CA,Entrega rápida!
5357,2036-08-31,68,31,Fone de ouvido,Acessórios,2,465.56,931.12,CA,Muito satisfeito com a compra.
5358,2036-09-01,863,57,Smartphone,Eletrônicos,5,582.49,2912.47,NY,Produto com ótimo custo-benefício.
5359,2036-09-02,412,67,Smartphone,Eletrônicos,1,443.08,443.08,NY,Entrega rápida!
5360,2036-09-03,971,77,Tablet,Eletrônicos,4,629.95,2519.82,IL,Muito satisfeito com a compra.
5361,2036-09-04,491,32,Laptop,Eletrônicos,2,264.66,529.32,FL,Atendimento excepcional.
5362,2036-09-05,833,68,Fone de ouvido,Acessórios,5,772.18,3860.89,FL,Atendimento excepcional.
5363,2036-09-06,49,67,Tablet,Eletrônicos,2,769.41,1538.82,TX,Atendimento sem problema
5364,2036-09-07,687,47,Smartphone,Eletrônicos,1,1624.17,1624.17,FL,Atendimento excepcional.
5365,2036-09-08,564,64,Laptop,Eletrônicos,5,1611.87,8059.34,TX,Sem reclamações.
5366,2036-09-09,102,72,Fone de ouvido,Acessórios,2,1603.61,3207.22,IL,Atendimento sem problema
5367,2036-09-10,216,29,Tablet,Eletrônicos,3,1155.72,3467.16,NY,Excelente produto!
5368,2036-09-11,438,67,Fone de ouvido,Acessórios,5,685.47,3427.34,NY,Arrependido da compra
5369,2036-09-12,700,79,Laptop,Eletrônicos,5,851.38,4256.9,IL,Produto cumpre o que promete
5370,2036-09-13,569,22,Laptop,Eletrônicos,5,669.6,3348.0,IL,Entrega rápida!
5371,2036-09-14,559,44,Smartphone,Eletrônicos,5,1184.76,5923.8,FL,Produto com ótimo custo-benefício.
5372,2036-09-15,159,32,Laptop,Eletrônicos,3,1879.06,5637.18,NY,Sem reclamações.
5373,2036-09-16,489,43,Tablet,Eletrônicos,1,604.77,604.77,CA,Produto com ótimo custo-benefício.
5374,2036-09-17,686,26,Fone de ouvido,Acessórios,3,944.76,2834.28,IL,Atendimento excepcional.
5375,2036-09-18,242,57,Laptop,Eletrônicos,3,1327.48,3982.43,NY,Arrependido da compra
5376,2036-09-19,794,57,Laptop,Eletrônicos,2,1697.16,3394.31,NY,Sem reclamações.
5377,2036-09-20,753,52,Tablet,Eletrônicos,4,544.0,2176.0,TX,Sem reclamações.
5378,2036-09-21,882,30,Fone de ouvido,Acessórios,4,596.57,2386.26,NY,Produto cumpre o que promete
5379,2036-09-22,5,62,Fone de ouvido,Acessórios,2,1776.07,3552.15,IL,Sem reclamações.
5380,2036-09-23,596,61,Smartphone,Eletrônicos,3,206.5,619.51,FL,Atendimento excepcional.
5381,2036-09-24,820,64,Smartphone,Eletrônicos,2,1230.62,2461.25,NY,Produto com ótimo custo-benefício.
5382,2036-09-25,361,63,Fone de ouvido,Acessórios,5,1727.89,8639.44,CA,Atendimento sem problema
5383,2036-09-26,459,50,Tablet,Eletrônicos,2,1847.4,3694.8,IL,Excelente produto!
5384,2036-09-27,248,51,Tablet,Eletrônicos,2,74.74,149.48,FL,Atendimento excepcional.
5385,2036-09-28,566,72,Smartphone,Eletrônicos,5,770.85,3854.24,FL,Entrega rápida!
5386,2036-09-29,673,21,Laptop,Eletrônicos,4,551.67,2206.67,IL,Atendimento excepcional.
5387,2036-09-30,946,30,Tablet,Eletrônicos,5,1157.66,5788.32,FL,Produto com ótimo custo-benefício.
5388,2036-10-01,422,27,Laptop,Eletrônicos,1,1284.08,1284.08,CA,Atendimento sem problema
5389,2036-10-02,923,70,Tablet,Eletrônicos,2,1999.56,3999.12,NY,Sem reclamações.
5390,2036-10-03,738,62,Fone de ouvido,Acessórios,2,1049.89,2099.77,IL,Excelente produto!
5391,2036-10-04,15,18,Smartphone,Eletrônicos,4,1125.36,4501.44,NY,Entrega dentro do prazo previsto.
5392,2036-10-05,736,28,Laptop,Eletrônicos,3,857.91,2573.73,NY,Produto ok.
5393,2036-10-06,573,67,Laptop,Eletrônicos,5,337.97,1689.85,FL,Atendimento excepcional.
5394,2036-10-07,122,26,Fone de ouvido,Acessórios,3,641.48,1924.45,IL,Atendimento excepcional.
5395,2036-10-08,277,55,Tablet,Eletrônicos,1,531.62,531.62,NY,Produto com ótimo custo-benefício.
5396,2036-10-09,558,40,Laptop,Eletrônicos,5,1612.38,8061.89,TX,Sem reclamações.
5397,2036-10-10,453,30,Tablet,Eletrônicos,1,1114.34,1114.34,CA,Entrega rápida!
5398,2036-10-11,390,22,Fone de ouvido,Acessórios,1,627.58,627.58,FL,Muito satisfeito com a compra.
5399,2036-10-12,294,42,Smartphone,Eletrônicos,1,1003.73,1003.73,IL,Entrega rápida!
5400,2036-10-13,574,79,Laptop,Eletrônicos,5,476.79,2383.93,IL,Produto com defeito
5401,2036-10-14,598,27,Tablet,Eletrônicos,5,411.0,2054.99,FL,Atendimento sem problema
5402,2036-10-15,446,22,Laptop,Eletrônicos,4,1726.89,6907.55,NY,Muito satisfeito com a compra.
5403,2036-10-16,210,39,Tablet,Eletrônicos,2,1892.38,3784.76,FL,Péssimo atendimento
5404,2036-10-17,590,59,Tablet,Eletrônicos,3,206.03,618.09,IL,Produto com ótimo custo-benefício.
5405,2036-10-18,714,42,Tablet,Eletrônicos,3,1541.52,4624.56,TX,Entrega dentro do prazo previsto.
5406,2036-10-19,302,54,Fone de ouvido,Acessórios,1,933.96,933.96,NY,Produto com ótimo custo-benefício.
5407,2036-10-20,909,37,Smartphone,Eletrônicos,5,808.49,4042.47,FL,Atendimento excepcional.
5408,2036-10-21,223,45,Laptop,Eletrônicos,5,1394.35,6971.76,IL,Produto cumpre o que promete
5409,2036-10-22,734,38,Smartphone,Eletrônicos,1,569.19,569.19,IL,Entrega dentro do prazo previsto.
5410,2036-10-23,3,28,Tablet,Eletrônicos,2,90.13,180.27,IL,Produto com ótimo custo-benefício.
5411,2036-10-24,990,46,Tablet,Eletrônicos,3,467.31,1401.92,TX,Muito satisfeito com a compra.
5412,2036-10-25,518,22,Smartphone,Eletrônicos,4,410.6,1642.42,NY,Produto com ótimo custo-benefício.
5413,2036-10-26,93,54,Smartphone,Eletrônicos,2,116.4,232.79,FL,Produto cumpre o que promete
5414,2036-10-27,520,66,Laptop,Eletrônicos,5,676.57,3382.83,NY,Entrega rápida!
5415,2036-10-28,428,70,Tablet,Eletrônicos,1,975.31,975.31,IL,Produto ok.
5416,2036-10-29,493,22,Smartphone,Eletrônicos,3,1484.87,4454.6,TX,Produto ok.
5417,2036-10-30,235,50,Fone de ouvido,Acessórios,1,685.04,685.04,TX,Produto com ótimo custo-benefício.
5418,2036-10-31,620,62,Tablet,Eletrônicos,5,429.35,2146.77,IL,Produto cumpre o que promete
5419,2036-11-01,161,53,Tablet,Eletrônicos,1,499.71,499.71,NY,Produto com ótimo custo-benefício.
5420,2036-11-02,721,25,Laptop,Eletrônicos,3,1787.8,5363.39,NY,Entrega dentro do prazo previsto.
5421,2036-11-03,752,69,Fone de ouvido,Acessórios,1,449.2,449.2,TX,Sem reclamações.
5422,2036-11-04,331,72,Laptop,Eletrônicos,3,1764.52,5293.56,CA,Excelente produto!
5423,2036-11-05,333,23,Fone de ouvido,Acessórios,1,921.84,921.84,TX,Produto com ótimo custo-benefício.
5424,2036-11-06,50,32,Laptop,Eletrônicos,1,1872.08,1872.08,TX,Péssimo atendimento
5425,2036-11-07,523,32,Fone de ouvido,Acessórios,3,845.78,2537.34,FL,Excelente produto!
5426,2036-11-08,863,70,Fone de ouvido,Acessórios,1,396.48,396.48,TX,Excelente produto!
5427,2036-11-09,668,65,Fone de ouvido,Acessórios,2,1120.61,2241.22,CA,Muito satisfeito com a compra.
5428,2036-11-10,492,26,Smartphone,Eletrônicos,4,1196.03,4784.11,TX,Produto com ótimo custo-benefício.
5429,2036-11-11,582,78,Tablet,Eletrônicos,2,1289.2,2578.41,NY,Muito satisfeito com a compra.
5430,2036-11-12,681,73,Fone de ouvido,Acessórios,4,852.42,3409.67,FL,Atendimento excepcional.
5431,2036-11-13,272,22,Smartphone,Eletrônicos,2,144.77,289.55,FL,Atendimento excepcional.
5432,2036-11-14,580,79,Smartphone,Eletrônicos,4,1272.1,5088.42,TX,Atendimento sem problema
5433,2036-11-15,867,43,Laptop,Eletrônicos,1,1869.41,1869.41,FL,Excelente produto!
5434,2036-11-16,252,40,Tablet,Eletrônicos,3,1917.24,5751.72,FL,Entrega rápida!
5435,2036-11-17,560,33,Tablet,Eletrônicos,3,1213.93,3641.78,TX,Muito satisfeito com a compra.
5436,2036-11-18,696,79,Laptop,Eletrônicos,5,88.78,443.9,CA,Excelente produto!
5437,2036-11-19,832,76,Tablet,Eletrônicos,4,256.78,1027.1,TX,Atendimento excepcional.
5438,2036-11-20,699,74,Laptop,Eletrônicos,5,1676.28,8381.41,NY,Atendimento excepcional.
5439,2036-11-21,90,56,Smartphone,Eletrônicos,5,1668.0,8340.01,IL,Excelente produto!
5440,2036-11-22,446,52,Smartphone,Eletrônicos,4,1894.73,7578.92,CA,Excelente produto!
5441,2036-11-23,332,27,Fone de ouvido,Acessórios,3,1149.36,3448.08,TX,Produto cumpre o que promete
5442,2036-11-24,139,44,Laptop,Eletrônicos,4,1734.44,6937.77,CA,Qualidade inferior ao anunciado
5443,2036-11-25,357,33,Smartphone,Eletrônicos,1,1658.53,1658.53,IL,Muito satisfeito com a compra.
5444,2036-11-26,601,38,Smartphone,Eletrônicos,5,1199.37,5996.85,FL,Produto ok.
5445,2036-11-27,274,29,Laptop,Eletrônicos,5,1578.09,7890.47,FL,Produto com ótimo custo-benefício.
5446,2036-11-28,19,26,Smartphone,Eletrônicos,4,295.14,1180.54,IL,Produto cumpre o que promete
5447,2036-11-29,983,33,Tablet,Eletrônicos,5,1296.45,6482.23,FL,Entrega dentro do prazo previsto.
5448,2036-11-30,311,26,Smartphone,Eletrônicos,3,1909.23,5727.69,CA,Produto cumpre o que promete
5449,2036-12-01,870,73,Laptop,Eletrônicos,5,365.82,1829.09,FL,Sem reclamações.
5450,2036-12-02,886,46,Tablet,Eletrônicos,4,1500.88,6003.53,IL,Muito satisfeito com a compra.
5451,2036-12-03,978,71,Tablet,Eletrônicos,3,675.53,2026.6,IL,Entrega rápida!
5452,2036-12-04,154,40,Smartphone,Eletrônicos,3,1643.35,4930.06,IL,Muito satisfeito com a compra.
5453,2036-12-05,390,56,Fone de ouvido,Acessórios,5,1409.56,7047.81,NY,Entrega dentro do prazo previsto.
5454,2036-12-06,260,60,Tablet,Eletrônicos,4,1856.04,7424.16,CA,Sem reclamações.
5455,2036-12-07,620,66,Laptop,Eletrônicos,5,1438.27,7191.37,IL,Entrega rápida!
5456,2036-12-08,883,41,Fone de ouvido,Acessórios,1,850.11,850.11,CA,Produto com ótimo custo-benefício.
5457,2036-12-09,797,39,Fone de ouvido,Acessórios,1,71.24,71.24,NY,Produto cumpre o que promete
5458,2036-12-10,571,72,Tablet,Eletrônicos,3,1596.19,4788.56,CA,Muito satisfeito com a compra.
5459,2036-12-11,125,48,Smartphone,Eletrônicos,5,846.51,4232.53,TX,Excelente produto!
5460,2036-12-12,354,27,Fone de ouvido,Acessórios,1,1357.74,1357.74,NY,Entrega rápida!
5461,2036-12-13,273,64,Smartphone,Eletrônicos,2,254.88,509.76,NY,Entrega rápida!
5462,2036-12-14,619,59,Tablet,Eletrônicos,1,1787.39,1787.39,FL,Entrega rápida!
5463,2036-12-15,811,44,Laptop,Eletrônicos,5,899.53,4497.66,IL,Muito satisfeito com a compra.
5464,2036-12-16,245,51,Fone de ouvido,Acessórios,5,1843.4,9216.99,NY,Atendimento excepcional.
5465,2036-12-17,848,65,Laptop,Eletrônicos,1,1428.68,1428.68,CA,Produto com defeito
5466,2036-12-18,450,56,Smartphone,Eletrônicos,5,286.85,1434.26,TX,Entrega rápida!
5467,2036-12-19,930,41,Smartphone,Eletrônicos,5,1179.43,5897.17,CA,Entrega dentro do prazo previsto.
5468,2036-12-20,247,77,Laptop,Eletrônicos,2,1824.37,3648.74,CA,Entrega dentro do prazo previsto.
5469,2036-12-21,520,38,Tablet,Eletrônicos,3,1609.94,4829.83,TX,Entrega atrasada
5470,2036-12-22,141,32,Tablet,Eletrônicos,5,865.06,4325.31,FL,Produto ok.
5471,2036-12-23,362,34,Fone de ouvido,Acessórios,4,1912.38,7649.5,IL,Entrega dentro do prazo previsto.
5472,2036-12-24,8,71,Fone de ouvido,Acessórios,3,573.72,1721.17,NY,Produto ok.
5473,2036-12-25,478,62,Tablet,Eletrônicos,3,781.46,2344.38,IL,Excelente produto!
5474,2036-12-26,352,36,Tablet,Eletrônicos,4,1511.94,6047.77,FL,Entrega rápida!
5475,2036-12-27,996,70,Laptop,Eletrônicos,1,504.16,504.16,TX,Produto com ótimo custo-benefício.
5476,2036-12-28,495,42,Smartphone,Eletrônicos,2,1054.98,2109.96,IL,Excelente produto!
5477,2036-12-29,606,72,Smartphone,Eletrônicos,5,1471.14,7355.69,CA,Produto com ótimo custo-benefício.
5478,2036-12-30,833,57,Fone de ouvido,Acessórios,1,1305.74,1305.74,NY,Excelente produto!
5479,2036-12-31,427,39,Tablet,Eletrônicos,4,352.97,1411.89,NY,Muito satisfeito com a compra.
5480,2037-01-01,39,58,Laptop,Eletrônicos,2,1277.84,2555.68,FL,Entrega dentro do prazo previsto.
5481,2037-01-02,593,68,Fone de ouvido,Acessórios,2,1166.79,2333.57,FL,Qualidade inferior ao anunciado
5482,2037-01-03,187,66,Laptop,Eletrônicos,2,1137.8,2275.59,TX,Excelente produto!
5483,2037-01-04,596,59,Tablet,Eletrônicos,4,1660.79,6643.17,FL,Muito satisfeito com a compra.
5484,2037-01-05,600,31,Tablet,Eletrônicos,1,408.6,408.6,IL,Entrega atrasada
5485,2037-01-06,754,79,Tablet,Eletrônicos,5,1515.55,7577.77,NY,Entrega dentro do prazo previsto.
5486,2037-01-07,854,78,Smartphone,Eletrônicos,2,1533.81,3067.61,TX,Produto ok.
5487,2037-01-08,93,77,Tablet,Eletrônicos,2,1459.16,2918.32,FL,Excelente produto!
5488,2037-01-09,86,45,Fone de ouvido,Acessórios,1,1036.64,1036.64,CA,Atendimento sem problema
5489,2037-01-10,44,29,Smartphone,Eletrônicos,2,821.3,1642.6,NY,Produto cumpre o que promete
5490,2037-01-11,137,44,Laptop,Eletrônicos,2,819.62,1639.24,TX,Muito satisfeito com a compra.
5491,2037-01-12,421,69,Fone de ouvido,Acessórios,4,1480.93,5923.71,NY,Produto com ótimo custo-benefício.
5492,2037-01-13,74,41,Fone de ouvido,Acessórios,3,1020.9,3062.7,IL,Muito satisfeito com a compra.
5493,2037-01-14,548,39,Laptop,Eletrônicos,1,709.95,709.95,FL,Entrega rápida!
5494,2037-01-15,613,56,Smartphone,Eletrônicos,1,1269.67,1269.67,FL,Produto com defeito
5495,2037-01-16,988,79,Fone de ouvido,Acessórios,1,1682.17,1682.17,FL,Muito satisfeito com a compra.
5496,2037-01-17,512,78,Fone de ouvido,Acessórios,4,169.94,679.77,CA,Produto cumpre o que promete
5497,2037-01-18,156,58,Fone de ouvido,Acessórios,4,1945.67,7782.67,IL,Entrega dentro do prazo previsto.
5498,2037-01-19,938,67,Smartphone,Eletrônicos,5,238.47,1192.36,CA,Entrega rápida!
5499,2037-01-20,255,56,Smartphone,Eletrônicos,4,1047.89,4191.56,IL,Atendimento sem problema
5500,2037-01-21,171,77,Smartphone,Eletrônicos,1,1142.41,1142.41,IL,Atendimento excepcional.
5501,2037-01-22,981,53,Fone de ouvido,Acessórios,5,319.51,1597.55,IL,Entrega rápida!
5502,2037-01-23,728,40,Tablet,Eletrônicos,3,1835.41,5506.22,FL,Péssimo atendimento
5503,2037-01-24,170,25,Laptop,Eletrônicos,2,969.36,1938.72,FL,Excelente produto!
5504,2037-01-25,764,45,Tablet,Eletrônicos,2,329.09,658.17,FL,Atendimento excepcional.
5505,2037-01-26,872,67,Smartphone,Eletrônicos,5,1437.64,7188.22,CA,Atendimento sem problema
5506,2037-01-27,322,46,Fone de ouvido,Acessórios,3,1343.64,4030.92,TX,Atendimento sem problema
5507,2037-01-28,567,32,Fone de ouvido,Acessórios,2,1927.59,3855.18,IL,Sem reclamações.
5508,2037-01-29,456,56,Tablet,Eletrônicos,5,910.96,4554.78,CA,Produto ok.
5509,2037-01-30,944,25,Tablet,Eletrônicos,4,572.2,2288.81,FL,Excelente produto!
5510,2037-01-31,603,45,Laptop,Eletrônicos,1,166.99,166.99,FL,Produto cumpre o que promete
5511,2037-02-01,790,50,Fone de ouvido,Acessórios,3,1479.59,4438.76,TX,Atendimento sem problema
5512,2037-02-02,613,28,Tablet,Eletrônicos,2,1253.69,2507.38,FL,Produto com ótimo custo-benefício.
5513,2037-02-03,155,59,Laptop,Eletrônicos,1,1946.59,1946.59,IL,Produto com ótimo custo-benefício.
5514,2037-02-04,889,54,Smartphone,Eletrônicos,5,1438.72,7193.61,NY,Excelente produto!
5515,2037-02-05,349,79,Tablet,Eletrônicos,2,1869.66,3739.33,FL,Produto com ótimo custo-benefício.
5516,2037-02-06,451,42,Smartphone,Eletrônicos,1,1983.58,1983.58,TX,Muito satisfeito com a compra.
5517,2037-02-07,876,51,Laptop,Eletrônicos,4,885.44,3541.76,NY,Entrega dentro do prazo previsto.
5518,2037-02-08,653,39,Smartphone,Eletrônicos,3,343.08,1029.23,IL,Arrependido da compra
5519,2037-02-09,173,19,Fone de ouvido,Acessórios,5,431.91,2159.55,IL,Sem reclamações.
5520,2037-02-10,10,68,Fone de ouvido,Acessórios,2,670.83,1341.66,IL,Sem reclamações.
5521,2037-02-11,740,33,Smartphone,Eletrônicos,4,1042.35,4169.39,TX,Entrega rápida!
5522,2037-02-12,265,28,Fone de ouvido,Acessórios,3,288.72,866.16,NY,Excelente produto!
5523,2037-02-13,438,31,Laptop,Eletrônicos,3,638.35,1915.05,IL,Arrependido da compra
5524,2037-02-14,760,49,Fone de ouvido,Acessórios,4,650.2,2600.79,FL,Sem reclamações.
5525,2037-02-15,247,39,Smartphone,Eletrônicos,2,57.97,115.93,NY,Muito satisfeito com a compra.
5526,2037-02-16,667,22,Smartphone,Eletrônicos,3,740.63,2221.89,IL,Entrega dentro do prazo previsto.
5527,2037-02-17,546,53,Smartphone,Eletrônicos,5,276.5,1382.48,NY,Muito satisfeito com a compra.
5528,2037-02-18,499,40,Tablet,Eletrônicos,1,887.94,887.94,FL,Produto com ótimo custo-benefício.
5529,2037-02-19,129,79,Smartphone,Eletrônicos,5,433.25,2166.23,CA,Produto ok.
5530,2037-02-20,672,36,Laptop,Eletrônicos,3,1653.12,4959.37,IL,Sem reclamações.
5531,2037-02-21,601,46,Fone de ouvido,Acessórios,1,207.02,207.02,FL,Excelente produto!
5532,2037-02-22,605,59,Fone de ouvido,Acessórios,4,1738.04,6952.15,TX,Muito satisfeito com a compra.
5533,2037-02-23,327,40,Tablet,Eletrônicos,1,1182.03,1182.03,IL,Muito satisfeito com a compra.
5534,2037-02-24,753,77,Tablet,Eletrônicos,1,944.35,944.35,CA,Atendimento sem problema
5535,2037-02-25,835,26,Laptop,Eletrônicos,1,1122.0,1122.0,FL,Excelente produto!
5536,2037-02-26,980,35,Smartphone,Eletrônicos,3,783.41,2350.24,FL,Péssimo atendimento
5537,2037-02-27,404,48,Tablet,Eletrônicos,2,298.84,597.69,NY,Atendimento sem problema
5538,2037-02-28,629,54,Fone de ouvido,Acessórios,3,1543.47,4630.4,IL,Excelente produto!
5539,2037-03-01,606,34,Tablet,Eletrônicos,2,1859.43,3718.86,CA,Produto ok.
5540,2037-03-02,675,72,Tablet,Eletrônicos,4,1902.63,7610.53,TX,Excelente produto!
5541,2037-03-03,611,35,Smartphone,Eletrônicos,4,1357.89,5431.55,NY,Atendimento excepcional.
5542,2037-03-04,625,44,Tablet,Eletrônicos,4,850.18,3400.71,IL,Produto com ótimo custo-benefício.
5543,2037-03-05,359,38,Laptop,Eletrônicos,4,982.8,3931.21,CA,Péssimo atendimento
5544,2037-03-06,603,18,Fone de ouvido,Acessórios,4,1331.08,5324.33,NY,Muito satisfeito com a compra.
5545,2037-03-07,858,49,Smartphone,Eletrônicos,5,1654.99,8274.96,CA,Entrega dentro do prazo previsto.
5546,2037-03-08,718,31,Fone de ouvido,Acessórios,3,780.41,2341.22,CA,Atendimento excepcional.
5547,2037-03-09,17,76,Laptop,Eletrônicos,2,1837.72,3675.45,NY,Muito satisfeito com a compra.
5548,2037-03-10,274,63,Laptop,Eletrônicos,4,682.33,2729.32,NY,Produto cumpre o que promete
5549,2037-03-11,685,31,Tablet,Eletrônicos,5,1085.18,5425.88,IL,Produto ok.
5550,2037-03-12,116,50,Tablet,Eletrônicos,5,1924.66,9623.28,NY,Entrega rápida!
5551,2037-03-13,861,53,Tablet,Eletrônicos,5,1879.49,9397.44,IL,Entrega rápida!
5552,2037-03-14,980,72,Fone de ouvido,Acessórios,3,1406.7,4220.11,CA,Muito satisfeito com a compra.
5553,2037-03-15,693,56,Laptop,Eletrônicos,4,682.89,2731.57,NY,Atendimento excepcional.
5554,2037-03-16,91,73,Smartphone,Eletrônicos,5,477.12,2385.59,IL,Produto cumpre o que promete
5555,2037-03-17,82,29,Tablet,Eletrônicos,5,206.28,1031.4,IL,Atendimento excepcional.
5556,2037-03-18,324,62,Fone de ouvido,Acessórios,4,1431.88,5727.5,TX,Sem reclamações.
5557,2037-03-19,961,42,Tablet,Eletrônicos,3,1031.73,3095.19,IL,Produto cumpre o que promete
5558,2037-03-20,114,32,Laptop,Eletrônicos,5,1165.96,5829.81,IL,Entrega rápida!
5559,2037-03-21,769,37,Smartphone,Eletrônicos,2,971.16,1942.33,TX,Entrega rápida!
5560,2037-03-22,58,51,Laptop,Eletrônicos,1,991.75,991.75,FL,Produto com ótimo custo-benefício.
5561,2037-03-23,154,75,Fone de ouvido,Acessórios,1,1163.98,1163.98,NY,Atendimento excepcional.
5562,2037-03-24,877,77,Tablet,Eletrônicos,1,1832.81,1832.81,TX,Produto cumpre o que promete
5563,2037-03-25,404,31,Laptop,Eletrônicos,3,107.26,321.79,IL,Entrega rápida!
5564,2037-03-26,628,47,Fone de ouvido,Acessórios,5,1613.19,8065.96,IL,Entrega dentro do prazo previsto.
5565,2037-03-27,855,61,Tablet,Eletrônicos,1,811.51,811.51,NY,Excelente produto!
5566,2037-03-28,266,30,Smartphone,Eletrônicos,1,1502.6,1502.6,CA,Excelente produto!
5567,2037-03-29,315,31,Laptop,Eletrônicos,4,1899.63,7598.51,TX,Produto com ótimo custo-benefício.
5568,2037-03-30,715,46,Tablet,Eletrônicos,5,647.26,3236.3,FL,Entrega dentro do prazo previsto.
5569,2037-03-31,41,43,Tablet,Eletrônicos,5,224.63,1123.16,NY,Produto com ótimo custo-benefício.
5570,2037-04-01,105,20,Tablet,Eletrônicos,4,502.98,2011.93,NY,Produto cumpre o que promete
5571,2037-04-02,901,42,Tablet,Eletrônicos,5,483.08,2415.41,TX,Atendimento excepcional.
5572,2037-04-03,890,44,Laptop,Eletrônicos,2,1496.61,2993.21,IL,Entrega rápida!
5573,2037-04-04,193,62,Tablet,Eletrônicos,3,170.62,511.87,IL,Muito satisfeito com a compra.
5574,2037-04-05,401,57,Fone de ouvido,Acessórios,4,149.32,597.28,FL,Produto com ótimo custo-benefício.
5575,2037-04-06,278,33,Laptop,Eletrônicos,1,1402.54,1402.54,TX,Sem reclamações.
5576,2037-04-07,354,55,Tablet,Eletrônicos,5,1135.6,5678.02,NY,Atendimento excepcional.
5577,2037-04-08,749,28,Laptop,Eletrônicos,2,864.65,1729.29,TX,Produto com ótimo custo-benefício.
5578,2037-04-09,937,46,Fone de ouvido,Acessórios,2,1171.97,2343.94,CA,Produto cumpre o que promete
5579,2037-04-10,733,64,Fone de ouvido,Acessórios,3,1483.73,4451.2,NY,Excelente produto!
5580,2037-04-11,580,68,Laptop,Eletrônicos,2,251.77,503.54,FL,Entrega rápida!
5581,2037-04-12,709,75,Tablet,Eletrônicos,5,1128.91,5644.54,FL,Produto ok.
5582,2037-04-13,256,41,Tablet,Eletrônicos,5,1657.61,8288.06,NY,Produto com ótimo custo-benefício.
5583,2037-04-14,651,46,Fone de ouvido,Acessórios,2,756.74,1513.47,IL,Produto com defeito
5584,2037-04-15,824,51,Tablet,Eletrônicos,5,1537.89,7689.43,NY,Produto com ótimo custo-benefício.
5585,2037-04-16,947,28,Fone de ouvido,Acessórios,5,1698.57,8492.85,NY,Muito satisfeito com a compra.
5586,2037-04-17,661,37,Tablet,Eletrônicos,1,1650.81,1650.81,CA,Entrega atrasada
5587,2037-04-18,99,37,Fone de ouvido,Acessórios,4,1318.19,5272.78,NY,Sem reclamações.
5588,2037-04-19,588,26,Smartphone,Eletrônicos,5,1448.82,7244.11,TX,Atendimento excepcional.
5589,2037-04-20,282,73,Tablet,Eletrônicos,5,1585.97,7929.83,TX,Entrega rápida!
5590,2037-04-21,883,40,Tablet,Eletrônicos,3,1480.73,4442.2,FL,Excelente produto!
5591,2037-04-22,403,53,Tablet,Eletrônicos,4,930.78,3723.11,IL,Produto com ótimo custo-benefício.
5592,2037-04-23,109,72,Laptop,Eletrônicos,4,360.29,1441.14,FL,Entrega dentro do prazo previsto.
5593,2037-04-24,700,66,Tablet,Eletrônicos,4,653.97,2615.9,CA,Atendimento excepcional.
5594,2037-04-25,199,44,Laptop,Eletrônicos,2,454.13,908.26,NY,Muito satisfeito com a compra.
5595,2037-04-26,303,41,Laptop,Eletrônicos,1,754.82,754.82,FL,Atendimento excepcional.
5596,2037-04-27,327,57,Fone de ouvido,Acessórios,1,1004.2,1004.2,NY,Excelente produto!
5597,2037-04-28,154,42,Laptop,Eletrônicos,3,1920.14,5760.42,FL,Produto com ótimo custo-benefício.
5598,2037-04-29,552,42,Laptop,Eletrônicos,4,1920.95,7683.81,NY,Produto com ótimo custo-benefício.
5599,2037-04-30,645,65,Smartphone,Eletrônicos,4,1550.7,6202.79,FL,Produto ok.
5600,2037-05-01,405,50,Tablet,Eletrônicos,5,1961.27,9806.37,TX,Produto com ótimo custo-benefício.
5601,2037-05-02,462,48,Laptop,Eletrônicos,2,1996.13,3992.26,CA,Entrega rápida!
5602,2037-05-03,132,27,Tablet,Eletrônicos,2,1776.25,3552.5,FL,Entrega atrasada
5603,2037-05-04,791,56,Laptop,Eletrônicos,3,205.03,615.1,TX,Produto ok.
5604,2037-05-05,874,32,Fone de ouvido,Acessórios,1,880.79,880.79,IL,Excelente produto!
5605,2037-05-06,84,18,Smartphone,Eletrônicos,4,1091.53,4366.14,FL,Péssimo atendimento
5606,2037-05-07,399,71,Laptop,Eletrônicos,3,291.96,875.88,NY,Atendimento sem problema
5607,2037-05-08,754,33,Tablet,Eletrônicos,2,1626.83,3253.66,CA,Muito satisfeito com a compra.
5608,2037-05-09,628,38,Fone de ouvido,Acessórios,2,339.93,679.87,TX,Produto ok.
5609,2037-05-10,109,76,Tablet,Eletrônicos,2,797.49,1594.98,TX,Atendimento excepcional.
5610,2037-05-11,221,19,Fone de ouvido,Acessórios,4,184.38,737.52,CA,Excelente produto!
5611,2037-05-12,904,78,Smartphone,Eletrônicos,4,1072.96,4291.83,FL,Excelente produto!
5612,2037-05-13,553,20,Fone de ouvido,Acessórios,4,1214.23,4856.92,NY,Entrega rápida!
5613,2037-05-14,368,32,Tablet,Eletrônicos,5,1483.59,7417.97,IL,Produto com ótimo custo-benefício.
5614,2037-05-15,147,49,Tablet,Eletrônicos,1,711.95,711.95,FL,Produto ok.
5615,2037-05-16,112,73,Laptop,Eletrônicos,2,1201.54,2403.07,CA,Produto com ótimo custo-benefício.
5616,2037-05-17,615,67,Fone de ouvido,Acessórios,2,1481.59,2963.17,FL,Péssimo atendimento
5617,2037-05-18,558,64,Tablet,Eletrônicos,5,1535.97,7679.84,FL,Produto ok.
5618,2037-05-19,924,44,Laptop,Eletrônicos,2,638.2,1276.4,CA,Sem reclamações.
5619,2037-05-20,494,53,Smartphone,Eletrônicos,2,182.02,364.05,CA,Entrega rápida!
5620,2037-05-21,505,52,Tablet,Eletrônicos,4,123.36,493.43,IL,Sem reclamações.
5621,2037-05-22,475,77,Laptop,Eletrônicos,4,1547.72,6190.87,CA,Entrega rápida!
5622,2037-05-23,836,56,Tablet,Eletrônicos,1,801.61,801.61,CA,Produto ok.
5623,2037-05-24,890,41,Fone de ouvido,Acessórios,2,311.19,622.38,CA,Excelente produto!
5624,2037-05-25,271,69,Laptop,Eletrônicos,3,409.75,1229.26,TX,Atendimento sem problema
5625,2037-05-26,995,71,Fone de ouvido,Acessórios,2,1543.99,3087.99,CA,Entrega rápida!
5626,2037-05-27,421,68,Smartphone,Eletrônicos,2,1217.86,2435.72,CA,Produto cumpre o que promete
5627,2037-05-28,897,72,Fone de ouvido,Acessórios,1,1027.74,1027.74,CA,Sem reclamações.
5628,2037-05-29,707,25,Laptop,Eletrônicos,3,1264.86,3794.59,IL,Produto cumpre o que promete
5629,2037-05-30,367,24,Tablet,Eletrônicos,2,318.12,636.25,FL,Entrega rápida!
5630,2037-05-31,280,21,Laptop,Eletrônicos,3,672.13,2016.4,CA,Atendimento excepcional.
5631,2037-06-01,283,47,Fone de ouvido,Acessórios,4,779.42,3117.7,CA,Entrega rápida!
5632,2037-06-02,40,27,Fone de ouvido,Acessórios,4,663.27,2653.08,IL,Produto com ótimo custo-benefício.
5633,2037-06-03,959,77,Tablet,Eletrônicos,3,1735.61,5206.84,FL,Produto com ótimo custo-benefício.
5634,2037-06-04,189,42,Smartphone,Eletrônicos,2,1183.77,2367.54,IL,Atendimento excepcional.
5635,2037-06-05,164,59,Laptop,Eletrônicos,3,1472.18,4416.53,NY,Produto cumpre o que promete
5636,2037-06-06,994,64,Tablet,Eletrônicos,3,511.58,1534.73,NY,Entrega rápida!
5637,2037-06-07,989,49,Tablet,Eletrônicos,4,564.94,2259.78,NY,Arrependido da compra
5638,2037-06-08,536,73,Tablet,Eletrônicos,3,489.41,1468.22,CA,Atendimento excepcional.
5639,2037-06-09,536,71,Laptop,Eletrônicos,5,1391.56,6957.8,IL,Entrega dentro do prazo previsto.
5640,2037-06-10,4,49,Laptop,Eletrônicos,5,730.63,3653.15,CA,Entrega rápida!
5641,2037-06-11,835,67,Laptop,Eletrônicos,4,839.91,3359.66,NY,Péssimo atendimento
5642,2037-06-12,290,49,Smartphone,Eletrônicos,2,1432.79,2865.57,FL,Muito satisfeito com a compra.
5643,2037-06-13,953,27,Tablet,Eletrônicos,2,1945.01,3890.01,FL,Excelente produto!
5644,2037-06-14,433,72,Fone de ouvido,Acessórios,4,365.66,1462.63,IL,Entrega rápida!
5645,2037-06-15,471,26,Fone de ouvido,Acessórios,2,172.22,344.44,FL,Produto com ótimo custo-benefício.
5646,2037-06-16,181,42,Tablet,Eletrônicos,1,429.95,429.95,NY,Excelente produto!
5647,2037-06-17,248,42,Fone de ouvido,Acessórios,5,1483.17,7415.87,IL,Entrega dentro do prazo previsto.
5648,2037-06-18,628,58,Smartphone,Eletrônicos,1,429.52,429.52,IL,Muito satisfeito com a compra.
5649,2037-06-19,279,71,Smartphone,Eletrônicos,1,1189.49,1189.49,NY,Produto ok.
5650,2037-06-20,877,33,Laptop,Eletrônicos,1,1201.12,1201.12,NY,Atendimento sem problema
5651,2037-06-21,581,66,Laptop,Eletrônicos,4,624.13,2496.5,NY,Produto com defeito
5652,2037-06-22,863,33,Laptop,Eletrônicos,1,184.02,184.02,NY,Atendimento excepcional.
5653,2037-06-23,254,47,Laptop,Eletrônicos,3,828.44,2485.32,IL,Entrega rápida!
5654,2037-06-24,181,55,Laptop,Eletrônicos,2,414.23,828.46,FL,Atendimento excepcional.
5655,2037-06-25,830,22,Fone de ouvido,Acessórios,4,409.72,1638.89,NY,Muito satisfeito com a compra.
5656,2037-06-26,681,24,Fone de ouvido,Acessórios,3,1069.05,3207.14,TX,Excelente produto!
5657,2037-06-27,825,30,Laptop,Eletrônicos,3,1362.59,4087.76,IL,Atendimento excepcional.
5658,2037-06-28,509,25,Smartphone,Eletrônicos,5,197.06,985.3,CA,Muito satisfeito com a compra.
5659,2037-06-29,761,50,Fone de ouvido,Acessórios,5,1177.73,5888.63,FL,Produto cumpre o que promete
5660,2037-06-30,700,79,Smartphone,Eletrônicos,3,530.09,1590.28,IL,Produto com ótimo custo-benefício.
5661,2037-07-01,566,27,Smartphone,Eletrônicos,5,1362.93,6814.66,NY,Atendimento excepcional.
5662,2037-07-02,326,69,Tablet,Eletrônicos,2,1629.92,3259.84,TX,Entrega rápida!
5663,2037-07-03,357,37,Tablet,Eletrônicos,2,1623.68,3247.35,CA,Atendimento excepcional.
5664,2037-07-04,825,49,Laptop,Eletrônicos,5,771.23,3856.15,FL,Produto cumpre o que promete
5665,2037-07-05,650,46,Smartphone,Eletrônicos,1,1156.18,1156.18,NY,Produto cumpre o que promete
5666,2037-07-06,680,18,Fone de ouvido,Acessórios,3,1597.71,4793.12,IL,Péssimo atendimento
5667,2037-07-07,391,44,Tablet,Eletrônicos,2,168.58,337.16,IL,Produto cumpre o que promete
5668,2037-07-08,615,37,Tablet,Eletrônicos,5,1230.97,6154.84,FL,Excelente produto!
5669,2037-07-09,934,72,Smartphone,Eletrônicos,5,1681.22,8406.09,TX,Excelente produto!
5670,2037-07-10,85,31,Tablet,Eletrônicos,2,776.1,1552.19,NY,Arrependido da compra
5671,2037-07-11,317,32,Tablet,Eletrônicos,2,938.05,1876.09,FL,Produto ok.
5672,2037-07-12,212,23,Fone de ouvido,Acessórios,1,1412.52,1412.52,FL,Sem reclamações.
5673,2037-07-13,515,69,Smartphone,Eletrônicos,5,182.38,911.88,IL,Entrega dentro do prazo previsto.
5674,2037-07-14,384,19,Tablet,Eletrônicos,5,801.99,4009.95,FL,Atendimento excepcional.
5675,2037-07-15,691,77,Smartphone,Eletrônicos,4,626.64,2506.54,CA,Produto cumpre o que promete
5676,2037-07-16,342,46,Tablet,Eletrônicos,1,83.14,83.14,CA,Atendimento excepcional.
5677,2037-07-17,815,56,Fone de ouvido,Acessórios,2,432.15,864.29,NY,Produto com ótimo custo-benefício.
5678,2037-07-18,964,73,Smartphone,Eletrônicos,2,821.97,1643.95,FL,Produto com ótimo custo-benefício.
5679,2037-07-19,988,74,Tablet,Eletrônicos,3,434.99,1304.96,IL,Muito satisfeito com a compra.
5680,2037-07-20,844,74,Fone de ouvido,Acessórios,2,1224.68,2449.35,NY,Atendimento excepcional.
5681,2037-07-21,38,49,Tablet,Eletrônicos,5,924.87,4624.36,TX,Produto com ótimo custo-benefício.
5682,2037-07-22,511,79,Smartphone,Eletrônicos,2,126.99,253.98,IL,Atendimento excepcional.
5683,2037-07-23,420,69,Tablet,Eletrônicos,5,586.33,2931.64,TX,Excelente produto!
5684,2037-07-24,751,68,Smartphone,Eletrônicos,5,87.98,439.9,NY,Atendimento excepcional.
5685,2037-07-25,169,22,Smartphone,Eletrônicos,1,748.36,748.36,CA,Sem reclamações.
5686,2037-07-26,965,39,Tablet,Eletrônicos,2,555.26,1110.53,IL,Sem reclamações.
5687,2037-07-27,909,45,Fone de ouvido,Acessórios,1,1391.96,1391.96,IL,Produto com ótimo custo-benefício.
5688,2037-07-28,343,49,Laptop,Eletrônicos,5,649.44,3247.22,NY,Produto cumpre o que promete
5689,2037-07-29,826,46,Fone de ouvido,Acessórios,2,781.56,1563.12,IL,Muito satisfeito com a compra.
5690,2037-07-30,306,57,Fone de ouvido,Acessórios,2,1464.4,2928.8,IL,Excelente produto!
5691,2037-07-31,542,20,Tablet,Eletrônicos,1,987.79,987.79,NY,Produto com ótimo custo-benefício.
5692,2037-08-01,702,79,Fone de ouvido,Acessórios,1,1135.09,1135.09,FL,Excelente produto!
5693,2037-08-02,869,48,Fone de ouvido,Acessórios,5,1690.63,8453.13,NY,Sem reclamações.
5694,2037-08-03,537,30,Laptop,Eletrônicos,5,453.43,2267.16,IL,Produto com ótimo custo-benefício.
5695,2037-08-04,112,23,Fone de ouvido,Acessórios,2,1978.91,3957.82,NY,Atendimento excepcional.
5696,2037-08-05,411,38,Laptop,Eletrônicos,2,1805.2,3610.41,IL,Entrega rápida!
5697,2037-08-06,947,78,Tablet,Eletrônicos,4,608.78,2435.11,TX,Produto cumpre o que promete
5698,2037-08-07,206,72,Laptop,Eletrônicos,4,1791.23,7164.92,TX,Atendimento excepcional.
5699,2037-08-08,185,31,Smartphone,Eletrônicos,3,1520.21,4560.64,CA,Produto com defeito
5700,2037-08-09,382,42,Smartphone,Eletrônicos,5,1864.98,9324.88,NY,Péssimo atendimento
5701,2037-08-10,496,24,Laptop,Eletrônicos,3,1397.71,4193.14,NY,Entrega dentro do prazo previsto.
5702,2037-08-11,379,60,Smartphone,Eletrônicos,3,1365.23,4095.69,TX,Atendimento sem problema
5703,2037-08-12,47,39,Tablet,Eletrônicos,1,56.76,56.76,TX,Produto com ótimo custo-benefício.
5704,2037-08-13,886,49,Smartphone,Eletrônicos,1,975.49,975.49,TX,Entrega rápida!
5705,2037-08-14,740,58,Laptop,Eletrônicos,4,440.52,1762.1,CA,Produto com defeito
5706,2037-08-15,551,49,Tablet,Eletrônicos,3,681.96,2045.88,CA,Entrega rápida!
5707,2037-08-16,528,59,Smartphone,Eletrônicos,4,1958.69,7834.76,FL,Produto com ótimo custo-benefício.
5708,2037-08-17,504,69,Tablet,Eletrônicos,5,216.73,1083.64,NY,Entrega rápida!
5709,2037-08-18,22,47,Laptop,Eletrônicos,2,1458.85,2917.7,CA,Produto ok.
5710,2037-08-19,213,34,Smartphone,Eletrônicos,1,387.24,387.24,IL,Atendimento excepcional.
5711,2037-08-20,310,57,Tablet,Eletrônicos,5,64.43,322.16,NY,Atendimento excepcional.
5712,2037-08-21,661,71,Tablet,Eletrônicos,5,1027.77,5138.83,FL,Atendimento sem problema
5713,2037-08-22,968,55,Smartphone,Eletrônicos,1,364.37,364.37,TX,Excelente produto!
5714,2037-08-23,753,79,Tablet,Eletrônicos,1,1932.66,1932.66,FL,Atendimento excepcional.
5715,2037-08-24,272,38,Tablet,Eletrônicos,3,447.21,1341.63,NY,Atendimento excepcional.
5716,2037-08-25,571,43,Laptop,Eletrônicos,4,424.47,1697.88,TX,Atendimento excepcional.
5717,2037-08-26,799,60,Laptop,Eletrônicos,5,112.73,563.63,FL,Muito satisfeito com a compra.
5718,2037-08-27,938,20,Laptop,Eletrônicos,3,693.15,2079.44,FL,Atendimento excepcional.
5719,2037-08-28,202,55,Laptop,Eletrônicos,3,97.02,291.05,NY,Sem reclamações.
5720,2037-08-29,32,34,Laptop,Eletrônicos,5,1022.83,5114.14,CA,Entrega dentro do prazo previsto.
5721,2037-08-30,443,56,Laptop,Eletrônicos,5,1035.94,5179.7,IL,Produto com ótimo custo-benefício.
5722,2037-08-31,162,23,Smartphone,Eletrônicos,2,153.82,307.65,FL,Atendimento sem problema
5723,2037-09-01,767,38,Laptop,Eletrônicos,4,518.12,2072.49,IL,Muito satisfeito com a compra.
5724,2037-09-02,254,62,Tablet,Eletrônicos,5,1672.61,8363.04,NY,Excelente produto!
5725,2037-09-03,521,63,Smartphone,Eletrônicos,1,951.96,951.96,NY,Sem reclamações.
5726,2037-09-04,977,68,Tablet,Eletrônicos,2,897.49,1794.98,CA,Atendimento excepcional.
5727,2037-09-05,651,57,Laptop,Eletrônicos,4,1412.62,5650.46,TX,Produto ok.
5728,2037-09-06,480,30,Laptop,Eletrônicos,1,1444.02,1444.02,IL,Produto com ótimo custo-benefício.
5729,2037-09-07,10,69,Tablet,Eletrônicos,1,1535.83,1535.83,FL,Entrega rápida!
5730,2037-09-08,726,26,Tablet,Eletrônicos,4,1669.44,6677.76,TX,Entrega dentro do prazo previsto.
5731,2037-09-09,505,74,Tablet,Eletrônicos,2,502.89,1005.78,IL,Muito satisfeito com a compra.
5732,2037-09-10,785,22,Fone de ouvido,Acessórios,1,179.44,179.44,IL,Muito satisfeito com a compra.
5733,2037-09-11,836,60,Fone de ouvido,Acessórios,3,791.52,2374.55,TX,Muito satisfeito com a compra.
5734,2037-09-12,560,24,Fone de ouvido,Acessórios,4,1717.44,6869.76,TX,Muito satisfeito com a compra.
5735,2037-09-13,436,55,Fone de ouvido,Acessórios,4,202.16,808.62,CA,Atendimento sem problema
5736,2037-09-14,111,61,Smartphone,Eletrônicos,5,1173.11,5865.55,FL,Produto cumpre o que promete
5737,2037-09-15,153,61,Laptop,Eletrônicos,2,1417.11,2834.22,FL,Atendimento sem problema
5738,2037-09-16,635,55,Tablet,Eletrônicos,3,988.74,2966.23,FL,Entrega rápida!
5739,2037-09-17,917,48,Laptop,Eletrônicos,3,547.59,1642.78,TX,Entrega rápida!
5740,2037-09-18,869,21,Tablet,Eletrônicos,5,686.3,3431.52,CA,Entrega dentro do prazo previsto.
5741,2037-09-19,102,75,Laptop,Eletrônicos,1,189.72,189.72,NY,Atendimento excepcional.
5742,2037-09-20,753,30,Smartphone,Eletrônicos,1,620.54,620.54,CA,Atendimento excepcional.
5743,2037-09-21,833,61,Fone de ouvido,Acessórios,3,136.54,409.61,TX,Produto ok.
5744,2037-09-22,191,32,Laptop,Eletrônicos,2,1466.33,2932.67,CA,Atendimento excepcional.
5745,2037-09-23,729,57,Tablet,Eletrônicos,1,1801.09,1801.09,TX,Entrega dentro do prazo previsto.
5746,2037-09-24,563,30,Laptop,Eletrônicos,4,1285.35,5141.4,IL,Atendimento excepcional.
5747,2037-09-25,804,60,Smartphone,Eletrônicos,5,1330.57,6652.86,IL,Produto cumpre o que promete
5748,2037-09-26,81,60,Smartphone,Eletrônicos,2,970.68,1941.36,NY,Atendimento excepcional.
5749,2037-09-27,489,79,Laptop,Eletrônicos,1,354.27,354.27,IL,Sem reclamações.
5750,2037-09-28,895,60,Fone de ouvido,Acessórios,3,65.06,195.19,NY,Atendimento excepcional.
5751,2037-09-29,88,43,Tablet,Eletrônicos,5,720.75,3603.77,FL,Sem reclamações.
5752,2037-09-30,194,36,Smartphone,Eletrônicos,1,1515.4,1515.4,TX,Entrega rápida!
5753,2037-10-01,104,70,Smartphone,Eletrônicos,3,1922.84,5768.52,FL,Produto ok.
5754,2037-10-02,783,66,Laptop,Eletrônicos,1,890.62,890.62,FL,Atendimento sem problema
5755,2037-10-03,96,18,Smartphone,Eletrônicos,5,762.51,3812.56,NY,Excelente produto!
5756,2037-10-04,423,30,Smartphone,Eletrônicos,4,919.62,3678.48,TX,Produto com ótimo custo-benefício.
5757,2037-10-05,891,42,Tablet,Eletrônicos,4,884.16,3536.64,NY,Entrega atrasada
5758,2037-10-06,198,37,Fone de ouvido,Acessórios,3,1270.47,3811.4,CA,Muito satisfeito com a compra.
5759,2037-10-07,1,58,Tablet,Eletrônicos,4,1481.59,5926.35,FL,Produto cumpre o que promete
5760,2037-10-08,407,40,Fone de ouvido,Acessórios,5,1580.67,7903.34,TX,Muito satisfeito com a compra.
5761,2037-10-09,378,75,Tablet,Eletrônicos,3,1316.73,3950.19,FL,Atendimento sem problema
5762,2037-10-10,167,41,Laptop,Eletrônicos,1,903.56,903.56,CA,Atendimento excepcional.
5763,2037-10-11,509,60,Smartphone,Eletrônicos,2,1902.7,3805.4,CA,Atendimento sem problema
5764,2037-10-12,638,58,Fone de ouvido,Acessórios,1,1436.49,1436.49,TX,Produto com ótimo custo-benefício.
5765,2037-10-13,313,66,Laptop,Eletrônicos,5,881.98,4409.92,TX,Atendimento excepcional.
5766,2037-10-14,593,56,Smartphone,Eletrônicos,3,920.83,2762.5,CA,Excelente produto!
5767,2037-10-15,418,57,Smartphone,Eletrônicos,1,1645.06,1645.06,FL,Produto ok.
5768,2037-10-16,763,47,Smartphone,Eletrônicos,3,909.05,2727.16,IL,Produto com ótimo custo-benefício.
5769,2037-10-17,681,51,Tablet,Eletrônicos,4,1056.73,4226.93,FL,Entrega rápida!
5770,2037-10-18,477,63,Laptop,Eletrônicos,2,618.53,1237.05,IL,Sem reclamações.
5771,2037-10-19,73,27,Laptop,Eletrônicos,5,1685.88,8429.42,NY,Excelente produto!
5772,2037-10-20,141,58,Smartphone,Eletrônicos,1,1068.46,1068.46,TX,Produto cumpre o que promete
5773,2037-10-21,582,77,Fone de ouvido,Acessórios,2,1127.45,2254.89,CA,Atendimento sem problema
5774,2037-10-22,262,18,Laptop,Eletrônicos,5,1767.32,8836.59,NY,Muito satisfeito com a compra.
5775,2037-10-23,340,29,Tablet,Eletrônicos,5,1845.01,9225.04,FL,Muito satisfeito com a compra.
5776,2037-10-24,308,63,Fone de ouvido,Acessórios,4,1657.18,6628.71,IL,Atendimento sem problema
5777,2037-10-25,245,68,Fone de ouvido,Acessórios,3,177.47,532.42,TX,Muito satisfeito com a compra.
5778,2037-10-26,515,46,Fone de ouvido,Acessórios,3,914.84,2744.53,IL,Entrega dentro do prazo previsto.
5779,2037-10-27,337,28,Fone de ouvido,Acessórios,2,719.5,1438.99,FL,Produto com ótimo custo-benefício.
5780,2037-10-28,575,58,Laptop,Eletrônicos,4,466.35,1865.42,FL,Muito satisfeito com a compra.
5781,2037-10-29,561,34,Smartphone,Eletrônicos,5,1822.46,9112.3,CA,Muito satisfeito com a compra.
5782,2037-10-30,76,37,Fone de ouvido,Acessórios,4,1785.63,7142.54,NY,Produto com defeito
5783,2037-10-31,880,75,Tablet,Eletrônicos,4,957.33,3829.32,TX,Sem reclamações.
5784,2037-11-01,175,55,Tablet,Eletrônicos,2,312.39,624.79,CA,Muito satisfeito com a compra.
5785,2037-11-02,109,23,Smartphone,Eletrônicos,3,76.06,228.19,IL,Produto com defeito
5786,2037-11-03,183,79,Laptop,Eletrônicos,4,905.01,3620.04,NY,Produto com ótimo custo-benefício.
5787,2037-11-04,192,37,Smartphone,Eletrônicos,4,127.91,511.65,TX,Produto ok.
5788,2037-11-05,65,27,Fone de ouvido,Acessórios,4,1238.63,4954.54,IL,Produto cumpre o que promete
5789,2037-11-06,849,27,Laptop,Eletrônicos,1,1236.4,1236.4,TX,Produto cumpre o que promete
5790,2037-11-07,963,48,Laptop,Eletrônicos,4,1802.93,7211.73,TX,Entrega rápida!
5791,2037-11-08,474,43,Fone de ouvido,Acessórios,4,420.6,1682.38,NY,Muito satisfeito com a compra.
5792,2037-11-09,783,75,Tablet,Eletrônicos,5,774.22,3871.09,IL,Produto cumpre o que promete
5793,2037-11-10,100,34,Fone de ouvido,Acessórios,1,1726.11,1726.11,CA,Produto com ótimo custo-benefício.
5794,2037-11-11,544,70,Smartphone,Eletrônicos,4,974.88,3899.51,CA,Produto com ótimo custo-benefício.
5795,2037-11-12,864,31,Fone de ouvido,Acessórios,4,166.46,665.84,CA,Produto cumpre o que promete
5796,2037-11-13,128,22,Tablet,Eletrônicos,2,266.03,532.06,TX,Produto ok.
5797,2037-11-14,452,20,Fone de ouvido,Acessórios,2,1636.24,3272.47,FL,Entrega rápida!
5798,2037-11-15,914,60,Smartphone,Eletrônicos,1,1500.21,1500.21,NY,Excelente produto!
5799,2037-11-16,369,68,Smartphone,Eletrônicos,5,1757.97,8789.84,CA,Entrega rápida!
5800,2037-11-17,851,37,Tablet,Eletrônicos,1,281.78,281.78,NY,Produto cumpre o que promete
5801,2037-11-18,43,68,Smartphone,Eletrônicos,1,1532.81,1532.81,TX,Produto ok.
5802,2037-11-19,884,63,Smartphone,Eletrônicos,2,1327.45,2654.91,NY,Produto cumpre o que promete
5803,2037-11-20,419,32,Fone de ouvido,Acessórios,2,502.97,1005.94,CA,Entrega dentro do prazo previsto.
5804,2037-11-21,488,20,Laptop,Eletrônicos,5,1949.11,9745.57,CA,Atendimento sem problema
5805,2037-11-22,78,20,Smartphone,Eletrônicos,4,1162.19,4648.77,TX,Excelente produto!
5806,2037-11-23,826,40,Smartphone,Eletrônicos,5,1818.41,9092.06,TX,Atendimento excepcional.
5807,2037-11-24,801,26,Tablet,Eletrônicos,4,1725.23,6900.93,IL,Entrega dentro do prazo previsto.
5808,2037-11-25,270,28,Tablet,Eletrônicos,3,699.59,2098.78,TX,Produto com ótimo custo-benefício.
5809,2037-11-26,674,64,Fone de ouvido,Acessórios,2,1095.12,2190.23,FL,Produto com defeito
5810,2037-11-27,701,78,Fone de ouvido,Acessórios,3,891.17,2673.5,FL,Entrega dentro do prazo previsto.
5811,2037-11-28,759,66,Smartphone,Eletrônicos,3,1432.7,4298.1,CA,Excelente produto!
5812,2037-11-29,900,73,Laptop,Eletrônicos,2,1196.68,2393.36,TX,Excelente produto!
5813,2037-11-30,728,75,Laptop,Eletrônicos,3,1580.46,4741.39,FL,Muito satisfeito com a compra.
5814,2037-12-01,315,61,Fone de ouvido,Acessórios,1,72.92,72.92,FL,Produto cumpre o que promete
5815,2037-12-02,925,66,Tablet,Eletrônicos,4,1391.2,5564.79,IL,Sem reclamações.
5816,2037-12-03,851,58,Smartphone,Eletrônicos,5,672.18,3360.89,TX,Excelente produto!
5817,2037-12-04,902,30,Smartphone,Eletrônicos,2,487.23,974.47,IL,Entrega dentro do prazo previsto.
5818,2037-12-05,889,25,Laptop,Eletrônicos,1,1612.42,1612.42,NY,Produto cumpre o que promete
5819,2037-12-06,993,39,Fone de ouvido,Acessórios,5,223.98,1119.91,IL,Entrega rápida!
5820,2037-12-07,945,55,Laptop,Eletrônicos,5,495.5,2477.49,NY,Entrega rápida!
5821,2037-12-08,168,44,Laptop,Eletrônicos,5,447.28,2236.41,NY,Produto com ótimo custo-benefício.
5822,2037-12-09,339,43,Fone de ouvido,Acessórios,3,868.66,2605.98,TX,Excelente produto!
5823,2037-12-10,193,40,Tablet,Eletrônicos,3,678.56,2035.67,NY,Entrega rápida!
5824,2037-12-11,453,73,Smartphone,Eletrônicos,3,1454.91,4364.74,NY,Excelente produto!
5825,2037-12-12,283,78,Tablet,Eletrônicos,3,1413.77,4241.31,IL,Qualidade inferior ao anunciado
5826,2037-12-13,336,56,Fone de ouvido,Acessórios,1,684.67,684.67,TX,Muito satisfeito com a compra.
5827,2037-12-14,390,48,Fone de ouvido,Acessórios,3,902.11,2706.34,TX,Entrega rápida!
5828,2037-12-15,1000,46,Smartphone,Eletrônicos,2,455.42,910.84,NY,Excelente produto!
5829,2037-12-16,525,18,Tablet,Eletrônicos,5,1358.13,6790.64,IL,Atendimento sem problema
5830,2037-12-17,240,27,Smartphone,Eletrônicos,1,822.63,822.63,IL,Produto cumpre o que promete
5831,2037-12-18,832,64,Laptop,Eletrônicos,3,309.01,927.03,IL,Sem reclamações.
5832,2037-12-19,958,78,Laptop,Eletrônicos,5,298.17,1490.84,IL,Sem reclamações.
5833,2037-12-20,483,63,Laptop,Eletrônicos,1,678.53,678.53,CA,Produto com ótimo custo-benefício.
5834,2037-12-21,659,21,Tablet,Eletrônicos,5,1507.28,7536.42,NY,Entrega rápida!
5835,2037-12-22,716,48,Laptop,Eletrônicos,1,99.73,99.73,NY,Sem reclamações.
5836,2037-12-23,592,21,Smartphone,Eletrônicos,4,552.66,2210.64,NY,Muito satisfeito com a compra.
5837,2037-12-24,891,46,Tablet,Eletrônicos,1,366.85,366.85,TX,Produto cumpre o que promete
5838,2037-12-25,555,26,Smartphone,Eletrônicos,3,1915.13,5745.4,TX,Produto com ótimo custo-benefício.
5839,2037-12-26,458,32,Fone de ouvido,Acessórios,5,1425.3,7126.5,IL,Atendimento sem problema
5840,2037-12-27,89,61,Tablet,Eletrônicos,5,504.8,2524.02,TX,Excelente produto!
5841,2037-12-28,660,58,Smartphone,Eletrônicos,5,454.55,2272.74,FL,Produto com ótimo custo-benefício.
5842,2037-12-29,95,20,Smartphone,Eletrônicos,2,1723.16,3446.32,NY,Atendimento excepcional.
5843,2037-12-30,452,76,Tablet,Eletrônicos,2,420.94,841.88,NY,Atendimento sem problema
5844,2037-12-31,428,32,Fone de ouvido,Acessórios,3,1994.27,5982.8,CA,Excelente produto!
5845,2038-01-01,151,74,Tablet,Eletrônicos,4,600.49,2401.96,CA,Atendimento excepcional.
5846,2038-01-02,514,70,Laptop,Eletrônicos,2,214.45,428.9,FL,Muito satisfeito com a compra.
5847,2038-01-03,376,28,Laptop,Eletrônicos,1,1397.34,1397.34,CA,Entrega rápida!
5848,2038-01-04,22,23,Fone de ouvido,Acessórios,3,1238.8,3716.41,IL,Muito satisfeito com a compra.
5849,2038-01-05,883,64,Smartphone,Eletrônicos,4,1999.65,7998.61,IL,Excelente produto!
5850,2038-01-06,313,24,Smartphone,Eletrônicos,1,1614.07,1614.07,NY,Produto cumpre o que promete
5851,2038-01-07,997,68,Smartphone,Eletrônicos,5,886.23,4431.16,IL,Sem reclamações.
5852,2038-01-08,840,63,Tablet,Eletrônicos,2,1369.39,2738.78,CA,Excelente produto!
5853,2038-01-09,519,21,Tablet,Eletrônicos,1,1644.81,1644.81,FL,Muito satisfeito com a compra.
5854,2038-01-10,206,38,Fone de ouvido,Acessórios,4,1051.77,4207.07,IL,Entrega rápida!
5855,2038-01-11,952,18,Laptop,Eletrônicos,3,582.1,1746.3,NY,Muito satisfeito com a compra.
5856,2038-01-12,375,73,Smartphone,Eletrônicos,1,459.71,459.71,NY,Sem reclamações.
5857,2038-01-13,451,76,Laptop,Eletrônicos,3,625.8,1877.4,CA,Muito satisfeito com a compra.
5858,2038-01-14,626,40,Tablet,Eletrônicos,5,1703.73,8518.67,IL,Produto ok.
5859,2038-01-15,784,30,Tablet,Eletrônicos,4,791.84,3167.37,CA,Atendimento excepcional.
5860,2038-01-16,595,60,Tablet,Eletrônicos,4,609.0,2435.98,NY,Produto com ótimo custo-benefício.
5861,2038-01-17,179,45,Laptop,Eletrônicos,2,1621.48,3242.96,FL,Produto com defeito
5862,2038-01-18,210,46,Fone de ouvido,Acessórios,4,112.24,448.98,IL,Produto com ótimo custo-benefício.
5863,2038-01-19,500,35,Fone de ouvido,Acessórios,1,1208.22,1208.22,FL,Produto com ótimo custo-benefício.
5864,2038-01-20,464,40,Tablet,Eletrônicos,1,1753.58,1753.58,IL,Muito satisfeito com a compra.
5865,2038-01-21,840,45,Smartphone,Eletrônicos,1,849.66,849.66,NY,Entrega rápida!
5866,2038-01-22,124,26,Laptop,Eletrônicos,5,575.17,2875.85,IL,Produto com ótimo custo-benefício.
5867,2038-01-23,993,70,Tablet,Eletrônicos,4,1008.83,4035.33,NY,Atendimento sem problema
5868,2038-01-24,113,79,Laptop,Eletrônicos,4,1449.08,5796.32,TX,Qualidade inferior ao anunciado
5869,2038-01-25,12,60,Laptop,Eletrônicos,1,1057.38,1057.38,NY,Entrega dentro do prazo previsto.
5870,2038-01-26,126,23,Fone de ouvido,Acessórios,2,64.9,129.79,NY,Muito satisfeito com a compra.
5871,2038-01-27,565,33,Tablet,Eletrônicos,2,202.73,405.47,IL,Arrependido da compra
5872,2038-01-28,331,54,Fone de ouvido,Acessórios,4,1456.59,5826.36,FL,Produto ok.
5873,2038-01-29,901,18,Tablet,Eletrônicos,4,829.91,3319.62,NY,Produto com ótimo custo-benefício.
5874,2038-01-30,283,39,Laptop,Eletrônicos,3,1580.31,4740.94,IL,Excelente produto!
5875,2038-01-31,140,63,Fone de ouvido,Acessórios,4,1316.51,5266.02,NY,Produto cumpre o que promete
5876,2038-02-01,401,79,Laptop,Eletrônicos,1,1183.96,1183.96,CA,Entrega dentro do prazo previsto.
5877,2038-02-02,902,40,Tablet,Eletrônicos,5,1807.68,9038.41,CA,Atendimento excepcional.
5878,2038-02-03,97,38,Smartphone,Eletrônicos,4,91.58,366.31,CA,Muito satisfeito com a compra.
5879,2038-02-04,517,68,Fone de ouvido,Acessórios,4,352.32,1409.27,CA,Arrependido da compra
5880,2038-02-05,569,48,Fone de ouvido,Acessórios,1,1267.53,1267.53,FL,Atendimento excepcional.
5881,2038-02-06,924,55,Laptop,Eletrônicos,3,178.36,535.09,NY,Entrega rápida!
5882,2038-02-07,846,45,Laptop,Eletrônicos,4,1307.69,5230.77,CA,Produto com defeito
5883,2038-02-08,69,61,Smartphone,Eletrônicos,2,1969.04,3938.07,IL,Excelente produto!
5884,2038-02-09,118,44,Fone de ouvido,Acessórios,2,1763.68,3527.35,CA,Qualidade inferior ao anunciado
5885,2038-02-10,888,56,Tablet,Eletrônicos,2,1202.29,2404.58,TX,Sem reclamações.
5886,2038-02-11,59,59,Tablet,Eletrônicos,5,1793.25,8966.27,TX,Produto com ótimo custo-benefício.
5887,2038-02-12,33,59,Fone de ouvido,Acessórios,5,276.72,1383.61,FL,Atendimento excepcional.
5888,2038-02-13,318,77,Fone de ouvido,Acessórios,4,936.65,3746.61,TX,Produto com ótimo custo-benefício.
5889,2038-02-14,50,79,Fone de ouvido,Acessórios,4,885.92,3543.67,IL,Excelente produto!
5890,2038-02-15,880,74,Smartphone,Eletrônicos,4,706.07,2824.29,CA,Produto ok.
5891,2038-02-16,489,30,Tablet,Eletrônicos,5,50.39,251.96,TX,Atendimento excepcional.
5892,2038-02-17,19,49,Tablet,Eletrônicos,4,1787.51,7150.03,TX,Atendimento sem problema
5893,2038-02-18,726,24,Laptop,Eletrônicos,1,1566.53,1566.53,FL,Sem reclamações.
5894,2038-02-19,197,68,Laptop,Eletrônicos,3,1323.07,3969.22,TX,Atendimento excepcional.
5895,2038-02-20,891,50,Fone de ouvido,Acessórios,2,301.49,602.97,CA,Qualidade inferior ao anunciado
5896,2038-02-21,450,64,Laptop,Eletrônicos,2,787.5,1575.0,NY,Produto cumpre o que promete
5897,2038-02-22,990,63,Smartphone,Eletrônicos,1,1852.44,1852.44,CA,Qualidade inferior ao anunciado
5898,2038-02-23,559,30,Tablet,Eletrônicos,4,1253.01,5012.05,TX,Entrega rápida!
5899,2038-02-24,679,49,Tablet,Eletrônicos,5,1226.65,6133.25,TX,Produto ok.
5900,2038-02-25,452,24,Laptop,Eletrônicos,4,1830.6,7322.39,TX,Atendimento excepcional.
5901,2038-02-26,289,29,Fone de ouvido,Acessórios,4,1141.68,4566.7,FL,Entrega atrasada
5902,2038-02-27,141,57,Laptop,Eletrônicos,2,1215.37,2430.73,IL,Atendimento excepcional.
5903,2038-02-28,84,32,Fone de ouvido,Acessórios,2,724.15,1448.29,CA,Excelente produto!
5904,2038-03-01,694,76,Smartphone,Eletrônicos,5,774.31,3871.55,TX,Excelente produto!
5905,2038-03-02,391,66,Tablet,Eletrônicos,2,1386.93,2773.87,NY,Muito satisfeito com a compra.
5906,2038-03-03,591,38,Smartphone,Eletrônicos,4,674.85,2699.39,FL,Excelente produto!
5907,2038-03-04,215,29,Tablet,Eletrônicos,1,1140.26,1140.26,IL,Excelente produto!
5908,2038-03-05,526,77,Smartphone,Eletrônicos,5,594.43,2972.17,TX,Produto ok.
5909,2038-03-06,215,30,Laptop,Eletrônicos,1,373.94,373.94,CA,Produto com ótimo custo-benefício.
5910,2038-03-07,403,57,Smartphone,Eletrônicos,4,936.08,3744.34,NY,Produto com ótimo custo-benefício.
5911,2038-03-08,128,59,Smartphone,Eletrônicos,5,474.02,2370.1,FL,Produto ok.
5912,2038-03-09,822,56,Laptop,Eletrônicos,1,1802.06,1802.06,CA,Produto com ótimo custo-benefício.
5913,2038-03-10,477,19,Tablet,Eletrônicos,5,642.05,3210.23,CA,Péssimo atendimento
5914,2038-03-11,760,46,Tablet,Eletrônicos,4,1214.93,4859.74,FL,Entrega rápida!
5915,2038-03-12,404,78,Laptop,Eletrônicos,5,563.71,2818.56,CA,Entrega rápida!
5916,2038-03-13,29,65,Smartphone,Eletrônicos,4,553.14,2212.55,NY,Produto com ótimo custo-benefício.
5917,2038-03-14,792,46,Smartphone,Eletrônicos,5,733.74,3668.7,NY,Entrega atrasada
5918,2038-03-15,338,53,Smartphone,Eletrônicos,5,1835.96,9179.78,CA,Atendimento sem problema
5919,2038-03-16,831,55,Fone de ouvido,Acessórios,2,813.42,1626.84,TX,Sem reclamações.
5920,2038-03-17,714,24,Tablet,Eletrônicos,4,1651.47,6605.88,CA,Excelente produto!
5921,2038-03-18,361,47,Smartphone,Eletrônicos,3,434.73,1304.19,TX,Entrega atrasada
5922,2038-03-19,569,40,Tablet,Eletrônicos,5,143.93,719.65,CA,Produto com defeito
5923,2038-03-20,392,68,Smartphone,Eletrônicos,1,1574.27,1574.27,IL,Entrega rápida!
5924,2038-03-21,218,45,Laptop,Eletrônicos,2,1106.66,2213.31,NY,Produto cumpre o que promete
5925,2038-03-22,574,73,Laptop,Eletrônicos,2,1032.27,2064.53,CA,Péssimo atendimento
5926,2038-03-23,669,40,Tablet,Eletrônicos,5,580.8,2904.01,NY,Produto com ótimo custo-benefício.
5927,2038-03-24,202,53,Tablet,Eletrônicos,3,191.02,573.05,FL,Excelente produto!
5928,2038-03-25,17,59,Laptop,Eletrônicos,2,991.58,1983.15,IL,Atendimento sem problema
5929,2038-03-26,322,46,Fone de ouvido,Acessórios,4,1741.09,6964.37,TX,Muito satisfeito com a compra.
5930,2038-03-27,518,21,Laptop,Eletrônicos,5,284.04,1420.21,FL,Arrependido da compra
5931,2038-03-28,570,37,Smartphone,Eletrônicos,5,1861.88,9309.42,IL,Produto com ótimo custo-benefício.
5932,2038-03-29,325,22,Fone de ouvido,Acessórios,3,585.72,1757.17,FL,Produto com ótimo custo-benefício.
5933,2038-03-30,412,63,Laptop,Eletrônicos,4,1087.76,4351.05,NY,Entrega rápida!
5934,2038-03-31,318,28,Fone de ouvido,Acessórios,4,179.69,718.77,IL,Entrega dentro do prazo previsto.
5935,2038-04-01,681,19,Fone de ouvido,Acessórios,3,878.84,2636.52,FL,Muito satisfeito com a compra.
5936,2038-04-02,965,58,Fone de ouvido,Acessórios,1,295.5,295.5,TX,Excelente produto!
5937,2038-04-03,82,71,Tablet,Eletrônicos,4,143.55,574.2,IL,Atendimento excepcional.
5938,2038-04-04,474,61,Laptop,Eletrônicos,1,1934.79,1934.79,IL,Produto ok.
5939,2038-04-05,468,41,Tablet,Eletrônicos,1,1473.68,1473.68,FL,Péssimo atendimento
5940,2038-04-06,425,76,Tablet,Eletrônicos,5,1452.16,7260.81,CA,Entrega dentro do prazo previsto.
5941,2038-04-07,945,50,Smartphone,Eletrônicos,5,226.57,1132.86,TX,Atendimento sem problema
5942,2038-04-08,731,39,Smartphone,Eletrônicos,2,1862.23,3724.47,TX,Muito satisfeito com a compra.
5943,2038-04-09,689,64,Fone de ouvido,Acessórios,5,965.46,4827.32,FL,Muito satisfeito com a compra.
5944,2038-04-10,204,23,Fone de ouvido,Acessórios,4,1711.95,6847.82,NY,Muito satisfeito com a compra.
5945,2038-04-11,583,41,Smartphone,Eletrônicos,4,74.57,298.29,NY,Produto ok.
5946,2038-04-12,387,46,Smartphone,Eletrônicos,1,631.5,631.5,CA,Entrega dentro do prazo previsto.
5947,2038-04-13,778,66,Laptop,Eletrônicos,4,1992.29,7969.17,CA,Entrega dentro do prazo previsto.
5948,2038-04-14,98,49,Fone de ouvido,Acessórios,5,884.28,4421.42,FL,Arrependido da compra
5949,2038-04-15,345,70,Fone de ouvido,Acessórios,5,1782.56,8912.81,NY,Produto ok.
5950,2038-04-16,803,64,Smartphone,Eletrônicos,5,689.6,3447.98,TX,Produto com ótimo custo-benefício.
5951,2038-04-17,208,47,Laptop,Eletrônicos,3,1074.39,3223.18,NY,Atendimento excepcional.
5952,2038-04-18,514,63,Smartphone,Eletrônicos,4,1715.73,6862.91,FL,Entrega atrasada
5953,2038-04-19,636,79,Smartphone,Eletrônicos,2,1231.35,2462.7,NY,Qualidade inferior ao anunciado
5954,2038-04-20,792,68,Tablet,Eletrônicos,4,1464.13,5856.5,IL,Produto com ótimo custo-benefício.
5955,2038-04-21,586,71,Fone de ouvido,Acessórios,4,496.22,1984.9,FL,Produto cumpre o que promete
5956,2038-04-22,166,58,Laptop,Eletrônicos,3,353.99,1061.96,IL,Muito satisfeito com a compra.
5957,2038-04-23,22,75,Tablet,Eletrônicos,4,499.1,1996.39,FL,Muito satisfeito com a compra.
5958,2038-04-24,154,20,Fone de ouvido,Acessórios,1,1011.44,1011.44,TX,Atendimento sem problema
5959,2038-04-25,939,42,Smartphone,Eletrônicos,5,1611.88,8059.41,FL,Arrependido da compra
5960,2038-04-26,439,45,Laptop,Eletrônicos,5,740.29,3701.44,FL,Produto com ótimo custo-benefício.
5961,2038-04-27,295,74,Fone de ouvido,Acessórios,3,1151.39,3454.17,FL,Entrega rápida!
5962,2038-04-28,219,32,Smartphone,Eletrônicos,5,1619.38,8096.92,FL,Produto ok.
5963,2038-04-29,669,34,Tablet,Eletrônicos,1,515.61,515.61,CA,Produto com ótimo custo-benefício.
5964,2038-04-30,495,19,Laptop,Eletrônicos,3,1771.8,5315.41,IL,Entrega rápida!
5965,2038-05-01,230,44,Fone de ouvido,Acessórios,2,1908.51,3817.02,FL,Excelente produto!
5966,2038-05-02,20,53,Tablet,Eletrônicos,5,125.99,629.96,FL,Atendimento excepcional.
5967,2038-05-03,987,31,Smartphone,Eletrônicos,4,165.27,661.07,CA,Produto ok.
5968,2038-05-04,553,60,Smartphone,Eletrônicos,1,227.37,227.37,NY,Entrega rápida!
5969,2038-05-05,950,76,Fone de ouvido,Acessórios,1,1564.7,1564.7,CA,Entrega rápida!
5970,2038-05-06,148,49,Smartphone,Eletrônicos,5,419.21,2096.04,CA,Produto com defeito
5971,2038-05-07,108,29,Laptop,Eletrônicos,2,1465.11,2930.21,CA,Produto com defeito
5972,2038-05-08,403,40,Fone de ouvido,Acessórios,4,910.49,3641.95,FL,Entrega rápida!
5973,2038-05-09,596,33,Tablet,Eletrônicos,2,1680.7,3361.39,CA,Entrega rápida!
5974,2038-05-10,483,61,Fone de ouvido,Acessórios,2,1626.68,3253.37,CA,Atendimento excepcional.
5975,2038-05-11,367,19,Fone de ouvido,Acessórios,5,1921.34,9606.71,CA,Entrega rápida!
5976,2038-05-12,834,24,Tablet,Eletrônicos,4,539.52,2158.1,FL,Entrega rápida!
5977,2038-05-13,414,38,Smartphone,Eletrônicos,5,497.02,2485.08,TX,Muito satisfeito com a compra.
5978,2038-05-14,309,75,Tablet,Eletrônicos,5,111.44,557.2,TX,Qualidade inferior ao anunciado
5979,2038-05-15,802,48,Laptop,Eletrônicos,1,850.31,850.31,NY,Qualidade inferior ao anunciado
5980,2038-05-16,918,40,Smartphone,Eletrônicos,5,945.17,4725.87,FL,Atendimento sem problema
5981,2038-05-17,835,79,Fone de ouvido,Acessórios,3,1930.8,5792.41,CA,Atendimento sem problema
5982,2038-05-18,134,77,Smartphone,Eletrônicos,4,1670.03,6680.13,CA,Entrega dentro do prazo previsto.
5983,2038-05-19,719,74,Smartphone,Eletrônicos,1,375.24,375.24,CA,Muito satisfeito com a compra.
5984,2038-05-20,283,42,Laptop,Eletrônicos,4,1607.05,6428.22,TX,Atendimento excepcional.
5985,2038-05-21,778,52,Smartphone,Eletrônicos,1,397.68,397.68,CA,Produto cumpre o que promete
5986,2038-05-22,73,52,Smartphone,Eletrônicos,3,201.64,604.93,CA,Produto cumpre o que promete
5987,2038-05-23,481,62,Smartphone,Eletrônicos,5,1682.31,8411.56,TX,Entrega rápida!
5988,2038-05-24,352,24,Fone de ouvido,Acessórios,1,1953.12,1953.12,CA,Muito satisfeito com a compra.
5989,2038-05-25,560,22,Smartphone,Eletrônicos,1,221.83,221.83,NY,Entrega atrasada
5990,2038-05-26,326,49,Tablet,Eletrônicos,1,1637.15,1637.15,IL,Entrega rápida!
5991,2038-05-27,745,70,Smartphone,Eletrônicos,3,1725.46,5176.39,NY,Atendimento excepcional.
5992,2038-05-28,443,22,Laptop,Eletrônicos,4,281.57,1126.29,FL,Muito satisfeito com a compra.
5993,2038-05-29,100,42,Smartphone,Eletrônicos,3,602.34,1807.03,NY,Produto com ótimo custo-benefício.
5994,2038-05-30,59,48,Smartphone,Eletrônicos,1,1480.64,1480.64,NY,Excelente produto!
5995,2038-05-31,508,37,Fone de ouvido,Acessórios,1,1625.07,1625.07,TX,Entrega rápida!
5996,2038-06-01,258,39,Tablet,Eletrônicos,5,740.25,3701.25,FL,Sem reclamações.
5997,2038-06-02,413,55,Smartphone,Eletrônicos,3,361.86,1085.59,NY,Excelente produto!
5998,2038-06-03,452,30,Tablet,Eletrônicos,3,1314.27,3942.82,IL,Produto ok.
5999,2038-06-04,65,56,Laptop,Eletrônicos,2,1418.84,2837.68,NY,Produto com ótimo custo-benefício.
6000,2038-06-05,595,19,Fone de ouvido,Acessórios,4,1032.04,4128.14,CA,Produto com ótimo custo-benefício.
6001,2038-06-06,154,39,Tablet,Eletrônicos,2,332.64,665.27,TX,Entrega dentro do prazo previsto.
6002,2038-06-07,985,78,Fone de ouvido,Acessórios,2,1696.75,3393.5,CA,Entrega dentro do prazo previsto.
6003,2038-06-08,266,26,Smartphone,Eletrônicos,4,1308.27,5233.07,FL,Sem reclamações.
6004,2038-06-09,821,68,Laptop,Eletrônicos,5,1744.87,8724.35,FL,Produto com ótimo custo-benefício.
6005,2038-06-10,79,19,Fone de ouvido,Acessórios,5,1869.29,9346.45,TX,Produto com ótimo custo-benefício.
6006,2038-06-11,315,62,Smartphone,Eletrônicos,4,1621.11,6484.44,NY,Sem reclamações.
6007,2038-06-12,662,49,Tablet,Eletrônicos,4,1919.38,7677.53,FL,Produto com ótimo custo-benefício.
6008,2038-06-13,947,25,Laptop,Eletrônicos,3,1910.8,5732.41,IL,Produto cumpre o que promete
6009,2038-06-14,560,33,Laptop,Eletrônicos,3,1257.72,3773.17,TX,Excelente produto!
6010,2038-06-15,917,50,Tablet,Eletrônicos,3,1469.94,4409.82,CA,Produto cumpre o que promete
6011,2038-06-16,891,28,Tablet,Eletrônicos,3,1413.85,4241.54,IL,Produto ok.
6012,2038-06-17,248,49,Laptop,Eletrônicos,1,1261.22,1261.22,TX,Muito satisfeito com a compra.
6013,2038-06-18,790,25,Fone de ouvido,Acessórios,1,87.74,87.74,IL,Muito satisfeito com a compra.
6014,2038-06-19,868,49,Laptop,Eletrônicos,5,744.02,3720.09,TX,Produto ok.
6015,2038-06-20,610,38,Tablet,Eletrônicos,1,245.15,245.15,CA,Produto ok.
6016,2038-06-21,414,42,Fone de ouvido,Acessórios,1,635.51,635.51,NY,Excelente produto!
6017,2038-06-22,25,74,Smartphone,Eletrônicos,3,183.7,551.1,TX,Excelente produto!
6018,2038-06-23,284,37,Laptop,Eletrônicos,3,1844.06,5532.18,FL,Entrega rápida!
6019,2038-06-24,449,18,Tablet,Eletrônicos,4,930.09,3720.37,CA,Produto com ótimo custo-benefício.
6020,2038-06-25,881,38,Smartphone,Eletrônicos,3,419.26,1257.78,CA,Produto com ótimo custo-benefício.
6021,2038-06-26,301,24,Laptop,Eletrônicos,4,1190.32,4761.28,IL,Qualidade inferior ao anunciado
6022,2038-06-27,68,74,Laptop,Eletrônicos,4,433.08,1732.32,FL,Entrega rápida!
6023,2038-06-28,7,75,Fone de ouvido,Acessórios,1,1618.66,1618.66,IL,Produto com defeito
6024,2038-06-29,817,42,Tablet,Eletrônicos,3,646.54,1939.63,CA,Entrega dentro do prazo previsto.
6025,2038-06-30,137,26,Smartphone,Eletrônicos,1,664.06,664.06,TX,Excelente produto!
6026,2038-07-01,164,39,Laptop,Eletrônicos,3,1746.4,5239.21,FL,Produto com ótimo custo-benefício.
6027,2038-07-02,83,19,Fone de ouvido,Acessórios,1,1140.45,1140.45,CA,Produto ok.
6028,2038-07-03,897,70,Smartphone,Eletrônicos,1,1780.24,1780.24,FL,Produto com ótimo custo-benefício.
6029,2038-07-04,650,36,Smartphone,Eletrônicos,1,855.13,855.13,TX,Excelente produto!
6030,2038-07-05,420,77,Laptop,Eletrônicos,5,720.66,3603.3,NY,Qualidade inferior ao anunciado
6031,2038-07-06,73,23,Smartphone,Eletrônicos,1,1037.1,1037.1,IL,Produto com ótimo custo-benefício.
6032,2038-07-07,237,76,Laptop,Eletrônicos,2,169.91,339.82,IL,Muito satisfeito com a compra.
6033,2038-07-08,46,22,Fone de ouvido,Acessórios,2,350.69,701.38,CA,Entrega rápida!
6034,2038-07-09,618,62,Fone de ouvido,Acessórios,2,478.07,956.13,CA,Produto ok.
6035,2038-07-10,928,79,Smartphone,Eletrônicos,4,1642.52,6570.08,TX,Entrega rápida!
6036,2038-07-11,800,27,Laptop,Eletrônicos,1,1480.91,1480.91,CA,Excelente produto!
6037,2038-07-12,262,76,Tablet,Eletrônicos,2,426.95,853.9,CA,Produto com ótimo custo-benefício.
6038,2038-07-13,176,18,Fone de ouvido,Acessórios,4,589.66,2358.63,CA,Produto ok.
6039,2038-07-14,166,43,Laptop,Eletrônicos,2,1891.31,3782.62,FL,Produto cumpre o que promete
6040,2038-07-15,657,43,Laptop,Eletrônicos,3,217.32,651.95,FL,Atendimento excepcional.
6041,2038-07-16,842,77,Laptop,Eletrônicos,5,1117.54,5587.69,NY,Produto cumpre o que promete
6042,2038-07-17,370,35,Smartphone,Eletrônicos,1,1067.91,1067.91,FL,Muito satisfeito com a compra.
6043,2038-07-18,795,76,Tablet,Eletrônicos,5,1465.13,7325.65,IL,Atendimento excepcional.
6044,2038-07-19,54,38,Smartphone,Eletrônicos,5,559.8,2798.99,NY,Produto com defeito
6045,2038-07-20,690,63,Fone de ouvido,Acessórios,3,1872.81,5618.42,CA,Entrega rápida!
6046,2038-07-21,419,29,Smartphone,Eletrônicos,3,850.64,2551.91,IL,Qualidade inferior ao anunciado
6047,2038-07-22,756,55,Laptop,Eletrônicos,3,607.15,1821.46,NY,Atendimento sem problema
6048,2038-07-23,507,31,Smartphone,Eletrônicos,4,706.9,2827.58,NY,Muito satisfeito com a compra.
6049,2038-07-24,341,66,Laptop,Eletrônicos,2,730.01,1460.02,IL,Entrega dentro do prazo previsto.
6050,2038-07-25,127,49,Tablet,Eletrônicos,1,437.91,437.91,NY,Atendimento excepcional.
6051,2038-07-26,409,56,Smartphone,Eletrônicos,3,1859.71,5579.12,IL,Entrega rápida!
6052,2038-07-27,924,52,Smartphone,Eletrônicos,1,391.01,391.01,NY,Sem reclamações.
6053,2038-07-28,367,34,Smartphone,Eletrônicos,1,1771.52,1771.52,NY,Sem reclamações.
6054,2038-07-29,271,72,Laptop,Eletrônicos,1,839.61,839.61,NY,Muito satisfeito com a compra.
6055,2038-07-30,644,72,Laptop,Eletrônicos,3,575.09,1725.27,IL,Entrega dentro do prazo previsto.
6056,2038-07-31,605,27,Smartphone,Eletrônicos,3,437.09,1311.28,NY,Produto com defeito
6057,2038-08-01,379,52,Smartphone,Eletrônicos,2,1033.47,2066.94,FL,Excelente produto!
6058,2038-08-02,73,33,Tablet,Eletrônicos,3,1355.05,4065.16,FL,Produto cumpre o que promete
6059,2038-08-03,923,23,Tablet,Eletrônicos,3,1801.53,5404.59,FL,Produto com ótimo custo-benefício.
6060,2038-08-04,922,21,Fone de ouvido,Acessórios,1,1322.27,1322.27,FL,Entrega rápida!
6061,2038-08-05,915,79,Tablet,Eletrônicos,2,993.14,1986.28,FL,Produto com defeito
6062,2038-08-06,248,69,Tablet,Eletrônicos,5,115.28,576.39,CA,Atendimento excepcional.
6063,2038-08-07,860,26,Tablet,Eletrônicos,3,1835.08,5505.25,NY,Atendimento sem problema
6064,2038-08-08,785,46,Laptop,Eletrônicos,3,1809.62,5428.86,TX,Atendimento excepcional.
6065,2038-08-09,43,24,Tablet,Eletrônicos,5,788.5,3942.49,CA,Atendimento excepcional.
6066,2038-08-10,377,33,Tablet,Eletrônicos,1,106.62,106.62,IL,Atendimento sem problema
6067,2038-08-11,41,23,Smartphone,Eletrônicos,2,1480.07,2960.14,CA,Muito satisfeito com a compra.
6068,2038-08-12,170,61,Laptop,Eletrônicos,1,1593.78,1593.78,TX,Excelente produto!
6069,2038-08-13,946,74,Fone de ouvido,Acessórios,4,1107.81,4431.23,CA,Produto com defeito
6070,2038-08-14,212,78,Fone de ouvido,Acessórios,3,835.61,2506.82,NY,Arrependido da compra
6071,2038-08-15,493,20,Tablet,Eletrônicos,4,1709.71,6838.84,FL,Excelente produto!
6072,2038-08-16,680,61,Fone de ouvido,Acessórios,3,425.41,1276.22,NY,Entrega rápida!
6073,2038-08-17,39,69,Fone de ouvido,Acessórios,4,907.14,3628.55,CA,Entrega rápida!
6074,2038-08-18,369,31,Fone de ouvido,Acessórios,5,97.75,488.74,TX,Entrega dentro do prazo previsto.
6075,2038-08-19,757,31,Tablet,Eletrônicos,3,369.82,1109.46,IL,Produto com ótimo custo-benefício.
6076,2038-08-20,151,26,Fone de ouvido,Acessórios,3,1884.62,5653.86,NY,Atendimento excepcional.
6077,2038-08-21,111,53,Tablet,Eletrônicos,4,1177.26,4709.05,TX,Produto cumpre o que promete
6078,2038-08-22,480,40,Smartphone,Eletrônicos,2,1620.91,3241.81,IL,Muito satisfeito com a compra.
6079,2038-08-23,436,74,Smartphone,Eletrônicos,4,998.68,3994.7,FL,Muito satisfeito com a compra.
6080,2038-08-24,47,69,Fone de ouvido,Acessórios,3,1677.91,5033.74,NY,Entrega rápida!
6081,2038-08-25,575,74,Smartphone,Eletrônicos,3,1100.95,3302.86,NY,Entrega dentro do prazo previsto.
6082,2038-08-26,737,32,Tablet,Eletrônicos,2,58.85,117.7,FL,Produto com ótimo custo-benefício.
6083,2038-08-27,366,24,Smartphone,Eletrônicos,1,1804.41,1804.41,FL,Entrega rápida!
6084,2038-08-28,69,37,Fone de ouvido,Acessórios,2,339.7,679.41,CA,Entrega dentro do prazo previsto.
6085,2038-08-29,299,36,Tablet,Eletrônicos,1,928.58,928.58,IL,Entrega dentro do prazo previsto.
6086,2038-08-30,944,23,Laptop,Eletrônicos,3,979.51,2938.54,TX,Excelente produto!
6087,2038-08-31,802,68,Tablet,Eletrônicos,5,142.11,710.55,FL,Atendimento excepcional.
6088,2038-09-01,296,56,Smartphone,Eletrônicos,5,153.49,767.44,CA,Excelente produto!
6089,2038-09-02,203,18,Laptop,Eletrônicos,4,1536.98,6147.9,IL,Entrega rápida!
6090,2038-09-03,61,24,Tablet,Eletrônicos,2,635.88,1271.76,IL,Entrega rápida!
6091,2038-09-04,946,52,Laptop,Eletrônicos,2,848.77,1697.55,NY,Excelente produto!
6092,2038-09-05,963,42,Laptop,Eletrônicos,5,1150.02,5750.1,CA,Produto ok.
6093,2038-09-06,830,55,Laptop,Eletrônicos,1,778.1,778.1,CA,Produto com ótimo custo-benefício.
6094,2038-09-07,314,40,Tablet,Eletrônicos,2,1561.32,3122.65,NY,Produto com ótimo custo-benefício.
6095,2038-09-08,161,42,Smartphone,Eletrônicos,1,1774.71,1774.71,TX,Entrega rápida!
6096,2038-09-09,331,55,Tablet,Eletrônicos,1,166.45,166.45,FL,Produto com defeito
6097,2038-09-10,528,75,Smartphone,Eletrônicos,1,1289.04,1289.04,NY,Produto com ótimo custo-benefício.
6098,2038-09-11,338,28,Tablet,Eletrônicos,1,669.44,669.44,FL,Sem reclamações.
6099,2038-09-12,606,51,Tablet,Eletrônicos,4,1187.39,4749.55,CA,Excelente produto!
6100,2038-09-13,304,48,Tablet,Eletrônicos,4,993.62,3974.48,NY,Produto cumpre o que promete
6101,2038-09-14,503,55,Smartphone,Eletrônicos,5,700.67,3503.37,TX,Muito satisfeito com a compra.
6102,2038-09-15,650,71,Tablet,Eletrônicos,4,234.89,939.56,FL,Muito satisfeito com a compra.
6103,2038-09-16,338,67,Laptop,Eletrônicos,2,1140.91,2281.82,FL,Produto ok.
6104,2038-09-17,550,72,Tablet,Eletrônicos,4,269.95,1079.78,FL,Entrega rápida!
6105,2038-09-18,639,63,Laptop,Eletrônicos,2,354.43,708.87,CA,Atendimento excepcional.
6106,2038-09-19,275,29,Fone de ouvido,Acessórios,2,1965.24,3930.48,FL,Produto com ótimo custo-benefício.
6107,2038-09-20,164,26,Fone de ouvido,Acessórios,1,667.58,667.58,IL,Produto com ótimo custo-benefício.
6108,2038-09-21,443,30,Smartphone,Eletrônicos,5,1189.65,5948.25,FL,Entrega dentro do prazo previsto.
6109,2038-09-22,319,75,Smartphone,Eletrônicos,1,580.85,580.85,CA,Atendimento excepcional.
6110,2038-09-23,589,37,Fone de ouvido,Acessórios,1,1737.74,1737.74,NY,Atendimento excepcional.
6111,2038-09-24,504,76,Tablet,Eletrônicos,4,602.51,2410.05,FL,Muito satisfeito com a compra.
6112,2038-09-25,686,38,Tablet,Eletrônicos,4,765.43,3061.7,FL,Muito satisfeito com a compra.
6113,2038-09-26,387,39,Tablet,Eletrônicos,2,1236.36,2472.71,NY,Atendimento excepcional.
6114,2038-09-27,970,18,Fone de ouvido,Acessórios,4,1746.47,6985.9,IL,Excelente produto!
6115,2038-09-28,870,57,Laptop,Eletrônicos,4,1641.62,6566.47,CA,Excelente produto!
6116,2038-09-29,833,77,Smartphone,Eletrônicos,3,564.53,1693.58,NY,Produto ok.
6117,2038-09-30,888,78,Laptop,Eletrônicos,2,1667.63,3335.26,CA,Atendimento excepcional.
6118,2038-10-01,603,58,Fone de ouvido,Acessórios,2,1417.33,2834.66,NY,Atendimento sem problema
6119,2038-10-02,750,34,Laptop,Eletrônicos,3,1980.17,5940.5,TX,Produto ok.
6120,2038-10-03,776,62,Tablet,Eletrônicos,2,1874.12,3748.25,IL,Produto com ótimo custo-benefício.
6121,2038-10-04,691,21,Tablet,Eletrônicos,5,1089.62,5448.08,TX,Excelente produto!
6122,2038-10-05,494,23,Laptop,Eletrônicos,5,1512.36,7561.8,NY,Atendimento excepcional.
6123,2038-10-06,490,62,Fone de ouvido,Acessórios,3,1161.85,3485.55,NY,Excelente produto!
6124,2038-10-07,721,75,Laptop,Eletrônicos,4,1210.24,4840.96,CA,Atendimento sem problema
6125,2038-10-08,73,66,Tablet,Eletrônicos,5,247.93,1239.63,NY,Entrega dentro do prazo previsto.
6126,2038-10-09,509,36,Tablet,Eletrônicos,3,54.38,163.14,CA,Produto com ótimo custo-benefício.
6127,2038-10-10,390,47,Fone de ouvido,Acessórios,5,143.96,719.82,CA,Entrega rápida!
6128,2038-10-11,619,40,Laptop,Eletrônicos,1,1934.93,1934.93,NY,Atendimento sem problema
6129,2038-10-12,857,49,Tablet,Eletrônicos,3,296.22,888.67,CA,Excelente produto!
6130,2038-10-13,295,73,Tablet,Eletrônicos,2,136.56,273.12,IL,Produto com defeito
6131,2038-10-14,369,46,Laptop,Eletrônicos,5,653.81,3269.03,TX,Produto com ótimo custo-benefício.
6132,2038-10-15,956,25,Laptop,Eletrônicos,2,1196.95,2393.9,NY,Excelente produto!
6133,2038-10-16,796,38,Smartphone,Eletrônicos,3,1899.5,5698.49,CA,Produto ok.
6134,2038-10-17,865,34,Fone de ouvido,Acessórios,5,1414.78,7073.9,CA,Atendimento excepcional.
6135,2038-10-18,694,34,Fone de ouvido,Acessórios,2,588.89,1177.78,CA,Sem reclamações.
6136,2038-10-19,549,73,Laptop,Eletrônicos,4,1881.16,7524.65,CA,Muito satisfeito com a compra.
6137,2038-10-20,649,38,Fone de ouvido,Acessórios,4,120.28,481.12,IL,Atendimento sem problema
6138,2038-10-21,850,32,Tablet,Eletrônicos,1,1959.16,1959.16,NY,Qualidade inferior ao anunciado
6139,2038-10-22,568,44,Laptop,Eletrônicos,3,164.35,493.05,NY,Entrega rápida!
6140,2038-10-23,187,42,Laptop,Eletrônicos,2,1520.01,3040.01,IL,Produto com ótimo custo-benefício.
6141,2038-10-24,853,50,Laptop,Eletrônicos,1,138.33,138.33,IL,Atendimento sem problema
6142,2038-10-25,770,19,Smartphone,Eletrônicos,3,1866.54,5599.63,IL,Entrega atrasada
6143,2038-10-26,445,69,Fone de ouvido,Acessórios,4,261.9,1047.59,NY,Sem reclamações.
6144,2038-10-27,570,59,Smartphone,Eletrônicos,2,148.43,296.87,FL,Entrega atrasada
6145,2038-10-28,363,76,Tablet,Eletrônicos,5,1784.07,8920.34,TX,Excelente produto!
6146,2038-10-29,123,33,Fone de ouvido,Acessórios,4,236.8,947.19,IL,Arrependido da compra
6147,2038-10-30,188,72,Smartphone,Eletrônicos,5,1605.97,8029.83,IL,Atendimento excepcional.
6148,2038-10-31,742,53,Laptop,Eletrônicos,5,1506.72,7533.59,NY,Entrega rápida!
6149,2038-11-01,680,25,Smartphone,Eletrônicos,2,1217.81,2435.62,NY,Produto com ótimo custo-benefício.
6150,2038-11-02,420,33,Laptop,Eletrônicos,2,787.03,1574.05,TX,Atendimento sem problema
6151,2038-11-03,626,24,Smartphone,Eletrônicos,5,1835.38,9176.91,CA,Entrega rápida!
6152,2038-11-04,252,22,Smartphone,Eletrônicos,1,1748.61,1748.61,NY,Péssimo atendimento
6153,2038-11-05,619,40,Smartphone,Eletrônicos,5,881.18,4405.91,TX,Arrependido da compra
6154,2038-11-06,549,25,Laptop,Eletrônicos,5,501.86,2509.32,NY,Produto ok.
6155,2038-11-07,335,20,Smartphone,Eletrônicos,2,581.51,1163.03,NY,Excelente produto!
6156,2038-11-08,92,52,Fone de ouvido,Acessórios,3,479.63,1438.89,NY,Excelente produto!
6157,2038-11-09,530,67,Fone de ouvido,Acessórios,4,1105.44,4421.77,FL,Atendimento excepcional.
6158,2038-11-10,866,53,Fone de ouvido,Acessórios,2,1743.65,3487.3,FL,Sem reclamações.
6159,2038-11-11,63,76,Laptop,Eletrônicos,1,1558.54,1558.54,IL,Excelente produto!
6160,2038-11-12,662,53,Laptop,Eletrônicos,4,1601.25,6404.98,FL,Entrega dentro do prazo previsto.
6161,2038-11-13,512,32,Fone de ouvido,Acessórios,2,924.16,1848.33,TX,Muito satisfeito com a compra.
6162,2038-11-14,139,47,Fone de ouvido,Acessórios,2,678.77,1357.53,NY,Entrega dentro do prazo previsto.
6163,2038-11-15,698,32,Fone de ouvido,Acessórios,3,1526.84,4580.53,FL,Atendimento excepcional.
6164,2038-11-16,185,46,Tablet,Eletrônicos,1,1596.93,1596.93,NY,Produto ok.
6165,2038-11-17,205,21,Fone de ouvido,Acessórios,1,1405.94,1405.94,CA,Produto com ótimo custo-benefício.
6166,2038-11-18,772,51,Smartphone,Eletrônicos,2,112.61,225.22,IL,Excelente produto!
6167,2038-11-19,214,40,Tablet,Eletrônicos,3,1199.89,3599.66,FL,Péssimo atendimento
6168,2038-11-20,256,75,Tablet,Eletrônicos,2,726.74,1453.48,NY,Excelente produto!
6169,2038-11-21,135,52,Laptop,Eletrônicos,5,432.58,2162.88,CA,Produto com defeito
6170,2038-11-22,573,45,Smartphone,Eletrônicos,5,1404.07,7020.35,IL,Excelente produto!
6171,2038-11-23,875,48,Laptop,Eletrônicos,3,573.63,1720.88,IL,Atendimento excepcional.
6172,2038-11-24,822,59,Laptop,Eletrônicos,2,1830.04,3660.08,CA,Excelente produto!
6173,2038-11-25,88,50,Smartphone,Eletrônicos,3,631.25,1893.76,FL,Arrependido da compra
6174,2038-11-26,836,35,Laptop,Eletrônicos,2,1132.6,2265.2,FL,Arrependido da compra
6175,2038-11-27,988,22,Smartphone,Eletrônicos,2,1664.14,3328.27,NY,Muito satisfeito com a compra.
6176,2038-11-28,207,26,Smartphone,Eletrônicos,5,834.13,4170.65,TX,Muito satisfeito com a compra.
6177,2038-11-29,129,37,Laptop,Eletrônicos,4,1665.88,6663.53,NY,Sem reclamações.
6178,2038-11-30,823,55,Fone de ouvido,Acessórios,1,1461.21,1461.21,NY,Sem reclamações.
6179,2038-12-01,3,68,Laptop,Eletrônicos,1,1845.69,1845.69,NY,Atendimento sem problema
6180,2038-12-02,974,26,Tablet,Eletrônicos,3,685.38,2056.13,CA,Sem reclamações.
6181,2038-12-03,934,35,Laptop,Eletrônicos,1,254.8,254.8,IL,Entrega rápida!
6182,2038-12-04,754,73,Smartphone,Eletrônicos,5,889.18,4445.91,IL,Produto cumpre o que promete
6183,2038-12-05,121,32,Tablet,Eletrônicos,4,1582.34,6329.35,TX,Produto cumpre o que promete
6184,2038-12-06,385,32,Smartphone,Eletrônicos,2,928.35,1856.7,FL,Produto com ótimo custo-benefício.
6185,2038-12-07,614,76,Fone de ouvido,Acessórios,2,560.88,1121.75,NY,Produto cumpre o que promete
6186,2038-12-08,38,31,Fone de ouvido,Acessórios,5,103.83,519.13,CA,Péssimo atendimento
6187,2038-12-09,341,79,Tablet,Eletrônicos,1,660.4,660.4,CA,Produto ok.
6188,2038-12-10,925,52,Fone de ouvido,Acessórios,2,1441.09,2882.19,NY,Muito satisfeito com a compra.
6189,2038-12-11,645,57,Fone de ouvido,Acessórios,1,337.85,337.85,CA,Muito satisfeito com a compra.
6190,2038-12-12,714,68,Laptop,Eletrônicos,5,714.71,3573.57,CA,Excelente produto!
6191,2038-12-13,860,60,Laptop,Eletrônicos,2,89.45,178.9,NY,Produto com ótimo custo-benefício.
6192,2038-12-14,21,77,Fone de ouvido,Acessórios,3,1457.42,4372.27,TX,Entrega atrasada
6193,2038-12-15,242,77,Fone de ouvido,Acessórios,4,1767.33,7069.33,CA,Produto com ótimo custo-benefício.
6194,2038-12-16,455,53,Laptop,Eletrônicos,1,1158.63,1158.63,IL,Entrega dentro do prazo previsto.
6195,2038-12-17,963,64,Fone de ouvido,Acessórios,1,100.45,100.45,IL,Entrega rápida!
6196,2038-12-18,621,73,Fone de ouvido,Acessórios,1,474.37,474.37,IL,Excelente produto!
6197,2038-12-19,303,59,Smartphone,Eletrônicos,1,905.01,905.01,NY,Produto com ótimo custo-benefício.
6198,2038-12-20,596,37,Fone de ouvido,Acessórios,5,1195.78,5978.92,IL,Muito satisfeito com a compra.
6199,2038-12-21,595,28,Tablet,Eletrônicos,5,1017.74,5088.69,FL,Produto com ótimo custo-benefício.
6200,2038-12-22,803,74,Smartphone,Eletrônicos,5,1835.94,9179.69,CA,Atendimento sem problema
6201,2038-12-23,964,58,Tablet,Eletrônicos,5,1880.34,9401.7,TX,Entrega dentro do prazo previsto.
6202,2038-12-24,69,71,Fone de ouvido,Acessórios,2,258.95,517.89,IL,Entrega rápida!
6203,2038-12-25,129,34,Laptop,Eletrônicos,5,319.86,1599.31,NY,Muito satisfeito com a compra.
6204,2038-12-26,196,58,Smartphone,Eletrônicos,2,748.21,1496.41,TX,Sem reclamações.
6205,2038-12-27,140,42,Laptop,Eletrônicos,3,871.41,2614.22,NY,Entrega dentro do prazo previsto.
6206,2038-12-28,444,79,Smartphone,Eletrônicos,5,1192.83,5964.15,TX,Produto com ótimo custo-benefício.
6207,2038-12-29,283,46,Laptop,Eletrônicos,3,1557.66,4672.98,TX,Entrega rápida!
6208,2038-12-30,312,40,Smartphone,Eletrônicos,5,314.75,1573.74,CA,Atendimento excepcional.
6209,2038-12-31,746,26,Smartphone,Eletrônicos,3,1615.15,4845.44,TX,Atendimento excepcional.
6210,2039-01-01,535,73,Tablet,Eletrônicos,4,1239.56,4958.22,FL,Entrega rápida!
6211,2039-01-02,665,42,Laptop,Eletrônicos,3,1962.72,5888.17,FL,Muito satisfeito com a compra.
6212,2039-01-03,277,58,Tablet,Eletrônicos,2,1319.78,2639.55,FL,Entrega atrasada
6213,2039-01-04,61,40,Tablet,Eletrônicos,1,1446.38,1446.38,NY,Produto com ótimo custo-benefício.
6214,2039-01-05,319,71,Laptop,Eletrônicos,3,430.66,1291.97,CA,Produto cumpre o que promete
6215,2039-01-06,890,19,Smartphone,Eletrônicos,1,1549.28,1549.28,NY,Excelente produto!
6216,2039-01-07,52,62,Tablet,Eletrônicos,4,204.57,818.28,IL,Qualidade inferior ao anunciado
6217,2039-01-08,856,72,Laptop,Eletrônicos,4,1330.23,5320.94,FL,Produto ok.
6218,2039-01-09,153,18,Smartphone,Eletrônicos,2,158.37,316.73,CA,Sem reclamações.
6219,2039-01-10,749,55,Tablet,Eletrônicos,2,274.69,549.38,FL,Produto ok.
6220,2039-01-11,311,23,Tablet,Eletrônicos,3,260.34,781.02,CA,Produto ok.
6221,2039-01-12,814,65,Tablet,Eletrônicos,5,152.34,761.72,NY,Entrega rápida!
6222,2039-01-13,544,61,Smartphone,Eletrônicos,4,676.22,2704.88,NY,Muito satisfeito com a compra.
6223,2039-01-14,567,32,Tablet,Eletrônicos,1,1988.99,1988.99,FL,Péssimo atendimento
6224,2039-01-15,864,24,Smartphone,Eletrônicos,5,729.04,3645.2,TX,Produto ok.
6225,2039-01-16,389,19,Fone de ouvido,Acessórios,4,1533.51,6134.05,CA,Entrega rápida!
6226,2039-01-17,548,79,Tablet,Eletrônicos,3,308.02,924.05,IL,Atendimento sem problema
6227,2039-01-18,622,47,Fone de ouvido,Acessórios,4,936.26,3745.03,TX,Muito satisfeito com a compra.
6228,2039-01-19,177,46,Laptop,Eletrônicos,2,410.98,821.95,NY,Muito satisfeito com a compra.
6229,2039-01-20,362,29,Tablet,Eletrônicos,1,424.59,424.59,CA,Produto cumpre o que promete
6230,2039-01-21,314,69,Laptop,Eletrônicos,1,244.4,244.4,TX,Excelente produto!
6231,2039-01-22,807,51,Laptop,Eletrônicos,2,892.49,1784.97,IL,Entrega rápida!
6232,2039-01-23,848,47,Laptop,Eletrônicos,5,197.29,986.47,TX,Excelente produto!
6233,2039-01-24,97,53,Fone de ouvido,Acessórios,2,1824.13,3648.26,IL,Entrega atrasada
6234,2039-01-25,881,52,Smartphone,Eletrônicos,1,923.41,923.41,NY,Péssimo atendimento
6235,2039-01-26,213,19,Fone de ouvido,Acessórios,3,1685.2,5055.61,CA,Excelente produto!
6236,2039-01-27,829,67,Fone de ouvido,Acessórios,5,1959.96,9799.78,NY,Produto com ótimo custo-benefício.
6237,2039-01-28,137,20,Laptop,Eletrônicos,4,1371.67,5486.68,CA,Atendimento excepcional.
6238,2039-01-29,6,59,Tablet,Eletrônicos,3,1807.95,5423.84,TX,Produto cumpre o que promete
6239,2039-01-30,109,29,Smartphone,Eletrônicos,5,313.97,1569.83,NY,Sem reclamações.
6240,2039-01-31,547,21,Laptop,Eletrônicos,1,1668.49,1668.49,CA,Entrega rápida!
6241,2039-02-01,39,72,Smartphone,Eletrônicos,1,578.87,578.87,IL,Produto ok.
6242,2039-02-02,662,69,Fone de ouvido,Acessórios,3,971.57,2914.7,CA,Entrega dentro do prazo previsto.
6243,2039-02-03,425,76,Smartphone,Eletrônicos,5,1310.84,6554.18,NY,Atendimento excepcional.
6244,2039-02-04,630,24,Smartphone,Eletrônicos,4,1811.91,7247.64,NY,Excelente produto!
6245,2039-02-05,261,37,Tablet,Eletrônicos,4,1826.44,7305.75,TX,Produto com ótimo custo-benefício.
6246,2039-02-06,426,36,Laptop,Eletrônicos,2,229.6,459.2,IL,Entrega rápida!
6247,2039-02-07,87,25,Smartphone,Eletrônicos,3,760.88,2282.65,CA,Entrega rápida!
6248,2039-02-08,465,20,Smartphone,Eletrônicos,5,1596.69,7983.46,NY,Produto com ótimo custo-benefício.
6249,2039-02-09,76,44,Fone de ouvido,Acessórios,3,1421.16,4263.47,CA,Atendimento excepcional.
6250,2039-02-10,471,32,Fone de ouvido,Acessórios,4,101.39,405.55,FL,Entrega rápida!
6251,2039-02-11,976,25,Smartphone,Eletrônicos,5,927.28,4636.42,IL,Sem reclamações.
6252,2039-02-12,963,35,Laptop,Eletrônicos,1,1667.04,1667.04,IL,Qualidade inferior ao anunciado
6253,2039-02-13,414,46,Smartphone,Eletrônicos,1,1488.48,1488.48,FL,Produto ok.
6254,2039-02-14,825,63,Smartphone,Eletrônicos,5,853.11,4265.54,IL,Atendimento sem problema
6255,2039-02-15,895,68,Tablet,Eletrônicos,3,1483.56,4450.69,FL,Produto cumpre o que promete
6256,2039-02-16,726,53,Laptop,Eletrônicos,3,1124.86,3374.58,CA,Muito satisfeito com a compra.
6257,2039-02-17,457,20,Tablet,Eletrônicos,1,1829.63,1829.63,FL,Excelente produto!
6258,2039-02-18,285,71,Laptop,Eletrônicos,1,1194.9,1194.9,TX,Excelente produto!
6259,2039-02-19,239,26,Laptop,Eletrônicos,4,831.43,3325.73,FL,Entrega rápida!
6260,2039-02-20,677,27,Laptop,Eletrônicos,5,1732.7,8663.48,CA,Produto cumpre o que promete
6261,2039-02-21,599,57,Tablet,Eletrônicos,3,147.24,441.73,IL,Muito satisfeito com a compra.
6262,2039-02-22,653,37,Tablet,Eletrônicos,4,1806.0,7223.98,TX,Atendimento sem problema
6263,2039-02-23,672,19,Tablet,Eletrônicos,3,1407.88,4223.63,FL,Entrega rápida!
6264,2039-02-24,558,75,Fone de ouvido,Acessórios,1,1884.18,1884.18,CA,Muito satisfeito com a compra.
6265,2039-02-25,372,18,Tablet,Eletrônicos,5,538.48,2692.42,TX,Produto com defeito
6266,2039-02-26,495,44,Fone de ouvido,Acessórios,2,1405.1,2810.19,TX,Produto com ótimo custo-benefício.
6267,2039-02-27,624,21,Fone de ouvido,Acessórios,5,1628.45,8142.27,TX,Excelente produto!
6268,2039-02-28,919,65,Fone de ouvido,Acessórios,2,1419.1,2838.2,FL,Entrega rápida!
6269,2039-03-01,45,54,Smartphone,Eletrônicos,4,460.15,1840.6,CA,Produto com ótimo custo-benefício.
6270,2039-03-02,401,49,Smartphone,Eletrônicos,2,587.4,1174.8,CA,Atendimento sem problema
6271,2039-03-03,247,35,Smartphone,Eletrônicos,2,1155.15,2310.3,CA,Entrega dentro do prazo previsto.
6272,2039-03-04,616,31,Fone de ouvido,Acessórios,4,921.16,3684.65,NY,Excelente produto!
6273,2039-03-05,597,62,Fone de ouvido,Acessórios,5,1483.48,7417.39,IL,Atendimento sem problema
6274,2039-03-06,450,65,Laptop,Eletrônicos,4,788.42,3153.68,CA,Produto cumpre o que promete
6275,2039-03-07,485,78,Fone de ouvido,Acessórios,1,1725.99,1725.99,NY,Atendimento excepcional.
6276,2039-03-08,646,32,Smartphone,Eletrônicos,1,892.24,892.24,NY,Excelente produto!
6277,2039-03-09,620,68,Fone de ouvido,Acessórios,2,128.08,256.16,TX,Atendimento sem problema
6278,2039-03-10,18,78,Fone de ouvido,Acessórios,4,83.86,335.44,IL,Produto ok.
6279,2039-03-11,606,21,Laptop,Eletrônicos,4,1311.15,5244.59,TX,Atendimento excepcional.
6280,2039-03-12,662,36,Fone de ouvido,Acessórios,4,1104.08,4416.31,IL,Produto com ótimo custo-benefício.
6281,2039-03-13,758,41,Tablet,Eletrônicos,5,1108.35,5541.76,TX,Produto com ótimo custo-benefício.
6282,2039-03-14,289,47,Laptop,Eletrônicos,3,1590.52,4771.55,FL,Excelente produto!
6283,2039-03-15,414,30,Fone de ouvido,Acessórios,3,782.65,2347.96,IL,Produto com ótimo custo-benefício.
6284,2039-03-16,721,28,Fone de ouvido,Acessórios,3,1991.12,5973.36,NY,Produto com defeito
6285,2039-03-17,638,45,Laptop,Eletrônicos,5,1893.78,9468.92,NY,Sem reclamações.
6286,2039-03-18,235,67,Fone de ouvido,Acessórios,4,75.28,301.1,IL,Sem reclamações.
6287,2039-03-19,416,74,Smartphone,Eletrônicos,3,1796.7,5390.1,TX,Atendimento excepcional.
6288,2039-03-20,938,28,Tablet,Eletrônicos,4,1377.07,5508.29,FL,Atendimento excepcional.
6289,2039-03-21,499,71,Tablet,Eletrônicos,2,1029.08,2058.15,FL,Entrega rápida!
6290,2039-03-22,974,18,Smartphone,Eletrônicos,3,1186.36,3559.07,CA,Muito satisfeito com a compra.
6291,2039-03-23,634,64,Fone de ouvido,Acessórios,2,1691.62,3383.24,IL,Muito satisfeito com a compra.
6292,2039-03-24,650,73,Fone de ouvido,Acessórios,5,1904.52,9522.61,FL,Entrega rápida!
6293,2039-03-25,115,59,Tablet,Eletrônicos,1,1142.65,1142.65,TX,Excelente produto!
6294,2039-03-26,932,71,Fone de ouvido,Acessórios,5,403.52,2017.59,TX,Sem reclamações.
6295,2039-03-27,674,21,Tablet,Eletrônicos,5,1297.52,6487.6,NY,Sem reclamações.
6296,2039-03-28,713,55,Tablet,Eletrônicos,5,198.63,993.13,FL,Atendimento excepcional.
6297,2039-03-29,234,51,Smartphone,Eletrônicos,3,1288.52,3865.56,FL,Entrega dentro do prazo previsto.
6298,2039-03-30,540,66,Tablet,Eletrônicos,2,1626.79,3253.59,TX,Entrega dentro do prazo previsto.
6299,2039-03-31,11,29,Fone de ouvido,Acessórios,3,739.0,2216.99,NY,Atendimento excepcional.
6300,2039-04-01,206,71,Fone de ouvido,Acessórios,1,188.81,188.81,FL,Muito satisfeito com a compra.
6301,2039-04-02,679,41,Laptop,Eletrônicos,5,1399.84,6999.2,TX,Atendimento sem problema
6302,2039-04-03,247,78,Fone de ouvido,Acessórios,4,711.69,2846.76,NY,Entrega rápida!
6303,2039-04-04,559,54,Laptop,Eletrônicos,1,535.74,535.74,NY,Sem reclamações.
6304,2039-04-05,758,73,Tablet,Eletrônicos,2,1393.9,2787.81,TX,Excelente produto!
6305,2039-04-06,127,49,Fone de ouvido,Acessórios,1,1940.69,1940.69,NY,Entrega rápida!
6306,2039-04-07,147,36,Smartphone,Eletrônicos,3,1503.38,4510.14,NY,Atendimento excepcional.
6307,2039-04-08,118,46,Smartphone,Eletrônicos,4,1008.13,4032.53,CA,Entrega dentro do prazo previsto.
6308,2039-04-09,911,55,Smartphone,Eletrônicos,3,1221.0,3662.99,NY,Péssimo atendimento
6309,2039-04-10,382,66,Tablet,Eletrônicos,5,327.44,1637.22,FL,Excelente produto!
6310,2039-04-11,412,46,Tablet,Eletrônicos,5,1635.77,8178.83,NY,Muito satisfeito com a compra.
6311,2039-04-12,664,36,Laptop,Eletrônicos,1,1228.38,1228.38,FL,Atendimento excepcional.
6312,2039-04-13,584,37,Smartphone,Eletrônicos,5,1933.37,9666.85,TX,Produto cumpre o que promete
6313,2039-04-14,363,70,Laptop,Eletrônicos,5,1959.99,9799.96,NY,Produto ok.
6314,2039-04-15,509,20,Laptop,Eletrônicos,2,741.44,1482.89,TX,Produto com ótimo custo-benefício.
6315,2039-04-16,137,57,Fone de ouvido,Acessórios,2,1977.66,3955.33,IL,Entrega atrasada
6316,2039-04-17,175,22,Fone de ouvido,Acessórios,3,1915.83,5747.48,NY,Atendimento sem problema
6317,2039-04-18,289,40,Smartphone,Eletrônicos,3,1297.67,3893.02,TX,Entrega rápida!
6318,2039-04-19,958,22,Tablet,Eletrônicos,2,700.26,1400.51,IL,Excelente produto!
6319,2039-04-20,481,47,Fone de ouvido,Acessórios,1,1519.01,1519.01,FL,Excelente produto!
6320,2039-04-21,19,49,Tablet,Eletrônicos,2,578.91,1157.83,FL,Atendimento sem problema
6321,2039-04-22,195,41,Laptop,Eletrônicos,3,1278.2,3834.59,FL,Excelente produto!
6322,2039-04-23,330,66,Laptop,Eletrônicos,4,97.93,391.74,FL,Sem reclamações.
6323,2039-04-24,936,68,Laptop,Eletrônicos,5,1275.74,6378.68,FL,Atendimento sem problema
6324,2039-04-25,175,68,Laptop,Eletrônicos,4,1905.64,7622.54,CA,Produto cumpre o que promete
6325,2039-04-26,449,75,Smartphone,Eletrônicos,4,508.53,2034.12,TX,Atendimento excepcional.
6326,2039-04-27,925,59,Laptop,Eletrônicos,5,1567.45,7837.25,IL,Produto com defeito
6327,2039-04-28,946,52,Fone de ouvido,Acessórios,2,622.18,1244.35,IL,Excelente produto!
6328,2039-04-29,354,49,Laptop,Eletrônicos,1,1430.31,1430.31,NY,Entrega atrasada
6329,2039-04-30,499,71,Tablet,Eletrônicos,4,1414.95,5659.78,TX,Produto com ótimo custo-benefício.
6330,2039-05-01,141,74,Fone de ouvido,Acessórios,1,410.24,410.24,CA,Arrependido da compra
6331,2039-05-02,758,62,Tablet,Eletrônicos,3,1214.4,3643.2,CA,Sem reclamações.
6332,2039-05-03,897,65,Tablet,Eletrônicos,4,1725.38,6901.52,TX,Péssimo atendimento
6333,2039-05-04,930,61,Smartphone,Eletrônicos,3,795.94,2387.82,FL,Atendimento excepcional.
6334,2039-05-05,93,39,Smartphone,Eletrônicos,2,1435.04,2870.08,FL,Muito satisfeito com a compra.
6335,2039-05-06,944,38,Tablet,Eletrônicos,4,1365.14,5460.55,TX,Entrega rápida!
6336,2039-05-07,239,45,Tablet,Eletrônicos,3,552.15,1656.46,IL,Muito satisfeito com a compra.
6337,2039-05-08,205,66,Laptop,Eletrônicos,3,1841.35,5524.06,FL,Entrega rápida!
6338,2039-05-09,560,51,Fone de ouvido,Acessórios,2,1148.85,2297.7,NY,Entrega atrasada
6339,2039-05-10,433,33,Laptop,Eletrônicos,1,742.82,742.82,CA,Entrega dentro do prazo previsto.
6340,2039-05-11,245,28,Smartphone,Eletrônicos,1,370.5,370.5,FL,Excelente produto!
6341,2039-05-12,832,50,Smartphone,Eletrônicos,4,973.24,3892.98,IL,Produto com defeito
6342,2039-05-13,317,61,Laptop,Eletrônicos,2,1473.72,2947.44,FL,Entrega dentro do prazo previsto.
6343,2039-05-14,925,55,Fone de ouvido,Acessórios,4,1266.1,5064.39,FL,Qualidade inferior ao anunciado
6344,2039-05-15,295,36,Tablet,Eletrônicos,1,1467.75,1467.75,CA,Qualidade inferior ao anunciado
6345,2039-05-16,640,45,Laptop,Eletrônicos,2,1593.93,3187.87,NY,Sem reclamações.
6346,2039-05-17,856,46,Smartphone,Eletrônicos,5,909.96,4549.8,NY,Excelente produto!
6347,2039-05-18,282,54,Fone de ouvido,Acessórios,2,1064.32,2128.65,IL,Entrega atrasada
6348,2039-05-19,17,71,Smartphone,Eletrônicos,2,1973.52,3947.05,TX,Atendimento excepcional.
6349,2039-05-20,71,70,Fone de ouvido,Acessórios,5,1937.7,9688.5,TX,Sem reclamações.
6350,2039-05-21,269,20,Fone de ouvido,Acessórios,3,858.89,2576.68,TX,Produto ok.
6351,2039-05-22,325,35,Fone de ouvido,Acessórios,3,1386.1,4158.3,IL,Produto com ótimo custo-benefício.
6352,2039-05-23,794,35,Laptop,Eletrônicos,3,571.8,1715.4,FL,Entrega dentro do prazo previsto.
6353,2039-05-24,305,29,Laptop,Eletrônicos,1,347.76,347.76,NY,Muito satisfeito com a compra.
6354,2039-05-25,451,35,Laptop,Eletrônicos,2,1548.38,3096.76,NY,Excelente produto!
6355,2039-05-26,7,49,Fone de ouvido,Acessórios,5,900.55,4502.75,FL,Produto com ótimo custo-benefício.
6356,2039-05-27,314,59,Fone de ouvido,Acessórios,1,395.25,395.25,NY,Entrega dentro do prazo previsto.
6357,2039-05-28,817,53,Smartphone,Eletrônicos,5,1529.75,7648.77,NY,Atendimento excepcional.
6358,2039-05-29,103,69,Tablet,Eletrônicos,1,1834.58,1834.58,TX,Entrega dentro do prazo previsto.
6359,2039-05-30,821,77,Laptop,Eletrônicos,1,1869.88,1869.88,TX,Entrega dentro do prazo previsto.
6360,2039-05-31,193,36,Fone de ouvido,Acessórios,1,1212.85,1212.85,CA,Sem reclamações.
6361,2039-06-01,753,73,Smartphone,Eletrônicos,5,985.3,4926.5,CA,Entrega dentro do prazo previsto.
6362,2039-06-02,574,21,Smartphone,Eletrônicos,4,326.64,1306.56,NY,Produto com ótimo custo-benefício.
6363,2039-06-03,529,73,Smartphone,Eletrônicos,1,1595.94,1595.94,TX,Produto com ótimo custo-benefício.
6364,2039-06-04,171,28,Laptop,Eletrônicos,3,1893.38,5680.14,CA,Entrega rápida!
6365,2039-06-05,537,20,Laptop,Eletrônicos,2,1784.45,3568.9,CA,Entrega rápida!
6366,2039-06-06,251,44,Tablet,Eletrônicos,4,1515.98,6063.91,TX,Produto com ótimo custo-benefício.
6367,2039-06-07,765,64,Smartphone,Eletrônicos,4,58.91,235.64,CA,Produto com ótimo custo-benefício.
6368,2039-06-08,387,33,Laptop,Eletrônicos,5,845.11,4225.57,FL,Sem reclamações.
6369,2039-06-09,207,61,Smartphone,Eletrônicos,4,850.89,3403.57,FL,Atendimento excepcional.
6370,2039-06-10,541,35,Fone de ouvido,Acessórios,5,1794.02,8970.09,TX,Atendimento sem problema
6371,2039-06-11,629,47,Smartphone,Eletrônicos,5,178.02,890.09,TX,Atendimento excepcional.
6372,2039-06-12,416,41,Tablet,Eletrônicos,3,1085.88,3257.65,CA,Péssimo atendimento
6373,2039-06-13,794,23,Laptop,Eletrônicos,1,315.46,315.46,NY,Produto com ótimo custo-benefício.
6374,2039-06-14,380,64,Fone de ouvido,Acessórios,4,1341.47,5365.89,IL,Sem reclamações.
6375,2039-06-15,144,51,Laptop,Eletrônicos,1,1594.9,1594.9,FL,Entrega rápida!
6376,2039-06-16,25,72,Fone de ouvido,Acessórios,1,1301.82,1301.82,FL,Excelente produto!
6377,2039-06-17,822,29,Smartphone,Eletrônicos,1,1599.44,1599.44,TX,Entrega rápida!
6378,2039-06-18,668,59,Smartphone,Eletrônicos,5,1234.62,6173.09,NY,Excelente produto!
6379,2039-06-19,73,40,Tablet,Eletrônicos,1,420.19,420.19,TX,Arrependido da compra
6380,2039-06-20,632,53,Tablet,Eletrônicos,4,796.19,3184.78,CA,Entrega rápida!
6381,2039-06-21,824,57,Fone de ouvido,Acessórios,5,1915.89,9579.47,NY,Entrega rápida!
6382,2039-06-22,833,32,Tablet,Eletrônicos,4,611.94,2447.76,CA,Produto ok.
6383,2039-06-23,93,68,Tablet,Eletrônicos,5,172.58,862.91,FL,Muito satisfeito com a compra.
6384,2039-06-24,505,33,Tablet,Eletrônicos,2,800.42,1600.84,TX,Produto com ótimo custo-benefício.
6385,2039-06-25,598,62,Tablet,Eletrônicos,2,764.3,1528.6,TX,Produto com ótimo custo-benefício.
6386,2039-06-26,336,74,Smartphone,Eletrônicos,2,967.1,1934.2,IL,Produto com ótimo custo-benefício.
6387,2039-06-27,425,64,Tablet,Eletrônicos,2,1142.59,2285.18,NY,Entrega rápida!
6388,2039-06-28,499,31,Smartphone,Eletrônicos,5,1985.23,9926.13,FL,Produto cumpre o que promete
6389,2039-06-29,364,32,Smartphone,Eletrônicos,1,1524.66,1524.66,IL,Excelente produto!
6390,2039-06-30,947,29,Laptop,Eletrônicos,3,119.99,359.96,IL,Entrega dentro do prazo previsto.
6391,2039-07-01,630,60,Smartphone,Eletrônicos,3,1439.79,4319.37,TX,Sem reclamações.
6392,2039-07-02,745,70,Smartphone,Eletrônicos,2,1657.25,3314.5,NY,Sem reclamações.
6393,2039-07-03,199,52,Tablet,Eletrônicos,1,1796.48,1796.48,TX,Entrega rápida!
6394,2039-07-04,718,42,Smartphone,Eletrônicos,4,876.81,3507.25,NY,Excelente produto!
6395,2039-07-05,413,31,Fone de ouvido,Acessórios,1,661.57,661.57,IL,Produto com ótimo custo-benefício.
6396,2039-07-06,339,19,Tablet,Eletrônicos,4,1686.68,6746.73,CA,Atendimento sem problema
6397,2039-07-07,659,35,Tablet,Eletrônicos,3,1566.35,4699.05,FL,Produto cumpre o que promete
6398,2039-07-08,962,52,Tablet,Eletrônicos,1,1095.28,1095.28,IL,Entrega rápida!
6399,2039-07-09,937,26,Laptop,Eletrônicos,1,279.87,279.87,TX,Péssimo atendimento
6400,2039-07-10,429,28,Tablet,Eletrônicos,3,1320.93,3962.8,FL,Muito satisfeito com a compra.
6401,2039-07-11,783,43,Smartphone,Eletrônicos,1,178.05,178.05,IL,Atendimento sem problema
6402,2039-07-12,899,20,Fone de ouvido,Acessórios,4,245.72,982.86,NY,Atendimento sem problema
6403,2039-07-13,139,22,Tablet,Eletrônicos,1,695.72,695.72,TX,Péssimo atendimento
6404,2039-07-14,693,49,Tablet,Eletrônicos,4,773.79,3095.17,IL,Entrega atrasada
6405,2039-07-15,942,58,Fone de ouvido,Acessórios,2,950.85,1901.7,NY,Atendimento excepcional.
6406,2039-07-16,542,27,Tablet,Eletrônicos,1,711.33,711.33,NY,Muito satisfeito com a compra.
6407,2039-07-17,57,55,Laptop,Eletrônicos,4,115.89,463.55,NY,Entrega rápida!
6408,2039-07-18,232,23,Smartphone,Eletrônicos,3,356.96,1070.88,FL,Sem reclamações.
6409,2039-07-19,658,28,Fone de ouvido,Acessórios,2,274.47,548.94,TX,Entrega dentro do prazo previsto.
6410,2039-07-20,435,34,Fone de ouvido,Acessórios,1,890.81,890.81,NY,Atendimento excepcional.
6411,2039-07-21,384,76,Laptop,Eletrônicos,4,463.65,1854.61,IL,Excelente produto!
6412,2039-07-22,560,19,Smartphone,Eletrônicos,1,622.41,622.41,NY,Atendimento excepcional.
6413,2039-07-23,194,58,Laptop,Eletrônicos,4,969.56,3878.23,TX,Entrega rápida!
6414,2039-07-24,736,41,Smartphone,Eletrônicos,1,509.35,509.35,FL,Muito satisfeito com a compra.
6415,2039-07-25,648,67,Laptop,Eletrônicos,2,529.56,1059.12,NY,Produto cumpre o que promete
6416,2039-07-26,534,22,Tablet,Eletrônicos,2,1674.63,3349.26,IL,Entrega rápida!
6417,2039-07-27,518,38,Laptop,Eletrônicos,1,1118.77,1118.77,TX,Sem reclamações.
6418,2039-07-28,716,23,Fone de ouvido,Acessórios,1,1720.68,1720.68,NY,Muito satisfeito com a compra.
6419,2039-07-29,751,21,Fone de ouvido,Acessórios,5,1053.33,5266.63,FL,Sem reclamações.
6420,2039-07-30,185,26,Fone de ouvido,Acessórios,1,1823.07,1823.07,CA,Entrega dentro do prazo previsto.
6421,2039-07-31,872,22,Laptop,Eletrônicos,1,546.75,546.75,IL,Muito satisfeito com a compra.
6422,2039-08-01,292,21,Fone de ouvido,Acessórios,2,1252.51,2505.01,NY,Sem reclamações.
6423,2039-08-02,335,79,Fone de ouvido,Acessórios,1,1031.3,1031.3,NY,Atendimento excepcional.
6424,2039-08-03,732,26,Tablet,Eletrônicos,3,1841.45,5524.34,CA,Qualidade inferior ao anunciado
6425,2039-08-04,116,35,Tablet,Eletrônicos,1,866.04,866.04,TX,Produto ok.
6426,2039-08-05,825,76,Smartphone,Eletrônicos,5,1716.91,8584.53,CA,Entrega dentro do prazo previsto.
6427,2039-08-06,49,60,Smartphone,Eletrônicos,4,1149.61,4598.45,TX,Muito satisfeito com a compra.
6428,2039-08-07,685,33,Smartphone,Eletrônicos,2,1431.66,2863.32,NY,Muito satisfeito com a compra.
6429,2039-08-08,82,19,Laptop,Eletrônicos,3,1779.44,5338.32,CA,Produto com ótimo custo-benefício.
6430,2039-08-09,834,46,Smartphone,Eletrônicos,4,1993.97,7975.87,NY,Atendimento excepcional.
6431,2039-08-10,333,65,Laptop,Eletrônicos,3,1475.72,4427.17,CA,Sem reclamações.
6432,2039-08-11,557,68,Laptop,Eletrônicos,2,663.32,1326.64,NY,Atendimento excepcional.
6433,2039-08-12,335,59,Smartphone,Eletrônicos,5,633.07,3165.37,NY,Atendimento excepcional.
6434,2039-08-13,532,53,Smartphone,Eletrônicos,2,652.75,1305.5,NY,Excelente produto!
6435,2039-08-14,960,29,Laptop,Eletrônicos,3,240.92,722.76,FL,Entrega atrasada
6436,2039-08-15,221,75,Tablet,Eletrônicos,3,154.52,463.55,CA,Produto com defeito
6437,2039-08-16,635,58,Fone de ouvido,Acessórios,2,1182.64,2365.29,FL,Entrega rápida!
6438,2039-08-17,746,62,Fone de ouvido,Acessórios,1,1630.65,1630.65,NY,Produto com ótimo custo-benefício.
6439,2039-08-18,733,54,Fone de ouvido,Acessórios,2,120.46,240.92,IL,Excelente produto!
6440,2039-08-19,323,51,Tablet,Eletrônicos,5,1154.94,5774.68,TX,Atendimento excepcional.
6441,2039-08-20,851,52,Laptop,Eletrônicos,2,774.93,1549.87,CA,Qualidade inferior ao anunciado
6442,2039-08-21,3,57,Smartphone,Eletrônicos,4,1790.35,7161.38,CA,Atendimento sem problema
6443,2039-08-22,694,23,Laptop,Eletrônicos,1,333.5,333.5,TX,Entrega atrasada
6444,2039-08-23,206,78,Laptop,Eletrônicos,4,1148.69,4594.77,FL,Produto ok.
6445,2039-08-24,832,54,Smartphone,Eletrônicos,2,1943.3,3886.59,TX,Atendimento sem problema
6446,2039-08-25,40,53,Tablet,Eletrônicos,1,722.81,722.81,IL,Produto ok.
6447,2039-08-26,59,37,Fone de ouvido,Acessórios,4,1496.46,5985.86,NY,Produto cumpre o que promete
6448,2039-08-27,951,33,Fone de ouvido,Acessórios,4,1770.78,7083.12,TX,Produto ok.
6449,2039-08-28,574,25,Laptop,Eletrônicos,1,413.11,413.11,TX,Entrega rápida!
6450,2039-08-29,644,61,Tablet,Eletrônicos,1,1985.43,1985.43,NY,Entrega dentro do prazo previsto.
6451,2039-08-30,507,39,Fone de ouvido,Acessórios,3,1628.3,4884.91,CA,Muito satisfeito com a compra.
6452,2039-08-31,572,22,Tablet,Eletrônicos,1,318.25,318.25,IL,Qualidade inferior ao anunciado
6453,2039-09-01,884,22,Smartphone,Eletrônicos,2,656.23,1312.45,TX,Entrega rápida!
6454,2039-09-02,843,71,Laptop,Eletrônicos,5,1268.69,6343.46,TX,Entrega rápida!
6455,2039-09-03,122,62,Laptop,Eletrônicos,3,1775.59,5326.77,CA,Entrega rápida!
6456,2039-09-04,479,28,Tablet,Eletrônicos,1,429.93,429.93,IL,Arrependido da compra
6457,2039-09-05,619,60,Fone de ouvido,Acessórios,5,1475.85,7379.25,NY,Produto com defeito
6458,2039-09-06,96,36,Tablet,Eletrônicos,3,577.76,1733.29,NY,Atendimento sem problema
6459,2039-09-07,859,56,Smartphone,Eletrônicos,2,1620.56,3241.12,FL,Atendimento excepcional.
6460,2039-09-08,414,34,Fone de ouvido,Acessórios,5,1382.71,6913.56,IL,Muito satisfeito com a compra.
6461,2039-09-09,235,54,Fone de ouvido,Acessórios,1,1069.67,1069.67,IL,Excelente produto!
6462,2039-09-10,898,55,Tablet,Eletrônicos,1,1317.24,1317.24,TX,Qualidade inferior ao anunciado
6463,2039-09-11,62,78,Smartphone,Eletrônicos,2,1759.07,3518.14,FL,Produto cumpre o que promete
6464,2039-09-12,256,79,Fone de ouvido,Acessórios,3,803.53,2410.59,NY,Entrega atrasada
6465,2039-09-13,561,35,Laptop,Eletrônicos,5,1550.04,7750.19,IL,Sem reclamações.
6466,2039-09-14,905,67,Smartphone,Eletrônicos,2,359.87,719.73,IL,Entrega dentro do prazo previsto.
6467,2039-09-15,348,26,Fone de ouvido,Acessórios,3,1417.31,4251.94,CA,Muito satisfeito com a compra.
6468,2039-09-16,671,67,Tablet,Eletrônicos,4,1513.78,6055.13,NY,Atendimento excepcional.
6469,2039-09-17,124,68,Fone de ouvido,Acessórios,4,913.85,3655.38,CA,Qualidade inferior ao anunciado
6470,2039-09-18,482,34,Laptop,Eletrônicos,3,1597.56,4792.69,FL,Atendimento excepcional.
6471,2039-09-19,317,58,Smartphone,Eletrônicos,1,1136.35,1136.35,IL,Produto ok.
6472,2039-09-20,504,50,Fone de ouvido,Acessórios,1,1875.74,1875.74,FL,Atendimento sem problema
6473,2039-09-21,719,37,Laptop,Eletrônicos,4,269.31,1077.24,CA,Atendimento excepcional.
6474,2039-09-22,48,72,Fone de ouvido,Acessórios,1,305.1,305.1,NY,Muito satisfeito com a compra.
6475,2039-09-23,409,35,Fone de ouvido,Acessórios,1,1692.73,1692.73,IL,Excelente produto!
6476,2039-09-24,932,41,Smartphone,Eletrônicos,3,1692.6,5077.81,NY,Produto cumpre o que promete
6477,2039-09-25,136,30,Tablet,Eletrônicos,3,968.89,2906.66,FL,Muito satisfeito com a compra.
6478,2039-09-26,201,57,Tablet,Eletrônicos,1,1929.73,1929.73,TX,Atendimento excepcional.
6479,2039-09-27,250,45,Laptop,Eletrônicos,3,1374.81,4124.43,NY,Produto cumpre o que promete
6480,2039-09-28,314,63,Laptop,Eletrônicos,5,1966.56,9832.82,NY,Entrega rápida!
6481,2039-09-29,869,20,Laptop,Eletrônicos,4,1088.17,4352.68,NY,Muito satisfeito com a compra.
6482,2039-09-30,368,53,Smartphone,Eletrônicos,5,443.15,2215.73,IL,Produto com ótimo custo-benefício.
6483,2039-10-01,429,28,Tablet,Eletrônicos,5,916.57,4582.83,FL,Atendimento excepcional.
6484,2039-10-02,830,56,Laptop,Eletrônicos,1,1961.95,1961.95,FL,Produto ok.
6485,2039-10-03,807,38,Laptop,Eletrônicos,1,772.31,772.31,IL,Qualidade inferior ao anunciado
6486,2039-10-04,480,54,Fone de ouvido,Acessórios,5,1916.18,9580.91,NY,Produto com ótimo custo-benefício.
6487,2039-10-05,314,19,Fone de ouvido,Acessórios,5,1604.19,8020.96,NY,Qualidade inferior ao anunciado
6488,2039-10-06,500,23,Laptop,Eletrônicos,2,912.11,1824.21,TX,Produto com ótimo custo-benefício.
6489,2039-10-07,721,69,Fone de ouvido,Acessórios,2,1106.65,2213.3,NY,Atendimento sem problema
6490,2039-10-08,355,22,Fone de ouvido,Acessórios,4,1234.51,4938.02,CA,Produto cumpre o que promete
6491,2039-10-09,485,64,Fone de ouvido,Acessórios,5,1348.24,6741.22,NY,Entrega rápida!
6492,2039-10-10,211,60,Smartphone,Eletrônicos,3,199.56,598.69,TX,Muito satisfeito com a compra.
6493,2039-10-11,704,49,Laptop,Eletrônicos,2,1870.5,3740.99,CA,Excelente produto!
6494,2039-10-12,44,54,Laptop,Eletrônicos,1,1214.15,1214.15,TX,Produto ok.
6495,2039-10-13,541,67,Fone de ouvido,Acessórios,5,1865.74,9328.7,TX,Entrega rápida!
6496,2039-10-14,571,57,Smartphone,Eletrônicos,3,1282.2,3846.61,FL,Excelente produto!
6497,2039-10-15,583,28,Fone de ouvido,Acessórios,3,890.48,2671.44,IL,Muito satisfeito com a compra.
6498,2039-10-16,92,34,Smartphone,Eletrônicos,3,1155.51,3466.53,TX,Excelente produto!
6499,2039-10-17,265,31,Laptop,Eletrônicos,1,1667.53,1667.53,NY,Sem reclamações.
6500,2039-10-18,895,19,Fone de ouvido,Acessórios,2,685.95,1371.89,FL,Atendimento sem problema
6501,2039-10-19,220,56,Laptop,Eletrônicos,3,1915.1,5745.29,CA,Produto cumpre o que promete
6502,2039-10-20,902,72,Smartphone,Eletrônicos,2,958.61,1917.23,IL,Entrega rápida!
6503,2039-10-21,925,35,Tablet,Eletrônicos,4,1914.66,7658.65,FL,Entrega rápida!
6504,2039-10-22,442,50,Smartphone,Eletrônicos,1,1767.48,1767.48,TX,Excelente produto!
6505,2039-10-23,401,47,Tablet,Eletrônicos,2,1546.94,3093.88,FL,Sem reclamações.
6506,2039-10-24,400,32,Laptop,Eletrônicos,2,961.5,1923.01,NY,Atendimento excepcional.
6507,2039-10-25,727,46,Laptop,Eletrônicos,3,1194.54,3583.63,NY,Produto com defeito
6508,2039-10-26,991,43,Fone de ouvido,Acessórios,3,1684.16,5052.47,NY,Atendimento excepcional.
6509,2039-10-27,899,18,Tablet,Eletrônicos,1,1110.91,1110.91,IL,Qualidade inferior ao anunciado
6510,2039-10-28,789,79,Smartphone,Eletrônicos,2,1489.47,2978.94,FL,Produto ok.
6511,2039-10-29,576,34,Laptop,Eletrônicos,5,1591.79,7958.93,FL,Produto ok.
6512,2039-10-30,858,71,Tablet,Eletrônicos,3,1050.54,3151.61,TX,Atendimento excepcional.
6513,2039-10-31,804,75,Smartphone,Eletrônicos,3,1095.68,3287.05,CA,Excelente produto!
6514,2039-11-01,490,77,Tablet,Eletrônicos,4,435.78,1743.11,NY,Produto cumpre o que promete
6515,2039-11-02,485,56,Smartphone,Eletrônicos,1,527.24,527.24,CA,Sem reclamações.
6516,2039-11-03,757,65,Smartphone,Eletrônicos,2,1814.64,3629.28,CA,Atendimento excepcional.
6517,2039-11-04,470,19,Smartphone,Eletrônicos,2,1688.64,3377.29,NY,Muito satisfeito com a compra.
6518,2039-11-05,574,32,Smartphone,Eletrônicos,2,69.74,139.48,NY,Sem reclamações.
6519,2039-11-06,938,39,Tablet,Eletrônicos,3,1745.31,5235.92,TX,Arrependido da compra
6520,2039-11-07,844,37,Tablet,Eletrônicos,1,99.21,99.21,IL,Atendimento excepcional.
6521,2039-11-08,682,46,Fone de ouvido,Acessórios,2,943.65,1887.29,NY,Entrega rápida!
6522,2039-11-09,445,42,Tablet,Eletrônicos,5,181.49,907.47,CA,Atendimento sem problema
6523,2039-11-10,269,60,Tablet,Eletrônicos,4,1939.21,7756.82,TX,Atendimento sem problema
6524,2039-11-11,267,73,Fone de ouvido,Acessórios,4,1946.02,7784.09,FL,Atendimento excepcional.
6525,2039-11-12,54,41,Tablet,Eletrônicos,2,1241.2,2482.4,TX,Produto com ótimo custo-benefício.
6526,2039-11-13,528,51,Smartphone,Eletrônicos,3,814.8,2444.4,NY,Atendimento sem problema
6527,2039-11-14,520,60,Laptop,Eletrônicos,4,1048.39,4193.54,NY,Excelente produto!
6528,2039-11-15,616,38,Laptop,Eletrônicos,4,1536.48,6145.93,IL,Muito satisfeito com a compra.
6529,2039-11-16,59,65,Fone de ouvido,Acessórios,4,485.23,1940.91,TX,Entrega dentro do prazo previsto.
6530,2039-11-17,825,19,Tablet,Eletrônicos,4,911.36,3645.44,NY,Atendimento excepcional.
6531,2039-11-18,40,68,Tablet,Eletrônicos,2,1487.67,2975.35,CA,Excelente produto!
6532,2039-11-19,237,33,Fone de ouvido,Acessórios,1,821.02,821.02,CA,Entrega rápida!
6533,2039-11-20,955,57,Laptop,Eletrônicos,1,112.39,112.39,TX,Entrega dentro do prazo previsto.
6534,2039-11-21,386,38,Smartphone,Eletrônicos,3,1039.42,3118.26,IL,Excelente produto!
6535,2039-11-22,606,69,Tablet,Eletrônicos,5,1487.95,7439.76,TX,Atendimento excepcional.
6536,2039-11-23,734,54,Fone de ouvido,Acessórios,1,1954.79,1954.79,IL,Muito satisfeito com a compra.
6537,2039-11-24,716,25,Smartphone,Eletrônicos,5,122.24,611.2,CA,Excelente produto!
6538,2039-11-25,650,75,Fone de ouvido,Acessórios,1,1102.85,1102.85,NY,Atendimento sem problema
6539,2039-11-26,300,31,Fone de ouvido,Acessórios,1,927.38,927.38,FL,Entrega atrasada
6540,2039-11-27,395,63,Fone de ouvido,Acessórios,3,522.78,1568.33,NY,Atendimento sem problema
6541,2039-11-28,207,72,Laptop,Eletrônicos,4,1293.64,5174.55,CA,Atendimento excepcional.
6542,2039-11-29,336,39,Laptop,Eletrônicos,3,369.06,1107.19,CA,Muito satisfeito com a compra.
6543,2039-11-30,593,35,Fone de ouvido,Acessórios,1,603.54,603.54,NY,Muito satisfeito com a compra.
6544,2039-12-01,730,75,Tablet,Eletrônicos,4,1574.43,6297.71,NY,Muito satisfeito com a compra.
6545,2039-12-02,514,22,Smartphone,Eletrônicos,4,947.8,3791.21,CA,Produto com ótimo custo-benefício.
6546,2039-12-03,178,59,Tablet,Eletrônicos,4,1987.66,7950.63,NY,Atendimento excepcional.
6547,2039-12-04,396,64,Laptop,Eletrônicos,5,803.6,4017.99,FL,Atendimento sem problema
6548,2039-12-05,371,62,Smartphone,Eletrônicos,1,953.36,953.36,FL,Entrega dentro do prazo previsto.
6549,2039-12-06,858,47,Fone de ouvido,Acessórios,2,635.5,1271.01,TX,Sem reclamações.
6550,2039-12-07,791,48,Tablet,Eletrônicos,3,510.77,1532.32,FL,Atendimento excepcional.
6551,2039-12-08,658,26,Tablet,Eletrônicos,5,1848.45,9242.24,CA,Atendimento sem problema
6552,2039-12-09,318,74,Fone de ouvido,Acessórios,3,1510.21,4530.64,CA,Produto com ótimo custo-benefício.
6553,2039-12-10,736,48,Tablet,Eletrônicos,2,700.13,1400.27,TX,Produto com ótimo custo-benefício.
6554,2039-12-11,369,48,Laptop,Eletrônicos,4,1415.3,5661.22,IL,Produto com ótimo custo-benefício.
6555,2039-12-12,384,58,Fone de ouvido,Acessórios,2,1933.28,3866.56,TX,Produto com ótimo custo-benefício.
6556,2039-12-13,62,68,Tablet,Eletrônicos,3,194.39,583.18,IL,Entrega rápida!
6557,2039-12-14,806,74,Fone de ouvido,Acessórios,2,565.78,1131.57,IL,Muito satisfeito com a compra.
6558,2039-12-15,505,26,Smartphone,Eletrônicos,1,441.13,441.13,NY,Produto com ótimo custo-benefício.
6559,2039-12-16,239,54,Fone de ouvido,Acessórios,2,1746.08,3492.15,FL,Entrega dentro do prazo previsto.
6560,2039-12-17,195,78,Tablet,Eletrônicos,1,399.42,399.42,IL,Atendimento excepcional.
6561,2039-12-18,678,23,Laptop,Eletrônicos,2,650.75,1301.5,NY,Atendimento excepcional.
6562,2039-12-19,963,72,Fone de ouvido,Acessórios,1,1110.53,1110.53,TX,Entrega rápida!
6563,2039-12-20,222,59,Fone de ouvido,Acessórios,1,1261.13,1261.13,TX,Entrega rápida!
6564,2039-12-21,61,43,Tablet,Eletrônicos,2,1625.96,3251.92,IL,Entrega dentro do prazo previsto.
6565,2039-12-22,129,27,Laptop,Eletrônicos,5,844.28,4221.4,NY,Atendimento excepcional.
6566,2039-12-23,990,23,Laptop,Eletrônicos,4,1091.78,4367.11,CA,Produto com ótimo custo-benefício.
6567,2039-12-24,685,70,Smartphone,Eletrônicos,4,1932.65,7730.6,FL,Sem reclamações.
6568,2039-12-25,992,78,Smartphone,Eletrônicos,4,629.86,2519.42,IL,Atendimento sem problema
6569,2039-12-26,156,50,Tablet,Eletrônicos,1,533.78,533.78,CA,Excelente produto!
6570,2039-12-27,917,69,Laptop,Eletrônicos,4,1435.67,5742.67,FL,Entrega rápida!
6571,2039-12-28,378,62,Laptop,Eletrônicos,1,1553.72,1553.72,CA,Arrependido da compra
6572,2039-12-29,622,47,Smartphone,Eletrônicos,5,858.82,4294.09,NY,Sem reclamações.
6573,2039-12-30,781,57,Smartphone,Eletrônicos,2,465.31,930.62,IL,Arrependido da compra
6574,2039-12-31,923,41,Tablet,Eletrônicos,2,1568.9,3137.8,CA,Produto com defeito
6575,2040-01-01,868,45,Laptop,Eletrônicos,1,1357.46,1357.46,CA,Produto ok.
6576,2040-01-02,903,62,Fone de ouvido,Acessórios,1,1758.64,1758.64,CA,Produto com ótimo custo-benefício.
6577,2040-01-03,790,55,Smartphone,Eletrônicos,5,1696.44,8482.18,IL,Sem reclamações.
6578,2040-01-04,586,46,Tablet,Eletrônicos,4,450.13,1800.52,NY,Atendimento sem problema
6579,2040-01-05,999,68,Laptop,Eletrônicos,5,1673.06,8365.31,NY,Entrega rápida!
6580,2040-01-06,437,61,Laptop,Eletrônicos,2,391.59,783.18,CA,Sem reclamações.
6581,2040-01-07,975,32,Smartphone,Eletrônicos,2,1734.22,3468.45,NY,Produto cumpre o que promete
6582,2040-01-08,207,25,Tablet,Eletrônicos,4,1552.13,6208.5,FL,Muito satisfeito com a compra.
6583,2040-01-09,388,40,Fone de ouvido,Acessórios,2,1161.23,2322.46,NY,Produto com ótimo custo-benefício.
6584,2040-01-10,480,60,Smartphone,Eletrônicos,1,1302.33,1302.33,CA,Produto com ótimo custo-benefício.
6585,2040-01-11,791,26,Tablet,Eletrônicos,2,252.95,505.91,FL,Produto cumpre o que promete
6586,2040-01-12,887,68,Laptop,Eletrônicos,3,127.78,383.33,IL,Produto ok.
6587,2040-01-13,838,28,Fone de ouvido,Acessórios,4,694.76,2779.04,TX,Produto com ótimo custo-benefício.
6588,2040-01-14,984,23,Tablet,Eletrônicos,4,1651.74,6606.97,NY,Excelente produto!
6589,2040-01-15,340,64,Fone de ouvido,Acessórios,4,958.28,3833.13,FL,Excelente produto!
6590,2040-01-16,869,66,Tablet,Eletrônicos,3,485.62,1456.86,TX,Entrega rápida!
6591,2040-01-17,340,29,Tablet,Eletrônicos,5,1677.37,8386.85,IL,Excelente produto!
6592,2040-01-18,204,73,Tablet,Eletrônicos,1,495.82,495.82,TX,Muito satisfeito com a compra.
6593,2040-01-19,161,51,Tablet,Eletrônicos,4,1640.21,6560.85,IL,Excelente produto!
6594,2040-01-20,540,38,Fone de ouvido,Acessórios,2,933.31,1866.62,CA,Entrega rápida!
6595,2040-01-21,392,49,Smartphone,Eletrônicos,1,953.82,953.82,CA,Atendimento sem problema
6596,2040-01-22,769,71,Fone de ouvido,Acessórios,2,581.8,1163.61,IL,Arrependido da compra
6597,2040-01-23,677,53,Tablet,Eletrônicos,1,1805.34,1805.34,TX,Atendimento excepcional.
6598,2040-01-24,575,42,Fone de ouvido,Acessórios,1,223.13,223.13,NY,Excelente produto!
6599,2040-01-25,534,52,Fone de ouvido,Acessórios,2,331.59,663.18,TX,Qualidade inferior ao anunciado
6600,2040-01-26,70,51,Fone de ouvido,Acessórios,2,1289.98,2579.95,TX,Péssimo atendimento
6601,2040-01-27,893,36,Tablet,Eletrônicos,1,1707.72,1707.72,NY,Atendimento excepcional.
6602,2040-01-28,405,54,Fone de ouvido,Acessórios,4,236.13,944.52,TX,Entrega rápida!
6603,2040-01-29,608,34,Laptop,Eletrônicos,2,1480.82,2961.63,TX,Produto com ótimo custo-benefício.
6604,2040-01-30,675,33,Tablet,Eletrônicos,3,1497.9,4493.69,FL,Excelente produto!
6605,2040-01-31,591,33,Fone de ouvido,Acessórios,3,1183.97,3551.91,IL,Excelente produto!
6606,2040-02-01,517,75,Laptop,Eletrônicos,1,999.12,999.12,CA,Produto com ótimo custo-benefício.
6607,2040-02-02,828,61,Fone de ouvido,Acessórios,5,676.12,3380.61,IL,Entrega dentro do prazo previsto.
6608,2040-02-03,120,21,Smartphone,Eletrônicos,1,735.35,735.35,TX,Entrega rápida!
6609,2040-02-04,814,66,Fone de ouvido,Acessórios,1,1365.15,1365.15,NY,Entrega dentro do prazo previsto.
6610,2040-02-05,690,74,Fone de ouvido,Acessórios,4,177.31,709.24,NY,Muito satisfeito com a compra.
6611,2040-02-06,688,47,Smartphone,Eletrônicos,4,1190.62,4762.49,CA,Excelente produto!
6612,2040-02-07,902,68,Tablet,Eletrônicos,5,593.53,2967.64,CA,Entrega dentro do prazo previsto.
6613,2040-02-08,217,51,Smartphone,Eletrônicos,5,959.88,4799.41,CA,Entrega dentro do prazo previsto.
6614,2040-02-09,56,22,Tablet,Eletrônicos,5,1140.01,5700.05,NY,Produto com ótimo custo-benefício.
6615,2040-02-10,366,50,Smartphone,Eletrônicos,5,1777.04,8885.18,TX,Atendimento excepcional.
6616,2040-02-11,699,75,Fone de ouvido,Acessórios,5,1179.2,5895.98,CA,Atendimento excepcional.
6617,2040-02-12,504,63,Fone de ouvido,Acessórios,1,492.96,492.96,CA,Atendimento excepcional.
6618,2040-02-13,744,72,Tablet,Eletrônicos,1,204.95,204.95,NY,Excelente produto!
6619,2040-02-14,767,26,Tablet,Eletrônicos,3,1272.63,3817.88,TX,Muito satisfeito com a compra.
6620,2040-02-15,925,34,Laptop,Eletrônicos,3,1112.84,3338.53,CA,Excelente produto!
6621,2040-02-16,455,29,Laptop,Eletrônicos,2,1360.01,2720.01,TX,Produto com ótimo custo-benefício.
6622,2040-02-17,104,41,Fone de ouvido,Acessórios,1,945.82,945.82,FL,Entrega dentro do prazo previsto.
6623,2040-02-18,77,73,Fone de ouvido,Acessórios,5,1659.0,8294.98,CA,Excelente produto!
6624,2040-02-19,230,72,Laptop,Eletrônicos,2,1844.35,3688.7,CA,Atendimento excepcional.
6625,2040-02-20,914,75,Laptop,Eletrônicos,4,128.01,512.03,NY,Sem reclamações.
6626,2040-02-21,258,69,Tablet,Eletrônicos,1,1500.97,1500.97,FL,Atendimento sem problema
6627,2040-02-22,264,79,Smartphone,Eletrônicos,3,118.56,355.69,FL,Entrega rápida!
6628,2040-02-23,331,29,Tablet,Eletrônicos,1,917.94,917.94,FL,Muito satisfeito com a compra.
6629,2040-02-24,993,32,Laptop,Eletrônicos,1,950.13,950.13,IL,Produto ok.
6630,2040-02-25,182,33,Fone de ouvido,Acessórios,1,1407.63,1407.63,NY,Produto com defeito
6631,2040-02-26,893,79,Laptop,Eletrônicos,1,737.19,737.19,NY,Muito satisfeito com a compra.
6632,2040-02-27,768,40,Fone de ouvido,Acessórios,4,1650.76,6603.03,CA,Sem reclamações.
6633,2040-02-28,550,35,Fone de ouvido,Acessórios,3,718.58,2155.75,NY,Entrega atrasada
6634,2040-02-29,688,39,Fone de ouvido,Acessórios,1,717.91,717.91,CA,Atendimento excepcional.
6635,2040-03-01,27,63,Fone de ouvido,Acessórios,4,484.38,1937.53,CA,Muito satisfeito com a compra.
6636,2040-03-02,276,61,Smartphone,Eletrônicos,2,1383.54,2767.09,IL,Entrega dentro do prazo previsto.
6637,2040-03-03,652,48,Laptop,Eletrônicos,1,199.35,199.35,NY,Muito satisfeito com a compra.
6638,2040-03-04,299,60,Tablet,Eletrônicos,4,757.96,3031.83,NY,Muito satisfeito com a compra.
6639,2040-03-05,957,32,Fone de ouvido,Acessórios,5,570.44,2852.18,IL,Atendimento excepcional.
6640,2040-03-06,799,70,Fone de ouvido,Acessórios,2,497.2,994.41,IL,Entrega rápida!
6641,2040-03-07,91,38,Tablet,Eletrônicos,3,168.92,506.75,NY,Excelente produto!
6642,2040-03-08,480,76,Tablet,Eletrônicos,1,421.25,421.25,NY,Entrega dentro do prazo previsto.
6643,2040-03-09,573,25,Fone de ouvido,Acessórios,1,920.18,920.18,CA,Entrega atrasada
6644,2040-03-10,458,66,Tablet,Eletrônicos,4,1032.3,4129.18,TX,Entrega rápida!
6645,2040-03-11,451,57,Tablet,Eletrônicos,3,575.53,1726.6,CA,Atendimento excepcional.
6646,2040-03-12,365,53,Smartphone,Eletrônicos,5,1317.97,6589.87,FL,Produto cumpre o que promete
6647,2040-03-13,859,78,Tablet,Eletrônicos,2,704.8,1409.59,FL,Produto com ótimo custo-benefício.
6648,2040-03-14,675,59,Laptop,Eletrônicos,3,766.13,2298.39,TX,Produto ok.
6649,2040-03-15,351,55,Laptop,Eletrônicos,1,1576.12,1576.12,IL,Produto cumpre o que promete
6650,2040-03-16,655,23,Laptop,Eletrônicos,4,1126.34,4505.34,FL,Péssimo atendimento
6651,2040-03-17,400,34,Fone de ouvido,Acessórios,5,1908.69,9543.45,IL,Entrega rápida!
6652,2040-03-18,253,57,Laptop,Eletrônicos,4,750.64,3002.55,IL,Entrega rápida!
6653,2040-03-19,781,62,Smartphone,Eletrônicos,2,1664.29,3328.58,CA,Muito satisfeito com a compra.
6654,2040-03-20,881,64,Laptop,Eletrônicos,3,1489.76,4469.27,IL,Muito satisfeito com a compra.
6655,2040-03-21,803,53,Fone de ouvido,Acessórios,4,1785.87,7143.47,TX,Qualidade inferior ao anunciado
6656,2040-03-22,459,78,Smartphone,Eletrônicos,4,1915.74,7662.97,CA,Péssimo atendimento
6657,2040-03-23,699,45,Laptop,Eletrônicos,1,64.97,64.97,TX,Sem reclamações.
6658,2040-03-24,917,74,Smartphone,Eletrônicos,4,222.18,888.72,IL,Excelente produto!
6659,2040-03-25,499,64,Smartphone,Eletrônicos,5,1364.96,6824.8,FL,Sem reclamações.
6660,2040-03-26,950,40,Fone de ouvido,Acessórios,3,810.89,2432.67,IL,Produto com ótimo custo-benefício.
6661,2040-03-27,971,48,Fone de ouvido,Acessórios,2,1647.29,3294.59,TX,Arrependido da compra
6662,2040-03-28,926,63,Smartphone,Eletrônicos,4,73.36,293.44,NY,Entrega rápida!
6663,2040-03-29,508,28,Laptop,Eletrônicos,5,1623.61,8118.03,NY,Atendimento excepcional.
6664,2040-03-30,304,79,Fone de ouvido,Acessórios,2,313.72,627.44,FL,Atendimento sem problema
6665,2040-03-31,501,37,Smartphone,Eletrônicos,5,615.99,3079.93,TX,Produto ok.
6666,2040-04-01,803,77,Tablet,Eletrônicos,4,1939.7,7758.81,FL,Entrega dentro do prazo previsto.
6667,2040-04-02,598,49,Tablet,Eletrônicos,4,150.62,602.47,CA,Produto com ótimo custo-benefício.
6668,2040-04-03,166,34,Fone de ouvido,Acessórios,3,730.63,2191.89,IL,Sem reclamações.
6669,2040-04-04,415,74,Laptop,Eletrônicos,1,214.83,214.83,CA,Atendimento sem problema
6670,2040-04-05,462,59,Tablet,Eletrônicos,5,1714.53,8572.64,NY,Atendimento sem problema
6671,2040-04-06,920,55,Tablet,Eletrônicos,1,1420.88,1420.88,IL,Entrega rápida!
6672,2040-04-07,114,23,Tablet,Eletrônicos,1,1610.66,1610.66,CA,Produto cumpre o que promete
6673,2040-04-08,433,18,Laptop,Eletrônicos,2,1078.2,2156.39,NY,Muito satisfeito com a compra.
6674,2040-04-09,992,54,Laptop,Eletrônicos,2,747.55,1495.11,CA,Muito satisfeito com a compra.
6675,2040-04-10,356,21,Fone de ouvido,Acessórios,5,54.43,272.17,IL,Muito satisfeito com a compra.
6676,2040-04-11,928,48,Fone de ouvido,Acessórios,1,591.96,591.96,CA,Sem reclamações.
6677,2040-04-12,695,28,Tablet,Eletrônicos,3,1053.38,3160.14,IL,Atendimento excepcional.
6678,2040-04-13,207,34,Laptop,Eletrônicos,1,1345.51,1345.51,CA,Muito satisfeito com a compra.
6679,2040-04-14,768,24,Smartphone,Eletrônicos,2,496.43,992.86,FL,Produto cumpre o que promete
6680,2040-04-15,235,69,Tablet,Eletrônicos,1,320.86,320.86,CA,Entrega rápida!
6681,2040-04-16,442,52,Fone de ouvido,Acessórios,4,443.15,1772.6,CA,Excelente produto!
6682,2040-04-17,355,19,Laptop,Eletrônicos,4,740.45,2961.79,FL,Produto cumpre o que promete
6683,2040-04-18,515,57,Fone de ouvido,Acessórios,3,339.34,1018.01,NY,Muito satisfeito com a compra.
6684,2040-04-19,208,54,Fone de ouvido,Acessórios,5,355.79,1778.97,IL,Entrega rápida!
6685,2040-04-20,709,75,Laptop,Eletrônicos,1,135.32,135.32,TX,Entrega rápida!
6686,2040-04-21,853,74,Tablet,Eletrônicos,4,1720.61,6882.46,NY,Produto com ótimo custo-benefício.
6687,2040-04-22,125,54,Laptop,Eletrônicos,5,478.53,2392.65,IL,Produto com ótimo custo-benefício.
6688,2040-04-23,138,27,Tablet,Eletrônicos,4,1652.71,6610.84,CA,Produto com defeito
6689,2040-04-24,339,29,Fone de ouvido,Acessórios,5,904.7,4523.52,NY,Produto ok.
6690,2040-04-25,537,34,Laptop,Eletrônicos,5,1283.25,6416.27,CA,Produto com ótimo custo-benefício.
6691,2040-04-26,68,63,Smartphone,Eletrônicos,4,197.62,790.48,NY,Produto com ótimo custo-benefício.
6692,2040-04-27,573,43,Tablet,Eletrônicos,2,1187.98,2375.96,NY,Entrega rápida!
6693,2040-04-28,541,22,Smartphone,Eletrônicos,5,615.49,3077.46,TX,Atendimento excepcional.
6694,2040-04-29,383,22,Tablet,Eletrônicos,1,235.66,235.66,FL,Arrependido da compra
6695,2040-04-30,19,73,Laptop,Eletrônicos,4,1821.05,7284.21,NY,Muito satisfeito com a compra.
6696,2040-05-01,683,55,Smartphone,Eletrônicos,2,1227.07,2454.15,CA,Produto cumpre o que promete
6697,2040-05-02,450,64,Laptop,Eletrônicos,4,521.33,2085.32,TX,Produto cumpre o que promete
6698,2040-05-03,74,44,Tablet,Eletrônicos,3,868.31,2604.94,NY,Sem reclamações.
6699,2040-05-04,573,22,Tablet,Eletrônicos,1,745.96,745.96,FL,Muito satisfeito com a compra.
6700,2040-05-05,939,78,Tablet,Eletrônicos,3,1416.13,4248.39,CA,Muito satisfeito com a compra.
6701,2040-05-06,665,25,Tablet,Eletrônicos,5,1234.49,6172.47,TX,Entrega rápida!
6702,2040-05-07,276,48,Fone de ouvido,Acessórios,5,88.58,442.88,IL,Atendimento sem problema
6703,2040-05-08,48,50,Tablet,Eletrônicos,3,435.76,1307.29,FL,Produto com ótimo custo-benefício.
6704,2040-05-09,211,38,Smartphone,Eletrônicos,3,982.35,2947.05,IL,Entrega rápida!
6705,2040-05-10,855,52,Tablet,Eletrônicos,5,918.7,4593.49,IL,Produto cumpre o que promete
6706,2040-05-11,920,38,Laptop,Eletrônicos,2,1057.52,2115.03,TX,Entrega rápida!
6707,2040-05-12,651,68,Fone de ouvido,Acessórios,1,1443.88,1443.88,TX,Produto com ótimo custo-benefício.
6708,2040-05-13,622,32,Smartphone,Eletrônicos,4,1379.92,5519.67,TX,Excelente produto!
6709,2040-05-14,994,53,Fone de ouvido,Acessórios,3,776.99,2330.96,IL,Entrega rápida!
6710,2040-05-15,695,76,Fone de ouvido,Acessórios,1,1761.28,1761.28,CA,Produto com defeito
6711,2040-05-16,540,74,Fone de ouvido,Acessórios,4,172.72,690.87,TX,Excelente produto!
6712,2040-05-17,709,19,Laptop,Eletrônicos,4,1189.79,4759.18,FL,Muito satisfeito com a compra.
6713,2040-05-18,191,47,Fone de ouvido,Acessórios,3,1901.89,5705.66,TX,Qualidade inferior ao anunciado
6714,2040-05-19,315,75,Fone de ouvido,Acessórios,2,1120.71,2241.42,TX,Muito satisfeito com a compra.
6715,2040-05-20,901,45,Tablet,Eletrônicos,2,937.46,1874.91,TX,Excelente produto!
6716,2040-05-21,563,34,Laptop,Eletrônicos,1,311.14,311.14,IL,Produto com ótimo custo-benefício.
6717,2040-05-22,661,61,Smartphone,Eletrônicos,1,1629.87,1629.87,CA,Qualidade inferior ao anunciado
6718,2040-05-23,780,37,Smartphone,Eletrônicos,5,778.9,3894.5,TX,Sem reclamações.
6719,2040-05-24,562,57,Smartphone,Eletrônicos,2,1417.43,2834.86,IL,Atendimento excepcional.
6720,2040-05-25,900,46,Laptop,Eletrônicos,1,435.22,435.22,FL,Excelente produto!
6721,2040-05-26,758,22,Smartphone,Eletrônicos,5,131.63,658.17,CA,Produto com defeito
6722,2040-05-27,113,42,Laptop,Eletrônicos,4,645.66,2582.65,IL,Muito satisfeito com a compra.
6723,2040-05-28,170,27,Tablet,Eletrônicos,1,598.76,598.76,NY,Atendimento excepcional.
6724,2040-05-29,468,36,Tablet,Eletrônicos,5,1753.28,8766.38,FL,Produto cumpre o que promete
6725,2040-05-30,678,78,Laptop,Eletrônicos,2,1736.11,3472.23,FL,Entrega dentro do prazo previsto.
6726,2040-05-31,921,58,Smartphone,Eletrônicos,4,1091.09,4364.37,NY,Entrega atrasada
6727,2040-06-01,14,65,Laptop,Eletrônicos,1,87.05,87.05,IL,Sem reclamações.
6728,2040-06-02,715,18,Laptop,Eletrônicos,2,495.23,990.47,IL,Produto com defeito
6729,2040-06-03,288,64,Fone de ouvido,Acessórios,4,1296.07,5184.3,FL,Produto cumpre o que promete
6730,2040-06-04,907,51,Laptop,Eletrônicos,3,247.75,743.24,IL,Atendimento excepcional.
6731,2040-06-05,189,74,Fone de ouvido,Acessórios,2,1416.21,2832.43,NY,Atendimento excepcional.
6732,2040-06-06,914,31,Tablet,Eletrônicos,3,73.33,219.98,IL,Produto ok.
6733,2040-06-07,155,42,Fone de ouvido,Acessórios,1,1380.95,1380.95,FL,Entrega rápida!
6734,2040-06-08,567,43,Laptop,Eletrônicos,5,1696.85,8484.26,IL,Sem reclamações.
6735,2040-06-09,694,38,Tablet,Eletrônicos,1,964.97,964.97,CA,Entrega dentro do prazo previsto.
6736,2040-06-10,722,33,Fone de ouvido,Acessórios,2,1666.71,3333.42,NY,Atendimento excepcional.
6737,2040-06-11,888,27,Laptop,Eletrônicos,3,1573.98,4721.94,NY,Atendimento excepcional.
6738,2040-06-12,471,49,Tablet,Eletrônicos,3,1359.27,4077.8,TX,Excelente produto!
6739,2040-06-13,75,61,Fone de ouvido,Acessórios,4,918.04,3672.16,IL,Excelente produto!
6740,2040-06-14,277,62,Laptop,Eletrônicos,1,580.21,580.21,NY,Produto ok.
6741,2040-06-15,940,37,Laptop,Eletrônicos,1,1728.68,1728.68,IL,Muito satisfeito com a compra.
6742,2040-06-16,645,26,Smartphone,Eletrônicos,2,1314.75,2629.5,CA,Arrependido da compra
6743,2040-06-17,343,77,Smartphone,Eletrônicos,3,1606.13,4818.4,FL,Produto com ótimo custo-benefício.
6744,2040-06-18,425,75,Fone de ouvido,Acessórios,2,1126.34,2252.67,FL,Sem reclamações.
6745,2040-06-19,571,51,Fone de ouvido,Acessórios,2,385.14,770.28,TX,Muito satisfeito com a compra.
6746,2040-06-20,511,48,Fone de ouvido,Acessórios,3,1959.9,5879.71,TX,Muito satisfeito com a compra.
6747,2040-06-21,857,36,Laptop,Eletrônicos,2,406.34,812.68,NY,Entrega rápida!
6748,2040-06-22,182,64,Fone de ouvido,Acessórios,3,1826.92,5480.76,NY,Muito satisfeito com a compra.
6749,2040-06-23,458,48,Laptop,Eletrônicos,2,455.87,911.74,NY,Entrega dentro do prazo previsto.
6750,2040-06-24,918,47,Fone de ouvido,Acessórios,5,778.81,3894.06,CA,Produto com defeito
6751,2040-06-25,851,64,Laptop,Eletrônicos,2,908.16,1816.33,TX,Atendimento excepcional.
6752,2040-06-26,833,41,Laptop,Eletrônicos,2,1846.68,3693.37,TX,Produto com ótimo custo-benefício.
6753,2040-06-27,64,50,Smartphone,Eletrônicos,5,1781.99,8909.94,FL,Produto cumpre o que promete
6754,2040-06-28,839,35,Tablet,Eletrônicos,1,1655.28,1655.28,TX,Atendimento sem problema
6755,2040-06-29,260,38,Laptop,Eletrônicos,3,784.52,2353.55,TX,Excelente produto!
6756,2040-06-30,193,48,Fone de ouvido,Acessórios,4,58.76,235.05,CA,Produto com ótimo custo-benefício.
6757,2040-07-01,655,56,Smartphone,Eletrônicos,5,1379.09,6895.44,NY,Excelente produto!
6758,2040-07-02,616,59,Fone de ouvido,Acessórios,1,851.36,851.36,CA,Atendimento excepcional.
6759,2040-07-03,972,78,Fone de ouvido,Acessórios,2,1526.26,3052.53,IL,Entrega rápida!
6760,2040-07-04,406,58,Laptop,Eletrônicos,1,1599.96,1599.96,FL,Produto com ótimo custo-benefício.
6761,2040-07-05,726,79,Laptop,Eletrônicos,5,907.46,4537.3,FL,Muito satisfeito com a compra.
6762,2040-07-06,754,68,Tablet,Eletrônicos,2,1508.8,3017.6,FL,Entrega rápida!
6763,2040-07-07,943,60,Laptop,Eletrônicos,1,1687.88,1687.88,NY,Entrega rápida!
6764,2040-07-08,721,21,Laptop,Eletrônicos,4,1860.53,7442.11,NY,Excelente produto!
6765,2040-07-09,93,43,Tablet,Eletrônicos,3,1185.79,3557.36,NY,Atendimento excepcional.
6766,2040-07-10,430,50,Fone de ouvido,Acessórios,3,1568.03,4704.1,FL,Muito satisfeito com a compra.
6767,2040-07-11,654,61,Tablet,Eletrônicos,5,1014.4,5072.01,FL,Atendimento excepcional.
6768,2040-07-12,434,50,Tablet,Eletrônicos,2,131.24,262.49,FL,Atendimento excepcional.
6769,2040-07-13,404,66,Tablet,Eletrônicos,2,352.68,705.36,IL,Entrega dentro do prazo previsto.
6770,2040-07-14,434,37,Smartphone,Eletrônicos,3,300.04,900.11,IL,Muito satisfeito com a compra.
6771,2040-07-15,112,58,Fone de ouvido,Acessórios,1,384.94,384.94,FL,Atendimento sem problema
6772,2040-07-16,929,25,Smartphone,Eletrônicos,2,69.91,139.83,NY,Muito satisfeito com a compra.
6773,2040-07-17,375,53,Smartphone,Eletrônicos,4,1724.48,6897.91,NY,Excelente produto!
6774,2040-07-18,59,25,Laptop,Eletrônicos,4,1142.29,4569.16,IL,Entrega dentro do prazo previsto.
6775,2040-07-19,43,48,Tablet,Eletrônicos,2,797.14,1594.29,IL,Muito satisfeito com a compra.
6776,2040-07-20,207,72,Tablet,Eletrônicos,2,849.07,1698.14,FL,Excelente produto!
6777,2040-07-21,780,39,Smartphone,Eletrônicos,3,953.53,2860.6,FL,Produto com ótimo custo-benefício.
6778,2040-07-22,296,59,Laptop,Eletrônicos,5,194.07,970.36,NY,Atendimento excepcional.
6779,2040-07-23,118,77,Laptop,Eletrônicos,3,585.6,1756.79,TX,Atendimento excepcional.
6780,2040-07-24,532,67,Laptop,Eletrônicos,5,1710.67,8553.36,NY,Produto ok.
6781,2040-07-25,222,64,Fone de ouvido,Acessórios,4,1500.17,6000.67,NY,Entrega rápida!
6782,2040-07-26,166,36,Smartphone,Eletrônicos,5,1148.64,5743.2,FL,Péssimo atendimento
6783,2040-07-27,643,37,Fone de ouvido,Acessórios,3,987.37,2962.12,TX,Entrega rápida!
6784,2040-07-28,156,40,Laptop,Eletrônicos,2,555.0,1110.0,TX,Entrega rápida!
6785,2040-07-29,184,41,Laptop,Eletrônicos,5,968.95,4844.74,FL,Péssimo atendimento
6786,2040-07-30,90,79,Laptop,Eletrônicos,3,1215.82,3647.45,CA,Produto com ótimo custo-benefício.
6787,2040-07-31,94,60,Tablet,Eletrônicos,4,1439.64,5758.58,FL,Qualidade inferior ao anunciado
6788,2040-08-01,13,41,Smartphone,Eletrônicos,5,374.95,1874.74,IL,Atendimento excepcional.
6789,2040-08-02,973,53,Tablet,Eletrônicos,4,1635.57,6542.26,TX,Muito satisfeito com a compra.
6790,2040-08-03,834,26,Fone de ouvido,Acessórios,4,724.33,2897.33,FL,Entrega rápida!
6791,2040-08-04,805,57,Tablet,Eletrônicos,1,1031.35,1031.35,NY,Produto com ótimo custo-benefício.
6792,2040-08-05,945,33,Smartphone,Eletrônicos,5,1235.41,6177.07,NY,Entrega rápida!
6793,2040-08-06,742,44,Tablet,Eletrônicos,3,1001.79,3005.36,NY,Produto com ótimo custo-benefício.
6794,2040-08-07,834,62,Laptop,Eletrônicos,5,1165.32,5826.58,FL,Excelente produto!
6795,2040-08-08,804,54,Fone de ouvido,Acessórios,5,267.47,1337.35,CA,Produto com ótimo custo-benefício.
6796,2040-08-09,438,30,Fone de ouvido,Acessórios,4,892.7,3570.81,IL,Produto com ótimo custo-benefício.
6797,2040-08-10,538,68,Laptop,Eletrônicos,4,596.91,2387.65,NY,Entrega atrasada
6798,2040-08-11,587,19,Laptop,Eletrônicos,4,217.75,871.0,FL,Atendimento excepcional.
6799,2040-08-12,968,29,Laptop,Eletrônicos,4,423.72,1694.86,CA,Produto cumpre o que promete
6800,2040-08-13,876,58,Smartphone,Eletrônicos,3,1224.77,3674.3,TX,Muito satisfeito com a compra.
6801,2040-08-14,936,50,Tablet,Eletrônicos,2,433.54,867.08,TX,Excelente produto!
6802,2040-08-15,811,40,Fone de ouvido,Acessórios,1,403.07,403.07,IL,Produto com ótimo custo-benefício.
6803,2040-08-16,150,76,Tablet,Eletrônicos,4,1128.02,4512.08,FL,Sem reclamações.
6804,2040-08-17,660,78,Laptop,Eletrônicos,4,1814.17,7256.68,FL,Atendimento sem problema
6805,2040-08-18,8,31,Laptop,Eletrônicos,1,1587.95,1587.95,NY,Produto com ótimo custo-benefício.
6806,2040-08-19,29,56,Tablet,Eletrônicos,4,1814.92,7259.7,CA,Excelente produto!
6807,2040-08-20,296,66,Fone de ouvido,Acessórios,2,1186.81,2373.62,IL,Excelente produto!
6808,2040-08-21,986,47,Smartphone,Eletrônicos,5,849.36,4246.81,CA,Sem reclamações.
6809,2040-08-22,926,72,Tablet,Eletrônicos,1,1472.8,1472.8,IL,Atendimento excepcional.
6810,2040-08-23,721,63,Laptop,Eletrônicos,3,559.66,1678.98,FL,Atendimento sem problema
6811,2040-08-24,640,66,Laptop,Eletrônicos,1,202.21,202.21,FL,Entrega dentro do prazo previsto.
6812,2040-08-25,340,51,Smartphone,Eletrônicos,2,722.0,1444.0,IL,Sem reclamações.
6813,2040-08-26,628,26,Tablet,Eletrônicos,3,633.51,1900.53,CA,Produto com ótimo custo-benefício.
6814,2040-08-27,439,32,Smartphone,Eletrônicos,5,1367.3,6836.5,TX,Produto ok.
6815,2040-08-28,144,41,Smartphone,Eletrônicos,4,1125.16,4500.63,TX,Excelente produto!
6816,2040-08-29,942,65,Fone de ouvido,Acessórios,1,319.61,319.61,NY,Excelente produto!
6817,2040-08-30,830,58,Fone de ouvido,Acessórios,3,1821.58,5464.75,NY,Excelente produto!
6818,2040-08-31,747,77,Laptop,Eletrônicos,1,1207.01,1207.01,CA,Produto cumpre o que promete
6819,2040-09-01,519,42,Tablet,Eletrônicos,5,942.48,4712.42,FL,Atendimento excepcional.
6820,2040-09-02,976,53,Fone de ouvido,Acessórios,1,1877.53,1877.53,CA,Atendimento sem problema
6821,2040-09-03,45,49,Laptop,Eletrônicos,3,239.74,719.22,IL,Atendimento sem problema
6822,2040-09-04,955,64,Tablet,Eletrônicos,2,1589.71,3179.41,TX,Sem reclamações.
6823,2040-09-05,239,38,Laptop,Eletrônicos,3,761.1,2283.29,NY,Excelente produto!
6824,2040-09-06,952,59,Fone de ouvido,Acessórios,1,1406.01,1406.01,CA,Produto com defeito
6825,2040-09-07,944,56,Laptop,Eletrônicos,5,1864.91,9324.57,CA,Entrega rápida!
6826,2040-09-08,155,23,Tablet,Eletrônicos,4,1059.54,4238.16,IL,Entrega dentro do prazo previsto.
6827,2040-09-09,181,64,Tablet,Eletrônicos,4,94.15,376.58,FL,Excelente produto!
6828,2040-09-10,215,42,Laptop,Eletrônicos,5,106.25,531.27,FL,Entrega dentro do prazo previsto.
6829,2040-09-11,88,19,Tablet,Eletrônicos,1,694.59,694.59,TX,Entrega rápida!
6830,2040-09-12,256,48,Laptop,Eletrônicos,5,1574.23,7871.17,NY,Produto ok.
6831,2040-09-13,511,73,Tablet,Eletrônicos,1,612.11,612.11,FL,Atendimento excepcional.
6832,2040-09-14,73,47,Laptop,Eletrônicos,3,702.21,2106.64,FL,Produto cumpre o que promete
6833,2040-09-15,931,32,Laptop,Eletrônicos,2,1579.7,3159.4,FL,Produto com ótimo custo-benefício.
6834,2040-09-16,179,35,Laptop,Eletrônicos,1,276.57,276.57,CA,Produto cumpre o que promete
6835,2040-09-17,212,49,Smartphone,Eletrônicos,4,1701.29,6805.14,FL,Excelente produto!
6836,2040-09-18,805,31,Tablet,Eletrônicos,4,568.3,2273.18,IL,Entrega dentro do prazo previsto.
6837,2040-09-19,234,79,Fone de ouvido,Acessórios,2,149.88,299.77,TX,Excelente produto!
6838,2040-09-20,465,35,Laptop,Eletrônicos,1,278.82,278.82,FL,Muito satisfeito com a compra.
6839,2040-09-21,751,52,Smartphone,Eletrônicos,2,1907.48,3814.96,NY,Entrega dentro do prazo previsto.
6840,2040-09-22,223,69,Fone de ouvido,Acessórios,3,930.08,2790.25,CA,Produto ok.
6841,2040-09-23,631,39,Laptop,Eletrônicos,2,550.05,1100.11,IL,Atendimento sem problema
6842,2040-09-24,825,31,Fone de ouvido,Acessórios,3,1066.48,3199.44,TX,Arrependido da compra
6843,2040-09-25,264,55,Smartphone,Eletrônicos,4,1380.58,5522.3,CA,Entrega rápida!
6844,2040-09-26,207,31,Fone de ouvido,Acessórios,3,671.66,2014.97,IL,Atendimento excepcional.
6845,2040-09-27,607,51,Laptop,Eletrônicos,1,1464.28,1464.28,CA,Produto com ótimo custo-benefício.
6846,2040-09-28,885,39,Fone de ouvido,Acessórios,1,541.89,541.89,TX,Muito satisfeito com a compra.
6847,2040-09-29,734,33,Fone de ouvido,Acessórios,1,269.06,269.06,TX,Entrega rápida!
6848,2040-09-30,366,73,Laptop,Eletrônicos,1,1121.93,1121.93,FL,Sem reclamações.
6849,2040-10-01,276,65,Smartphone,Eletrônicos,5,344.68,1723.41,NY,Entrega rápida!
6850,2040-10-02,380,70,Smartphone,Eletrônicos,3,1883.95,5651.84,FL,Atendimento excepcional.
6851,2040-10-03,743,66,Fone de ouvido,Acessórios,1,50.88,50.88,CA,Excelente produto!
6852,2040-10-04,309,33,Tablet,Eletrônicos,2,1523.61,3047.21,FL,Entrega rápida!
6853,2040-10-05,631,33,Fone de ouvido,Acessórios,2,594.97,1189.95,TX,Excelente produto!
6854,2040-10-06,268,57,Tablet,Eletrônicos,5,1699.87,8499.35,TX,Entrega rápida!
6855,2040-10-07,945,55,Fone de ouvido,Acessórios,3,167.29,501.88,TX,Péssimo atendimento
6856,2040-10-08,785,35,Smartphone,Eletrônicos,3,1908.35,5725.05,FL,Muito satisfeito com a compra.
6857,2040-10-09,64,40,Fone de ouvido,Acessórios,3,247.72,743.16,IL,Produto ok.
6858,2040-10-10,810,63,Fone de ouvido,Acessórios,5,1586.37,7931.86,FL,Muito satisfeito com a compra.
6859,2040-10-11,350,65,Tablet,Eletrônicos,3,1058.82,3176.45,FL,Entrega rápida!
6860,2040-10-12,925,57,Smartphone,Eletrônicos,3,889.27,2667.81,FL,Entrega rápida!
6861,2040-10-13,915,35,Tablet,Eletrônicos,1,596.3,596.3,FL,Produto cumpre o que promete
6862,2040-10-14,494,63,Fone de ouvido,Acessórios,3,1690.67,5072.01,TX,Entrega atrasada
6863,2040-10-15,523,66,Laptop,Eletrônicos,1,439.52,439.52,NY,Atendimento excepcional.
6864,2040-10-16,98,39,Fone de ouvido,Acessórios,1,1456.42,1456.42,FL,Entrega rápida!
6865,2040-10-17,946,78,Fone de ouvido,Acessórios,3,919.29,2757.88,FL,Muito satisfeito com a compra.
6866,2040-10-18,71,71,Tablet,Eletrônicos,2,1997.07,3994.13,NY,Entrega rápida!
6867,2040-10-19,364,57,Laptop,Eletrônicos,4,1242.23,4968.91,FL,Produto ok.
6868,2040-10-20,570,47,Laptop,Eletrônicos,2,253.17,506.34,NY,Produto com ótimo custo-benefício.
6869,2040-10-21,802,65,Tablet,Eletrônicos,3,868.07,2604.2,TX,Excelente produto!
6870,2040-10-22,763,72,Smartphone,Eletrônicos,3,179.28,537.85,IL,Produto com defeito
6871,2040-10-23,276,73,Laptop,Eletrônicos,2,607.03,1214.06,FL,Atendimento excepcional.
6872,2040-10-24,50,59,Laptop,Eletrônicos,3,719.47,2158.4,IL,Entrega dentro do prazo previsto.
6873,2040-10-25,358,59,Tablet,Eletrônicos,1,1713.69,1713.69,FL,Sem reclamações.
6874,2040-10-26,728,79,Smartphone,Eletrônicos,5,1684.08,8420.38,CA,Entrega rápida!
6875,2040-10-27,906,70,Smartphone,Eletrônicos,3,72.54,217.61,CA,Produto com ótimo custo-benefício.
6876,2040-10-28,928,35,Fone de ouvido,Acessórios,3,1087.94,3263.83,TX,Entrega rápida!
6877,2040-10-29,564,70,Fone de ouvido,Acessórios,2,485.91,971.82,IL,Arrependido da compra
6878,2040-10-30,783,35,Tablet,Eletrônicos,1,674.18,674.18,IL,Atendimento sem problema
6879,2040-10-31,485,58,Smartphone,Eletrônicos,2,92.22,184.44,NY,Excelente produto!
6880,2040-11-01,84,70,Tablet,Eletrônicos,2,1512.0,3024.01,NY,Atendimento sem problema
6881,2040-11-02,899,18,Fone de ouvido,Acessórios,3,1903.65,5710.95,FL,Atendimento sem problema
6882,2040-11-03,805,74,Tablet,Eletrônicos,1,477.57,477.57,NY,Muito satisfeito com a compra.
6883,2040-11-04,638,65,Tablet,Eletrônicos,3,716.46,2149.37,NY,Atendimento excepcional.
6884,2040-11-05,808,59,Laptop,Eletrônicos,3,452.55,1357.64,IL,Entrega dentro do prazo previsto.
6885,2040-11-06,584,32,Laptop,Eletrônicos,3,1863.59,5590.78,CA,Muito satisfeito com a compra.
6886,2040-11-07,296,22,Laptop,Eletrônicos,3,68.24,204.73,IL,Produto cumpre o que promete
6887,2040-11-08,236,44,Fone de ouvido,Acessórios,5,1188.53,5942.66,NY,Produto ok.
6888,2040-11-09,56,34,Tablet,Eletrônicos,4,1747.99,6991.96,FL,Muito satisfeito com a compra.
6889,2040-11-10,919,58,Laptop,Eletrônicos,1,413.3,413.3,CA,Sem reclamações.
6890,2040-11-11,360,74,Laptop,Eletrônicos,5,1200.49,6002.45,NY,Excelente produto!
6891,2040-11-12,907,75,Laptop,Eletrônicos,4,148.76,595.06,NY,Atendimento sem problema
6892,2040-11-13,110,75,Fone de ouvido,Acessórios,4,1638.44,6553.76,FL,Excelente produto!
6893,2040-11-14,192,74,Fone de ouvido,Acessórios,4,585.14,2340.55,FL,Entrega dentro do prazo previsto.
6894,2040-11-15,904,49,Tablet,Eletrônicos,5,1978.07,9890.35,NY,Produto ok.
6895,2040-11-16,93,55,Tablet,Eletrônicos,1,1847.92,1847.92,NY,Muito satisfeito com a compra.
6896,2040-11-17,862,43,Tablet,Eletrônicos,2,1478.41,2956.81,IL,Excelente produto!
6897,2040-11-18,568,75,Laptop,Eletrônicos,4,1018.84,4075.37,TX,Entrega rápida!
6898,2040-11-19,60,19,Smartphone,Eletrônicos,2,1544.85,3089.7,FL,Produto com ótimo custo-benefício.
6899,2040-11-20,650,45,Fone de ouvido,Acessórios,2,304.69,609.38,FL,Produto com ótimo custo-benefício.
6900,2040-11-21,39,62,Laptop,Eletrônicos,3,654.89,1964.67,IL,Péssimo atendimento
6901,2040-11-22,540,40,Laptop,Eletrônicos,2,102.45,204.9,CA,Produto cumpre o que promete
6902,2040-11-23,49,67,Tablet,Eletrônicos,3,1307.8,3923.39,CA,Entrega rápida!
6903,2040-11-24,420,37,Tablet,Eletrônicos,1,1620.8,1620.8,CA,Produto cumpre o que promete
6904,2040-11-25,637,53,Laptop,Eletrônicos,1,1895.26,1895.26,FL,Produto com ótimo custo-benefício.
6905,2040-11-26,13,59,Fone de ouvido,Acessórios,3,1388.69,4166.07,TX,Atendimento sem problema
6906,2040-11-27,992,72,Fone de ouvido,Acessórios,1,1477.58,1477.58,TX,Atendimento excepcional.
6907,2040-11-28,36,39,Laptop,Eletrônicos,4,1796.14,7184.56,IL,Excelente produto!
6908,2040-11-29,101,77,Smartphone,Eletrônicos,1,1875.94,1875.94,CA,Produto com ótimo custo-benefício.
6909,2040-11-30,794,28,Smartphone,Eletrônicos,3,1008.03,3024.09,CA,Péssimo atendimento
6910,2040-12-01,86,45,Fone de ouvido,Acessórios,4,264.09,1056.34,NY,Atendimento excepcional.
6911,2040-12-02,516,62,Tablet,Eletrônicos,2,959.51,1919.03,IL,Entrega rápida!
6912,2040-12-03,223,77,Smartphone,Eletrônicos,2,1134.34,2268.69,IL,Entrega rápida!
6913,2040-12-04,338,75,Smartphone,Eletrônicos,2,1281.51,2563.02,FL,Produto com ótimo custo-benefício.
6914,2040-12-05,960,72,Tablet,Eletrônicos,3,1979.1,5937.31,FL,Muito satisfeito com a compra.
6915,2040-12-06,166,39,Smartphone,Eletrônicos,2,1839.25,3678.5,IL,Produto cumpre o que promete
6916,2040-12-07,383,34,Laptop,Eletrônicos,1,822.91,822.91,TX,Excelente produto!
6917,2040-12-08,856,48,Smartphone,Eletrônicos,2,271.23,542.47,IL,Muito satisfeito com a compra.
6918,2040-12-09,895,28,Tablet,Eletrônicos,5,468.84,2344.22,TX,Atendimento excepcional.
6919,2040-12-10,376,53,Laptop,Eletrônicos,5,388.91,1944.55,FL,Muito satisfeito com a compra.
6920,2040-12-11,471,31,Smartphone,Eletrônicos,2,744.22,1488.45,IL,Atendimento excepcional.
6921,2040-12-12,790,52,Fone de ouvido,Acessórios,2,1759.15,3518.31,TX,Atendimento excepcional.
6922,2040-12-13,642,40,Laptop,Eletrônicos,5,904.04,4520.19,NY,Muito satisfeito com a compra.
6923,2040-12-14,31,46,Laptop,Eletrônicos,2,1156.19,2312.38,NY,Entrega rápida!
6924,2040-12-15,375,40,Fone de ouvido,Acessórios,4,399.38,1597.5,IL,Atendimento excepcional.
6925,2040-12-16,11,61,Fone de ouvido,Acessórios,5,1011.05,5055.27,CA,Produto com ótimo custo-benefício.
6926,2040-12-17,988,77,Smartphone,Eletrônicos,3,1753.57,5260.72,IL,Muito satisfeito com a compra.
6927,2040-12-18,302,76,Smartphone,Eletrônicos,5,1558.25,7791.27,FL,Entrega dentro do prazo previsto.
6928,2040-12-19,96,53,Tablet,Eletrônicos,1,208.32,208.32,FL,Produto ok.
6929,2040-12-20,190,33,Tablet,Eletrônicos,4,1731.04,6924.16,NY,Atendimento excepcional.
6930,2040-12-21,453,56,Laptop,Eletrônicos,3,583.96,1751.89,TX,Atendimento excepcional.
6931,2040-12-22,192,37,Fone de ouvido,Acessórios,2,1348.15,2696.29,NY,Produto com ótimo custo-benefício.
6932,2040-12-23,486,42,Fone de ouvido,Acessórios,1,335.45,335.45,TX,Entrega atrasada
6933,2040-12-24,266,36,Tablet,Eletrônicos,1,1365.56,1365.56,IL,Atendimento excepcional.
6934,2040-12-25,424,43,Laptop,Eletrônicos,4,119.62,478.47,CA,Entrega rápida!
6935,2040-12-26,128,49,Laptop,Eletrônicos,3,1221.26,3663.77,FL,Atendimento excepcional.
6936,2040-12-27,238,67,Tablet,Eletrônicos,1,1309.58,1309.58,IL,Excelente produto!
6937,2040-12-28,920,38,Tablet,Eletrônicos,3,526.77,1580.31,NY,Produto com ótimo custo-benefício.
6938,2040-12-29,355,26,Tablet,Eletrônicos,3,1877.1,5631.31,IL,Produto ok.
6939,2040-12-30,940,60,Smartphone,Eletrônicos,1,139.65,139.65,CA,Excelente produto!
6940,2040-12-31,112,36,Laptop,Eletrônicos,3,1788.83,5366.5,TX,Muito satisfeito com a compra.
6941,2041-01-01,828,66,Laptop,Eletrônicos,4,794.7,3178.8,CA,Produto com defeito
6942,2041-01-02,446,74,Laptop,Eletrônicos,1,1442.13,1442.13,NY,Produto com ótimo custo-benefício.
6943,2041-01-03,343,38,Tablet,Eletrônicos,4,1320.52,5282.08,CA,Produto com ótimo custo-benefício.
6944,2041-01-04,145,35,Tablet,Eletrônicos,4,378.08,1512.32,FL,Atendimento excepcional.
6945,2041-01-05,65,23,Tablet,Eletrônicos,3,672.05,2016.15,CA,Excelente produto!
6946,2041-01-06,247,52,Tablet,Eletrônicos,3,1082.86,3248.59,IL,Entrega dentro do prazo previsto.
6947,2041-01-07,735,31,Fone de ouvido,Acessórios,1,1700.7,1700.7,TX,Muito satisfeito com a compra.
6948,2041-01-08,991,26,Tablet,Eletrônicos,2,1911.98,3823.95,FL,Sem reclamações.
6949,2041-01-09,490,52,Smartphone,Eletrônicos,1,90.14,90.14,FL,Sem reclamações.
6950,2041-01-10,825,19,Fone de ouvido,Acessórios,4,737.49,2949.95,FL,Produto com ótimo custo-benefício.
6951,2041-01-11,439,68,Fone de ouvido,Acessórios,3,1352.88,4058.64,NY,Produto com ótimo custo-benefício.
6952,2041-01-12,106,23,Tablet,Eletrônicos,4,1079.07,4316.29,NY,Atendimento excepcional.
6953,2041-01-13,181,52,Laptop,Eletrônicos,5,1888.89,9444.47,IL,Produto ok.
6954,2041-01-14,184,74,Tablet,Eletrônicos,5,83.09,415.45,TX,Produto com ótimo custo-benefício.
6955,2041-01-15,226,42,Laptop,Eletrônicos,4,903.59,3614.37,CA,Muito satisfeito com a compra.
6956,2041-01-16,777,26,Tablet,Eletrônicos,2,1354.17,2708.34,IL,Atendimento sem problema
6957,2041-01-17,790,67,Tablet,Eletrônicos,2,474.29,948.58,NY,Excelente produto!
6958,2041-01-18,909,48,Laptop,Eletrônicos,1,1465.45,1465.45,IL,Produto com ótimo custo-benefício.
6959,2041-01-19,89,24,Laptop,Eletrônicos,1,208.4,208.4,TX,Excelente produto!
6960,2041-01-20,688,45,Laptop,Eletrônicos,1,929.53,929.53,IL,Atendimento excepcional.
6961,2041-01-21,530,19,Laptop,Eletrônicos,3,1368.66,4105.97,FL,Produto com ótimo custo-benefício.
6962,2041-01-22,371,18,Smartphone,Eletrônicos,2,570.18,1140.35,CA,Produto ok.
6963,2041-01-23,972,54,Laptop,Eletrônicos,4,194.0,776.0,NY,Excelente produto!
6964,2041-01-24,936,76,Tablet,Eletrônicos,5,1916.19,9580.96,NY,Entrega rápida!
6965,2041-01-25,913,76,Tablet,Eletrônicos,2,1831.95,3663.91,TX,Atendimento excepcional.
6966,2041-01-26,399,41,Smartphone,Eletrônicos,2,1856.42,3712.84,TX,Atendimento sem problema
6967,2041-01-27,106,79,Laptop,Eletrônicos,2,1958.08,3916.16,TX,Entrega dentro do prazo previsto.
6968,2041-01-28,271,52,Tablet,Eletrônicos,1,410.16,410.16,NY,Produto com ótimo custo-benefício.
6969,2041-01-29,975,24,Smartphone,Eletrônicos,3,357.66,1072.99,FL,Muito satisfeito com a compra.
6970,2041-01-30,831,55,Tablet,Eletrônicos,4,116.72,466.87,CA,Sem reclamações.
6971,2041-01-31,503,76,Smartphone,Eletrônicos,1,1789.05,1789.05,TX,Excelente produto!
6972,2041-02-01,679,46,Smartphone,Eletrônicos,3,1517.89,4553.66,NY,Entrega rápida!
6973,2041-02-02,525,79,Fone de ouvido,Acessórios,2,1284.86,2569.72,FL,Excelente produto!
6974,2041-02-03,849,18,Fone de ouvido,Acessórios,3,1858.97,5576.91,TX,Excelente produto!
6975,2041-02-04,32,77,Laptop,Eletrônicos,1,1171.4,1171.4,TX,Excelente produto!
6976,2041-02-05,393,72,Fone de ouvido,Acessórios,2,302.97,605.95,CA,Sem reclamações.
6977,2041-02-06,40,68,Smartphone,Eletrônicos,1,394.89,394.89,CA,Excelente produto!
6978,2041-02-07,660,47,Tablet,Eletrônicos,4,307.76,1231.03,IL,Excelente produto!
6979,2041-02-08,218,69,Tablet,Eletrônicos,2,649.93,1299.87,TX,Excelente produto!
6980,2041-02-09,731,63,Laptop,Eletrônicos,3,790.02,2370.06,IL,Excelente produto!
6981,2041-02-10,981,49,Fone de ouvido,Acessórios,1,1603.84,1603.84,NY,Entrega rápida!
6982,2041-02-11,82,27,Laptop,Eletrônicos,5,422.95,2114.73,CA,Produto com ótimo custo-benefício.
6983,2041-02-12,845,51,Smartphone,Eletrônicos,3,1464.46,4393.39,FL,Entrega rápida!
6984,2041-02-13,720,28,Fone de ouvido,Acessórios,3,1007.9,3023.69,TX,Atendimento excepcional.
6985,2041-02-14,201,65,Laptop,Eletrônicos,2,1999.34,3998.67,TX,Entrega rápida!
6986,2041-02-15,447,66,Tablet,Eletrônicos,3,1564.34,4693.01,IL,Péssimo atendimento
6987,2041-02-16,844,54,Tablet,Eletrônicos,1,1939.46,1939.46,CA,Muito satisfeito com a compra.
6988,2041-02-17,428,71,Laptop,Eletrônicos,5,717.59,3587.93,IL,Atendimento sem problema
6989,2041-02-18,38,44,Laptop,Eletrônicos,4,289.95,1159.79,TX,Excelente produto!
6990,2041-02-19,211,67,Laptop,Eletrônicos,5,1036.5,5182.48,CA,Atendimento excepcional.
6991,2041-02-20,444,65,Smartphone,Eletrônicos,1,292.27,292.27,TX,Muito satisfeito com a compra.
6992,2041-02-21,327,27,Smartphone,Eletrônicos,2,1010.28,2020.56,CA,Produto com ótimo custo-benefício.
6993,2041-02-22,761,55,Tablet,Eletrônicos,1,576.39,576.39,TX,Atendimento excepcional.
6994,2041-02-23,227,39,Smartphone,Eletrônicos,3,1007.54,3022.63,FL,Muito satisfeito com a compra.
6995,2041-02-24,48,41,Smartphone,Eletrônicos,2,1901.79,3803.58,IL,Excelente produto!
6996,2041-02-25,18,25,Fone de ouvido,Acessórios,4,613.62,2454.47,CA,Muito satisfeito com a compra.
6997,2041-02-26,912,23,Smartphone,Eletrônicos,4,1987.2,7948.79,IL,Sem reclamações.
6998,2041-02-27,439,72,Fone de ouvido,Acessórios,1,497.19,497.19,CA,Excelente produto!
6999,2041-02-28,807,21,Smartphone,Eletrônicos,3,455.81,1367.43,CA,Atendimento excepcional.
7000,2041-03-01,708,22,Tablet,Eletrônicos,4,1112.34,4449.35,CA,Sem reclamações.
7001,2041-03-02,187,23,Laptop,Eletrônicos,5,1691.99,8459.94,TX,Excelente produto!
7002,2041-03-03,345,64,Tablet,Eletrônicos,2,1511.53,3023.06,NY,Produto cumpre o que promete
7003,2041-03-04,224,49,Smartphone,Eletrônicos,5,1460.9,7304.49,TX,Produto com defeito
7004,2041-03-05,830,55,Laptop,Eletrônicos,4,601.13,2404.54,NY,Entrega rápida!
7005,2041-03-06,488,68,Laptop,Eletrônicos,4,93.91,375.63,TX,Atendimento excepcional.
7006,2041-03-07,909,74,Laptop,Eletrônicos,1,365.41,365.41,NY,Entrega atrasada
7007,2041-03-08,877,37,Fone de ouvido,Acessórios,1,731.47,731.47,CA,Muito satisfeito com a compra.
7008,2041-03-09,849,57,Tablet,Eletrônicos,2,1944.78,3889.57,CA,Muito satisfeito com a compra.
7009,2041-03-10,229,62,Fone de ouvido,Acessórios,1,1843.57,1843.57,NY,Muito satisfeito com a compra.
7010,2041-03-11,390,53,Laptop,Eletrônicos,3,441.26,1323.77,NY,Atendimento excepcional.
7011,2041-03-12,979,71,Tablet,Eletrônicos,2,1464.96,2929.93,IL,Arrependido da compra
7012,2041-03-13,589,66,Tablet,Eletrônicos,3,1179.08,3537.25,CA,Atendimento excepcional.
7013,2041-03-14,188,31,Smartphone,Eletrônicos,1,147.19,147.19,TX,Atendimento excepcional.
7014,2041-03-15,858,67,Fone de ouvido,Acessórios,2,774.83,1549.65,IL,Produto com ótimo custo-benefício.
7015,2041-03-16,270,64,Fone de ouvido,Acessórios,4,997.84,3991.38,NY,Atendimento excepcional.
7016,2041-03-17,607,71,Smartphone,Eletrônicos,5,1351.77,6758.85,TX,Entrega rápida!
7017,2041-03-18,310,36,Fone de ouvido,Acessórios,4,625.06,2500.26,FL,Arrependido da compra
7018,2041-03-19,132,28,Laptop,Eletrônicos,3,1870.95,5612.84,FL,Atendimento sem problema
7019,2041-03-20,551,56,Laptop,Eletrônicos,4,931.16,3724.66,FL,Entrega rápida!
7020,2041-03-21,72,18,Fone de ouvido,Acessórios,4,534.63,2138.53,TX,Produto com ótimo custo-benefício.
7021,2041-03-22,793,79,Smartphone,Eletrônicos,5,667.03,3335.17,NY,Produto com ótimo custo-benefício.
7022,2041-03-23,845,52,Tablet,Eletrônicos,5,1516.18,7580.88,TX,Entrega rápida!
7023,2041-03-24,672,36,Fone de ouvido,Acessórios,4,1298.56,5194.23,IL,Excelente produto!
7024,2041-03-25,187,79,Tablet,Eletrônicos,5,1497.25,7486.24,IL,Produto ok.
7025,2041-03-26,486,77,Smartphone,Eletrônicos,4,620.07,2480.27,FL,Excelente produto!
7026,2041-03-27,191,50,Tablet,Eletrônicos,2,687.35,1374.71,NY,Entrega dentro do prazo previsto.
7027,2041-03-28,422,49,Smartphone,Eletrônicos,4,823.6,3294.41,IL,Muito satisfeito com a compra.
7028,2041-03-29,120,53,Smartphone,Eletrônicos,1,417.76,417.76,CA,Péssimo atendimento
7029,2041-03-30,220,41,Laptop,Eletrônicos,5,1397.54,6987.68,CA,Produto com ótimo custo-benefício.
7030,2041-03-31,53,60,Laptop,Eletrônicos,5,692.23,3461.16,FL,Entrega dentro do prazo previsto.
7031,2041-04-01,734,24,Smartphone,Eletrônicos,3,686.16,2058.48,FL,Produto cumpre o que promete
7032,2041-04-02,451,24,Fone de ouvido,Acessórios,3,575.26,1725.79,FL,Entrega atrasada
7033,2041-04-03,412,63,Laptop,Eletrônicos,1,933.01,933.01,IL,Atendimento sem problema
7034,2041-04-04,643,64,Smartphone,Eletrônicos,5,1555.35,7776.77,NY,Sem reclamações.
7035,2041-04-05,237,22,Tablet,Eletrônicos,5,1679.44,8397.18,FL,Entrega rápida!
7036,2041-04-06,758,31,Tablet,Eletrônicos,3,1618.79,4856.37,TX,Atendimento excepcional.
7037,2041-04-07,738,62,Fone de ouvido,Acessórios,3,1261.33,3783.98,FL,Atendimento excepcional.
7038,2041-04-08,720,69,Tablet,Eletrônicos,4,596.83,2387.33,IL,Produto com ótimo custo-benefício.
7039,2041-04-09,406,43,Tablet,Eletrônicos,5,1482.97,7414.84,NY,Produto ok.
7040,2041-04-10,608,71,Smartphone,Eletrônicos,5,126.76,633.78,FL,Produto com ótimo custo-benefício.
7041,2041-04-11,422,67,Tablet,Eletrônicos,4,1606.4,6425.59,CA,Produto com ótimo custo-benefício.
7042,2041-04-12,712,18,Tablet,Eletrônicos,5,1571.44,7857.22,FL,Excelente produto!
7043,2041-04-13,247,30,Tablet,Eletrônicos,1,1356.5,1356.5,FL,Muito satisfeito com a compra.
7044,2041-04-14,72,40,Tablet,Eletrônicos,3,240.95,722.86,NY,Entrega rápida!
7045,2041-04-15,830,78,Smartphone,Eletrônicos,3,1994.82,5984.45,TX,Atendimento excepcional.
7046,2041-04-16,185,37,Tablet,Eletrônicos,3,1525.0,4574.99,FL,Entrega rápida!
7047,2041-04-17,6,24,Fone de ouvido,Acessórios,2,1482.87,2965.75,FL,Entrega rápida!
7048,2041-04-18,206,23,Laptop,Eletrônicos,1,174.82,174.82,IL,Atendimento excepcional.
7049,2041-04-19,544,76,Fone de ouvido,Acessórios,1,827.47,827.47,NY,Produto com defeito
7050,2041-04-20,611,26,Laptop,Eletrônicos,4,218.04,872.15,IL,Péssimo atendimento
7051,2041-04-21,906,45,Fone de ouvido,Acessórios,2,754.02,1508.04,FL,Excelente produto!
7052,2041-04-22,387,27,Laptop,Eletrônicos,5,1162.45,5812.23,FL,Excelente produto!
7053,2041-04-23,768,71,Laptop,Eletrônicos,1,1763.8,1763.8,CA,Produto com ótimo custo-benefício.
7054,2041-04-24,699,52,Laptop,Eletrônicos,2,601.73,1203.46,IL,Qualidade inferior ao anunciado
7055,2041-04-25,76,24,Laptop,Eletrônicos,2,1265.66,2531.32,NY,Produto com ótimo custo-benefício.
7056,2041-04-26,177,42,Smartphone,Eletrônicos,1,371.07,371.07,FL,Sem reclamações.
7057,2041-04-27,827,47,Fone de ouvido,Acessórios,4,740.23,2960.92,CA,Produto ok.
7058,2041-04-28,799,60,Laptop,Eletrônicos,2,1897.11,3794.23,CA,Arrependido da compra
7059,2041-04-29,349,43,Fone de ouvido,Acessórios,3,1507.9,4523.7,TX,Entrega dentro do prazo previsto.
7060,2041-04-30,255,61,Tablet,Eletrônicos,2,1114.32,2228.64,NY,Produto cumpre o que promete
7061,2041-05-01,837,29,Laptop,Eletrônicos,5,540.81,2704.04,CA,Produto cumpre o que promete
7062,2041-05-02,702,30,Fone de ouvido,Acessórios,1,790.43,790.43,NY,Produto cumpre o que promete
7063,2041-05-03,308,71,Smartphone,Eletrônicos,5,355.55,1777.76,FL,Muito satisfeito com a compra.
7064,2041-05-04,345,72,Fone de ouvido,Acessórios,4,739.26,2957.04,TX,Péssimo atendimento
7065,2041-05-05,127,57,Laptop,Eletrônicos,3,343.73,1031.2,NY,Sem reclamações.
7066,2041-05-06,937,21,Tablet,Eletrônicos,1,1600.85,1600.85,TX,Muito satisfeito com a compra.
7067,2041-05-07,287,70,Fone de ouvido,Acessórios,2,207.48,414.96,NY,Muito satisfeito com a compra.
7068,2041-05-08,766,69,Tablet,Eletrônicos,3,419.34,1258.02,NY,Entrega dentro do prazo previsto.
7069,2041-05-09,725,18,Smartphone,Eletrônicos,2,1397.78,2795.55,IL,Excelente produto!
7070,2041-05-10,762,23,Fone de ouvido,Acessórios,4,1809.91,7239.63,TX,Entrega dentro do prazo previsto.
7071,2041-05-11,596,72,Fone de ouvido,Acessórios,1,1930.95,1930.95,NY,Excelente produto!
7072,2041-05-12,487,19,Smartphone,Eletrônicos,4,1680.24,6720.98,IL,Entrega atrasada
7073,2041-05-13,383,71,Smartphone,Eletrônicos,4,462.37,1849.48,IL,Muito satisfeito com a compra.
7074,2041-05-14,406,63,Smartphone,Eletrônicos,4,607.14,2428.55,TX,Excelente produto!
7075,2041-05-15,388,44,Laptop,Eletrônicos,4,1747.97,6991.87,FL,Produto cumpre o que promete
7076,2041-05-16,525,35,Laptop,Eletrônicos,2,1784.2,3568.4,TX,Entrega rápida!
7077,2041-05-17,557,59,Fone de ouvido,Acessórios,5,1299.27,6496.37,NY,Produto ok.
7078,2041-05-18,639,46,Fone de ouvido,Acessórios,2,661.6,1323.2,FL,Atendimento excepcional.
7079,2041-05-19,938,70,Fone de ouvido,Acessórios,3,486.91,1460.73,TX,Arrependido da compra
7080,2041-05-20,626,50,Tablet,Eletrônicos,4,1711.95,6847.81,TX,Muito satisfeito com a compra.
7081,2041-05-21,945,20,Smartphone,Eletrônicos,3,450.25,1350.74,TX,Entrega rápida!
7082,2041-05-22,276,37,Fone de ouvido,Acessórios,2,1340.52,2681.04,TX,Entrega atrasada
7083,2041-05-23,500,21,Smartphone,Eletrônicos,4,1937.51,7750.04,FL,Produto com ótimo custo-benefício.
7084,2041-05-24,717,35,Laptop,Eletrônicos,2,1425.32,2850.64,NY,Produto com defeito
7085,2041-05-25,337,25,Smartphone,Eletrônicos,4,552.46,2209.83,IL,Entrega dentro do prazo previsto.
7086,2041-05-26,950,39,Tablet,Eletrônicos,2,600.89,1201.77,TX,Entrega rápida!
7087,2041-05-27,932,58,Tablet,Eletrônicos,1,231.14,231.14,IL,Entrega rápida!
7088,2041-05-28,481,39,Smartphone,Eletrônicos,5,1388.16,6940.82,IL,Entrega rápida!
7089,2041-05-29,897,36,Tablet,Eletrônicos,5,1060.95,5304.75,IL,Produto com ótimo custo-benefício.
7090,2041-05-30,911,45,Tablet,Eletrônicos,4,452.62,1810.48,TX,Muito satisfeito com a compra.
7091,2041-05-31,973,19,Laptop,Eletrônicos,1,493.95,493.95,TX,Entrega rápida!
7092,2041-06-01,273,26,Fone de ouvido,Acessórios,3,67.6,202.79,TX,Arrependido da compra
7093,2041-06-02,920,52,Tablet,Eletrônicos,1,1957.92,1957.92,TX,Atendimento excepcional.
7094,2041-06-03,58,39,Fone de ouvido,Acessórios,4,1664.64,6658.54,CA,Entrega rápida!
7095,2041-06-04,328,43,Smartphone,Eletrônicos,1,818.63,818.63,NY,Excelente produto!
7096,2041-06-05,731,51,Smartphone,Eletrônicos,3,1894.88,5684.63,CA,Produto com ótimo custo-benefício.
7097,2041-06-06,109,24,Tablet,Eletrônicos,4,1370.38,5481.54,FL,Produto ok.
7098,2041-06-07,279,47,Smartphone,Eletrônicos,5,1515.35,7576.76,CA,Muito satisfeito com a compra.
7099,2041-06-08,686,66,Laptop,Eletrônicos,1,1375.91,1375.91,CA,Péssimo atendimento
7100,2041-06-09,328,42,Tablet,Eletrônicos,5,1525.86,7629.28,CA,Produto ok.
7101,2041-06-10,776,66,Tablet,Eletrônicos,5,383.33,1916.65,NY,Entrega rápida!
7102,2041-06-11,315,26,Tablet,Eletrônicos,2,1146.68,2293.35,IL,Atendimento sem problema
7103,2041-06-12,474,44,Smartphone,Eletrônicos,3,1706.28,5118.85,FL,Produto cumpre o que promete
7104,2041-06-13,111,18,Smartphone,Eletrônicos,1,88.11,88.11,FL,Atendimento sem problema
7105,2041-06-14,699,50,Tablet,Eletrônicos,5,290.71,1453.57,NY,Atendimento excepcional.
7106,2041-06-15,781,25,Fone de ouvido,Acessórios,5,529.0,2644.99,CA,Excelente produto!
7107,2041-06-16,935,66,Smartphone,Eletrônicos,3,624.72,1874.15,IL,Muito satisfeito com a compra.
7108,2041-06-17,229,49,Smartphone,Eletrônicos,5,406.27,2031.36,TX,Produto com ótimo custo-benefício.
7109,2041-06-18,497,57,Tablet,Eletrônicos,5,1267.44,6337.22,NY,Entrega rápida!
7110,2041-06-19,156,36,Fone de ouvido,Acessórios,5,623.34,3116.69,IL,Atendimento sem problema
7111,2041-06-20,473,53,Tablet,Eletrônicos,5,358.29,1791.47,NY,Muito satisfeito com a compra.
7112,2041-06-21,701,67,Smartphone,Eletrônicos,2,1816.36,3632.72,NY,Excelente produto!
7113,2041-06-22,272,62,Tablet,Eletrônicos,2,1405.32,2810.63,TX,Entrega rápida!
7114,2041-06-23,887,39,Tablet,Eletrônicos,4,529.81,2119.26,IL,Entrega rápida!
7115,2041-06-24,2,56,Tablet,Eletrônicos,1,753.86,753.86,CA,Excelente produto!
7116,2041-06-25,758,43,Fone de ouvido,Acessórios,3,1494.53,4483.6,IL,Atendimento sem problema
7117,2041-06-26,722,20,Tablet,Eletrônicos,4,1592.27,6369.1,IL,Entrega atrasada
7118,2041-06-27,511,63,Smartphone,Eletrônicos,2,394.05,788.1,CA,Produto com ótimo custo-benefício.
7119,2041-06-28,913,26,Tablet,Eletrônicos,2,1876.32,3752.65,TX,Produto com ótimo custo-benefício.
7120,2041-06-29,286,52,Fone de ouvido,Acessórios,2,1581.28,3162.56,IL,Produto ok.
7121,2041-06-30,871,24,Laptop,Eletrônicos,4,1720.79,6883.15,CA,Muito satisfeito com a compra.
7122,2041-07-01,13,32,Fone de ouvido,Acessórios,2,330.52,661.05,NY,Muito satisfeito com a compra.
7123,2041-07-02,608,21,Tablet,Eletrônicos,4,329.57,1318.26,NY,Produto com ótimo custo-benefício.
7124,2041-07-03,498,54,Laptop,Eletrônicos,2,645.47,1290.94,CA,Excelente produto!
7125,2041-07-04,733,45,Tablet,Eletrônicos,5,176.06,880.3,NY,Sem reclamações.
7126,2041-07-05,238,26,Fone de ouvido,Acessórios,5,227.58,1137.91,IL,Arrependido da compra
7127,2041-07-06,94,52,Laptop,Eletrônicos,1,329.25,329.25,CA,Entrega rápida!
7128,2041-07-07,338,65,Laptop,Eletrônicos,2,1439.24,2878.48,IL,Entrega rápida!
7129,2041-07-08,781,65,Tablet,Eletrônicos,1,108.95,108.95,FL,Atendimento excepcional.
7130,2041-07-09,171,68,Tablet,Eletrônicos,4,212.33,849.31,TX,Atendimento excepcional.
7131,2041-07-10,981,42,Fone de ouvido,Acessórios,1,1891.16,1891.16,TX,Péssimo atendimento
7132,2041-07-11,606,26,Tablet,Eletrônicos,2,213.13,426.26,TX,Muito satisfeito com a compra.
7133,2041-07-12,661,78,Laptop,Eletrônicos,4,1098.05,4392.21,CA,Entrega rápida!
7134,2041-07-13,624,69,Smartphone,Eletrônicos,4,1303.02,5212.07,FL,Entrega rápida!
7135,2041-07-14,567,50,Smartphone,Eletrônicos,5,1919.26,9596.29,TX,Muito satisfeito com a compra.
7136,2041-07-15,849,34,Fone de ouvido,Acessórios,4,1804.62,7218.46,IL,Entrega rápida!
7137,2041-07-16,936,29,Tablet,Eletrônicos,4,909.33,3637.33,TX,Entrega rápida!
7138,2041-07-17,467,26,Fone de ouvido,Acessórios,1,1887.22,1887.22,FL,Atendimento sem problema
7139,2041-07-18,628,71,Smartphone,Eletrônicos,4,892.92,3571.67,IL,Entrega rápida!
7140,2041-07-19,143,22,Smartphone,Eletrônicos,3,1356.34,4069.02,IL,Atendimento sem problema
7141,2041-07-20,201,78,Tablet,Eletrônicos,5,556.24,2781.18,CA,Produto cumpre o que promete
7142,2041-07-21,180,77,Laptop,Eletrônicos,5,1291.46,6457.28,CA,Produto ok.
7143,2041-07-22,714,64,Tablet,Eletrônicos,4,1099.47,4397.87,NY,Produto com ótimo custo-benefício.
7144,2041-07-23,364,43,Smartphone,Eletrônicos,1,1233.32,1233.32,FL,Entrega dentro do prazo previsto.
7145,2041-07-24,479,62,Laptop,Eletrônicos,5,1381.17,6905.85,IL,Produto cumpre o que promete
7146,2041-07-25,565,36,Fone de ouvido,Acessórios,5,388.24,1941.19,FL,Excelente produto!
7147,2041-07-26,471,52,Smartphone,Eletrônicos,3,637.46,1912.39,TX,Produto ok.
7148,2041-07-27,384,19,Fone de ouvido,Acessórios,4,1485.67,5942.68,TX,Atendimento excepcional.
7149,2041-07-28,692,62,Laptop,Eletrônicos,5,369.46,1847.28,NY,Produto cumpre o que promete
7150,2041-07-29,926,24,Fone de ouvido,Acessórios,5,721.27,3606.34,IL,Excelente produto!
7151,2041-07-30,417,26,Smartphone,Eletrônicos,5,1349.63,6748.17,IL,Produto ok.
7152,2041-07-31,825,39,Tablet,Eletrônicos,5,1878.42,9392.1,NY,Entrega rápida!
7153,2041-08-01,308,59,Fone de ouvido,Acessórios,1,196.84,196.84,TX,Produto com ótimo custo-benefício.
7154,2041-08-02,649,50,Smartphone,Eletrônicos,2,1057.29,2114.59,IL,Produto com ótimo custo-benefício.
7155,2041-08-03,694,71,Smartphone,Eletrônicos,3,209.72,629.15,FL,Excelente produto!
7156,2041-08-04,367,33,Laptop,Eletrônicos,1,789.31,789.31,IL,Produto com defeito
7157,2041-08-05,1,60,Smartphone,Eletrônicos,3,392.0,1176.01,TX,Muito satisfeito com a compra.
7158,2041-08-06,44,41,Tablet,Eletrônicos,5,1316.4,6582.02,IL,Excelente produto!
7159,2041-08-07,739,25,Tablet,Eletrônicos,3,1527.77,4583.32,IL,Atendimento sem problema
7160,2041-08-08,843,47,Fone de ouvido,Acessórios,4,532.32,2129.28,CA,Entrega rápida!
7161,2041-08-09,98,43,Fone de ouvido,Acessórios,4,1440.13,5760.52,IL,Muito satisfeito com a compra.
7162,2041-08-10,720,62,Fone de ouvido,Acessórios,2,921.3,1842.59,NY,Produto com ótimo custo-benefício.
7163,2041-08-11,265,65,Fone de ouvido,Acessórios,2,602.98,1205.96,NY,Entrega dentro do prazo previsto.
7164,2041-08-12,800,52,Tablet,Eletrônicos,3,1070.63,3211.9,FL,Qualidade inferior ao anunciado
7165,2041-08-13,783,62,Laptop,Eletrônicos,1,790.32,790.32,IL,Sem reclamações.
7166,2041-08-14,140,34,Fone de ouvido,Acessórios,1,498.49,498.49,FL,Qualidade inferior ao anunciado
7167,2041-08-15,481,70,Laptop,Eletrônicos,5,1525.85,7629.24,TX,Muito satisfeito com a compra.
7168,2041-08-16,237,55,Smartphone,Eletrônicos,1,1605.17,1605.17,TX,Qualidade inferior ao anunciado
7169,2041-08-17,974,27,Smartphone,Eletrônicos,2,1610.61,3221.22,CA,Muito satisfeito com a compra.
7170,2041-08-18,953,58,Fone de ouvido,Acessórios,1,795.18,795.18,CA,Atendimento excepcional.
7171,2041-08-19,904,67,Smartphone,Eletrônicos,5,380.58,1902.9,IL,Entrega rápida!
7172,2041-08-20,72,79,Laptop,Eletrônicos,4,1688.8,6755.21,IL,Produto com ótimo custo-benefício.
7173,2041-08-21,667,34,Laptop,Eletrônicos,1,692.06,692.06,FL,Produto ok.
7174,2041-08-22,190,24,Smartphone,Eletrônicos,1,1508.73,1508.73,FL,Produto com ótimo custo-benefício.
7175,2041-08-23,268,19,Fone de ouvido,Acessórios,2,1644.03,3288.06,IL,Produto cumpre o que promete
7176,2041-08-24,321,28,Laptop,Eletrônicos,3,1547.9,4643.69,IL,Atendimento excepcional.
7177,2041-08-25,107,67,Laptop,Eletrônicos,4,810.12,3240.49,CA,Muito satisfeito com a compra.
7178,2041-08-26,232,20,Tablet,Eletrônicos,3,1879.13,5637.4,CA,Atendimento excepcional.
7179,2041-08-27,42,63,Fone de ouvido,Acessórios,5,1337.32,6686.58,CA,Produto com ótimo custo-benefício.
7180,2041-08-28,702,37,Tablet,Eletrônicos,5,1172.71,5863.53,IL,Péssimo atendimento
7181,2041-08-29,883,30,Smartphone,Eletrônicos,3,1410.92,4232.77,FL,Atendimento sem problema
7182,2041-08-30,139,40,Smartphone,Eletrônicos,2,137.22,274.44,NY,Muito satisfeito com a compra.
7183,2041-08-31,615,34,Tablet,Eletrônicos,2,811.5,1623.01,NY,Muito satisfeito com a compra.
7184,2041-09-01,683,46,Fone de ouvido,Acessórios,2,1768.37,3536.75,FL,Atendimento excepcional.
7185,2041-09-02,863,71,Laptop,Eletrônicos,4,364.11,1456.42,FL,Excelente produto!
7186,2041-09-03,273,60,Smartphone,Eletrônicos,5,858.08,4290.41,FL,Sem reclamações.
7187,2041-09-04,481,56,Fone de ouvido,Acessórios,5,840.23,4201.17,CA,Entrega rápida!
7188,2041-09-05,416,49,Fone de ouvido,Acessórios,5,744.28,3721.41,TX,Entrega rápida!
7189,2041-09-06,506,52,Smartphone,Eletrônicos,4,1146.59,4586.34,IL,Sem reclamações.
7190,2041-09-07,733,52,Smartphone,Eletrônicos,5,1992.59,9962.93,CA,Atendimento excepcional.
7191,2041-09-08,725,51,Fone de ouvido,Acessórios,3,548.91,1646.72,NY,Sem reclamações.
7192,2041-09-09,853,38,Laptop,Eletrônicos,1,1424.67,1424.67,IL,Produto cumpre o que promete
7193,2041-09-10,424,33,Tablet,Eletrônicos,4,1528.09,6112.36,FL,Produto com ótimo custo-benefício.
7194,2041-09-11,407,40,Smartphone,Eletrônicos,1,1189.77,1189.77,NY,Produto ok.
7195,2041-09-12,568,28,Tablet,Eletrônicos,3,240.08,720.23,FL,Produto ok.
7196,2041-09-13,390,77,Fone de ouvido,Acessórios,2,1166.13,2332.26,FL,Produto com ótimo custo-benefício.
7197,2041-09-14,342,31,Tablet,Eletrônicos,2,1909.26,3818.51,FL,Produto com ótimo custo-benefício.
7198,2041-09-15,946,20,Laptop,Eletrônicos,2,717.02,1434.03,IL,Produto com ótimo custo-benefício.
7199,2041-09-16,614,24,Fone de ouvido,Acessórios,4,1297.39,5189.57,NY,Produto com defeito
7200,2041-09-17,933,57,Laptop,Eletrônicos,2,1920.83,3841.65,NY,Muito satisfeito com a compra.
7201,2041-09-18,493,62,Fone de ouvido,Acessórios,4,1606.08,6424.32,FL,Entrega rápida!
7202,2041-09-19,192,68,Laptop,Eletrônicos,4,1392.2,5568.8,CA,Atendimento excepcional.
7203,2041-09-20,499,28,Fone de ouvido,Acessórios,1,1943.74,1943.74,TX,Entrega rápida!
7204,2041-09-21,822,50,Laptop,Eletrônicos,2,382.64,765.27,CA,Atendimento excepcional.
7205,2041-09-22,712,36,Fone de ouvido,Acessórios,5,1556.86,7784.3,IL,Excelente produto!
7206,2041-09-23,233,62,Laptop,Eletrônicos,2,843.33,1686.66,TX,Muito satisfeito com a compra.
7207,2041-09-24,945,71,Fone de ouvido,Acessórios,2,752.84,1505.68,CA,Entrega dentro do prazo previsto.
7208,2041-09-25,227,66,Laptop,Eletrônicos,2,1065.31,2130.62,NY,Atendimento sem problema
7209,2041-09-26,371,58,Smartphone,Eletrônicos,5,115.81,579.07,CA,Produto com ótimo custo-benefício.
7210,2041-09-27,139,68,Tablet,Eletrônicos,5,659.43,3297.16,FL,Atendimento sem problema
7211,2041-09-28,856,68,Fone de ouvido,Acessórios,4,374.12,1496.48,IL,Entrega rápida!
7212,2041-09-29,817,77,Laptop,Eletrônicos,5,320.45,1602.24,CA,Sem reclamações.
7213,2041-09-30,149,40,Smartphone,Eletrônicos,4,707.81,2831.26,CA,Muito satisfeito com a compra.
7214,2041-10-01,115,40,Fone de ouvido,Acessórios,1,1614.42,1614.42,TX,Produto com ótimo custo-benefício.
7215,2041-10-02,450,46,Fone de ouvido,Acessórios,4,442.17,1768.67,FL,Entrega rápida!
7216,2041-10-03,63,23,Fone de ouvido,Acessórios,2,1086.26,2172.52,TX,Produto com ótimo custo-benefício.
7217,2041-10-04,104,56,Tablet,Eletrônicos,3,1509.88,4529.64,IL,Produto cumpre o que promete
7218,2041-10-05,851,22,Laptop,Eletrônicos,3,519.89,1559.68,IL,Atendimento excepcional.
7219,2041-10-06,871,49,Laptop,Eletrônicos,2,1852.2,3704.39,FL,Entrega rápida!
7220,2041-10-07,668,57,Fone de ouvido,Acessórios,4,1739.67,6958.68,TX,Péssimo atendimento
7221,2041-10-08,273,43,Fone de ouvido,Acessórios,2,539.8,1079.6,FL,Produto ok.
7222,2041-10-09,6,31,Fone de ouvido,Acessórios,5,1979.79,9898.97,TX,Excelente produto!
7223,2041-10-10,147,35,Smartphone,Eletrônicos,4,1354.88,5419.53,NY,Excelente produto!
7224,2041-10-11,184,38,Fone de ouvido,Acessórios,2,607.9,1215.79,FL,Produto cumpre o que promete
7225,2041-10-12,998,76,Tablet,Eletrônicos,5,1378.02,6890.12,IL,Muito satisfeito com a compra.
7226,2041-10-13,28,42,Laptop,Eletrônicos,5,1349.18,6745.92,TX,Produto ok.
7227,2041-10-14,962,37,Tablet,Eletrônicos,4,1232.08,4928.31,NY,Atendimento sem problema
7228,2041-10-15,550,41,Fone de ouvido,Acessórios,1,1437.81,1437.81,IL,Muito satisfeito com a compra.
7229,2041-10-16,119,20,Smartphone,Eletrônicos,1,573.22,573.22,TX,Entrega atrasada
7230,2041-10-17,293,39,Fone de ouvido,Acessórios,5,1959.02,9795.11,NY,Atendimento excepcional.
7231,2041-10-18,371,25,Fone de ouvido,Acessórios,1,1722.9,1722.9,IL,Atendimento sem problema
7232,2041-10-19,244,63,Fone de ouvido,Acessórios,5,1504.2,7520.98,IL,Entrega rápida!
7233,2041-10-20,580,74,Fone de ouvido,Acessórios,1,101.29,101.29,NY,Produto cumpre o que promete
7234,2041-10-21,726,63,Fone de ouvido,Acessórios,5,1201.25,6006.26,IL,Péssimo atendimento
7235,2041-10-22,218,46,Laptop,Eletrônicos,5,1427.64,7138.22,TX,Produto com ótimo custo-benefício.
7236,2041-10-23,177,24,Tablet,Eletrônicos,5,1715.49,8577.47,TX,Produto cumpre o que promete
7237,2041-10-24,299,23,Smartphone,Eletrônicos,5,1895.01,9475.03,IL,Atendimento excepcional.
7238,2041-10-25,676,76,Fone de ouvido,Acessórios,3,1835.91,5507.74,CA,Produto cumpre o que promete
7239,2041-10-26,58,23,Smartphone,Eletrônicos,1,841.79,841.79,NY,Sem reclamações.
7240,2041-10-27,269,29,Laptop,Eletrônicos,5,1798.18,8990.89,CA,Produto com defeito
7241,2041-10-28,308,39,Tablet,Eletrônicos,2,51.46,102.92,TX,Arrependido da compra
7242,2041-10-29,570,64,Fone de ouvido,Acessórios,4,735.38,2941.51,IL,Muito satisfeito com a compra.
7243,2041-10-30,288,43,Laptop,Eletrônicos,2,272.07,544.14,FL,Produto com ótimo custo-benefício.
7244,2041-10-31,977,42,Laptop,Eletrônicos,2,1771.98,3543.96,FL,Qualidade inferior ao anunciado
7245,2041-11-01,105,36,Tablet,Eletrônicos,3,1859.56,5578.69,CA,Produto cumpre o que promete
7246,2041-11-02,228,53,Fone de ouvido,Acessórios,1,549.22,549.22,CA,Atendimento excepcional.
7247,2041-11-03,247,52,Tablet,Eletrônicos,3,766.26,2298.77,CA,Muito satisfeito com a compra.
7248,2041-11-04,700,30,Tablet,Eletrônicos,1,1968.56,1968.56,TX,Atendimento excepcional.
7249,2041-11-05,494,42,Smartphone,Eletrônicos,5,1153.82,5769.12,TX,Produto ok.
7250,2041-11-06,83,65,Smartphone,Eletrônicos,3,1019.26,3057.78,IL,Atendimento sem problema
7251,2041-11-07,186,62,Tablet,Eletrônicos,4,1025.85,4103.4,TX,Atendimento excepcional.
7252,2041-11-08,252,49,Smartphone,Eletrônicos,1,1407.57,1407.57,IL,Entrega rápida!
7253,2041-11-09,355,47,Laptop,Eletrônicos,3,1911.36,5734.08,IL,Sem reclamações.
7254,2041-11-10,750,38,Tablet,Eletrônicos,4,764.91,3059.65,CA,Qualidade inferior ao anunciado
7255,2041-11-11,872,79,Fone de ouvido,Acessórios,2,386.68,773.37,FL,Atendimento excepcional.
7256,2041-11-12,696,59,Fone de ouvido,Acessórios,5,410.78,2053.88,CA,Qualidade inferior ao anunciado
7257,2041-11-13,796,62,Laptop,Eletrônicos,5,89.7,448.5,TX,Entrega rápida!
7258,2041-11-14,897,57,Fone de ouvido,Acessórios,2,1133.05,2266.1,NY,Sem reclamações.
7259,2041-11-15,938,61,Fone de ouvido,Acessórios,3,1861.78,5585.34,TX,Entrega dentro do prazo previsto.
7260,2041-11-16,210,25,Tablet,Eletrônicos,2,1440.5,2881.0,FL,Qualidade inferior ao anunciado
7261,2041-11-17,816,58,Laptop,Eletrônicos,4,1986.28,7945.12,TX,Sem reclamações.
7262,2041-11-18,808,59,Tablet,Eletrônicos,1,1823.58,1823.58,FL,Entrega rápida!
7263,2041-11-19,609,24,Laptop,Eletrônicos,3,1009.12,3027.37,NY,Arrependido da compra
7264,2041-11-20,447,20,Tablet,Eletrônicos,1,998.77,998.77,NY,Produto ok.
7265,2041-11-21,460,54,Tablet,Eletrônicos,2,1275.3,2550.59,IL,Entrega rápida!
7266,2041-11-22,968,20,Smartphone,Eletrônicos,5,266.32,1331.62,TX,Excelente produto!
7267,2041-11-23,472,35,Fone de ouvido,Acessórios,1,1234.98,1234.98,IL,Muito satisfeito com a compra.
7268,2041-11-24,720,68,Laptop,Eletrônicos,1,954.94,954.94,CA,Atendimento sem problema
7269,2041-11-25,370,77,Fone de ouvido,Acessórios,5,1303.34,6516.72,CA,Entrega dentro do prazo previsto.
7270,2041-11-26,900,59,Smartphone,Eletrônicos,1,1152.16,1152.16,CA,Produto com ótimo custo-benefício.
7271,2041-11-27,934,26,Laptop,Eletrônicos,1,655.27,655.27,CA,Entrega rápida!
7272,2041-11-28,492,74,Smartphone,Eletrônicos,5,1235.14,6175.68,CA,Atendimento excepcional.
7273,2041-11-29,923,41,Fone de ouvido,Acessórios,5,763.73,3818.64,TX,Entrega rápida!
7274,2041-11-30,137,24,Tablet,Eletrônicos,2,429.51,859.02,IL,Excelente produto!
7275,2041-12-01,367,50,Smartphone,Eletrônicos,2,1366.39,2732.78,IL,Péssimo atendimento
7276,2041-12-02,912,42,Smartphone,Eletrônicos,1,647.38,647.38,FL,Sem reclamações.
7277,2041-12-03,184,59,Tablet,Eletrônicos,3,1783.6,5350.79,CA,Entrega rápida!
7278,2041-12-04,588,51,Fone de ouvido,Acessórios,2,438.7,877.4,NY,Excelente produto!
7279,2041-12-05,287,55,Smartphone,Eletrônicos,2,1220.28,2440.56,FL,Muito satisfeito com a compra.
7280,2041-12-06,472,75,Fone de ouvido,Acessórios,3,1164.52,3493.56,FL,Excelente produto!
7281,2041-12-07,375,38,Tablet,Eletrônicos,3,435.6,1306.79,TX,Qualidade inferior ao anunciado
7282,2041-12-08,654,55,Laptop,Eletrônicos,5,907.78,4538.9,FL,Entrega rápida!
7283,2041-12-09,749,73,Smartphone,Eletrônicos,2,1367.3,2734.6,NY,Produto com ótimo custo-benefício.
7284,2041-12-10,537,57,Fone de ouvido,Acessórios,4,671.13,2684.51,IL,Sem reclamações.
7285,2041-12-11,511,75,Tablet,Eletrônicos,4,271.97,1087.88,FL,Produto com ótimo custo-benefício.
7286,2041-12-12,802,35,Tablet,Eletrônicos,1,1249.72,1249.72,TX,Muito satisfeito com a compra.
7287,2041-12-13,579,56,Smartphone,Eletrônicos,2,487.04,974.08,CA,Produto com ótimo custo-benefício.
7288,2041-12-14,250,67,Laptop,Eletrônicos,4,1378.88,5515.5,NY,Entrega rápida!
7289,2041-12-15,920,50,Smartphone,Eletrônicos,2,1686.96,3373.92,CA,Excelente produto!
7290,2041-12-16,510,45,Fone de ouvido,Acessórios,2,290.54,581.09,FL,Entrega atrasada
7291,2041-12-17,630,73,Tablet,Eletrônicos,4,903.34,3613.35,IL,Sem reclamações.
7292,2041-12-18,73,42,Laptop,Eletrônicos,2,917.6,1835.2,TX,Produto cumpre o que promete
7293,2041-12-19,282,31,Fone de ouvido,Acessórios,3,1283.45,3850.34,NY,Produto ok.
7294,2041-12-20,916,72,Smartphone,Eletrônicos,1,702.1,702.1,IL,Atendimento sem problema
7295,2041-12-21,960,37,Tablet,Eletrônicos,5,866.21,4331.05,NY,Excelente produto!
7296,2041-12-22,360,56,Smartphone,Eletrônicos,4,73.38,293.53,TX,Produto ok.
7297,2041-12-23,10,37,Laptop,Eletrônicos,5,288.73,1443.65,TX,Entrega rápida!
7298,2041-12-24,211,24,Laptop,Eletrônicos,1,1161.23,1161.23,FL,Muito satisfeito com a compra.
7299,2041-12-25,835,21,Laptop,Eletrônicos,3,471.0,1412.99,NY,Entrega dentro do prazo previsto.
7300,2041-12-26,152,48,Laptop,Eletrônicos,3,331.92,995.77,FL,Sem reclamações.
7301,2041-12-27,5,47,Laptop,Eletrônicos,3,682.6,2047.81,NY,Atendimento excepcional.
7302,2041-12-28,195,79,Smartphone,Eletrônicos,3,368.89,1106.68,NY,Entrega rápida!
7303,2041-12-29,954,74,Laptop,Eletrônicos,4,166.26,665.06,CA,Atendimento excepcional.
7304,2041-12-30,283,54,Laptop,Eletrônicos,4,603.52,2414.09,FL,Sem reclamações.
7305,2041-12-31,464,72,Tablet,Eletrônicos,2,370.5,741.0,NY,Produto com defeito
7306,2042-01-01,113,76,Laptop,Eletrônicos,2,1608.82,3217.64,NY,Produto cumpre o que promete
7307,2042-01-02,271,73,Tablet,Eletrônicos,1,172.18,172.18,TX,Produto cumpre o que promete
7308,2042-01-03,163,38,Tablet,Eletrônicos,2,1507.51,3015.03,CA,Muito satisfeito com a compra.
7309,2042-01-04,460,18,Tablet,Eletrônicos,1,796.45,796.45,TX,Muito satisfeito com a compra.
7310,2042-01-05,105,69,Smartphone,Eletrônicos,1,1366.88,1366.88,FL,Entrega dentro do prazo previsto.
7311,2042-01-06,693,20,Smartphone,Eletrônicos,1,152.74,152.74,FL,Entrega rápida!
7312,2042-01-07,556,30,Fone de ouvido,Acessórios,3,1845.37,5536.12,NY,Muito satisfeito com a compra.
7313,2042-01-08,282,24,Fone de ouvido,Acessórios,5,1546.38,7731.91,IL,Produto cumpre o que promete
7314,2042-01-09,687,23,Tablet,Eletrônicos,5,323.28,1616.39,TX,Arrependido da compra
7315,2042-01-10,162,23,Smartphone,Eletrônicos,4,476.63,1906.52,FL,Entrega rápida!
7316,2042-01-11,983,51,Laptop,Eletrônicos,1,1305.79,1305.79,NY,Qualidade inferior ao anunciado
7317,2042-01-12,351,49,Fone de ouvido,Acessórios,3,1847.05,5541.14,NY,Produto com ótimo custo-benefício.
7318,2042-01-13,434,33,Smartphone,Eletrônicos,2,919.37,1838.75,TX,Produto com ótimo custo-benefício.
7319,2042-01-14,852,55,Laptop,Eletrônicos,2,996.98,1993.97,NY,Produto com ótimo custo-benefício.
7320,2042-01-15,140,25,Laptop,Eletrônicos,4,513.71,2054.84,CA,Atendimento sem problema
7321,2042-01-16,471,38,Smartphone,Eletrônicos,4,796.87,3187.48,IL,Excelente produto!
7322,2042-01-17,132,74,Fone de ouvido,Acessórios,1,607.73,607.73,TX,Entrega dentro do prazo previsto.
7323,2042-01-18,87,28,Smartphone,Eletrônicos,1,733.61,733.61,TX,Produto com ótimo custo-benefício.
7324,2042-01-19,688,67,Fone de ouvido,Acessórios,2,90.17,180.33,TX,Produto com ótimo custo-benefício.
7325,2042-01-20,183,40,Tablet,Eletrônicos,2,130.07,260.14,NY,Muito satisfeito com a compra.
7326,2042-01-21,368,23,Smartphone,Eletrônicos,2,1377.34,2754.68,NY,Muito satisfeito com a compra.
7327,2042-01-22,129,63,Smartphone,Eletrônicos,2,1379.5,2759.0,TX,Excelente produto!
7328,2042-01-23,246,32,Fone de ouvido,Acessórios,5,693.95,3469.75,TX,Produto com ótimo custo-benefício.
7329,2042-01-24,601,28,Fone de ouvido,Acessórios,1,1776.65,1776.65,CA,Produto ok.
7330,2042-01-25,578,44,Smartphone,Eletrônicos,1,568.92,568.92,FL,Sem reclamações.
7331,2042-01-26,670,32,Laptop,Eletrônicos,2,821.78,1643.56,CA,Entrega rápida!
7332,2042-01-27,899,62,Laptop,Eletrônicos,3,1476.18,4428.55,TX,Atendimento excepcional.
7333,2042-01-28,378,55,Laptop,Eletrônicos,2,1499.96,2999.92,NY,Atendimento excepcional.
7334,2042-01-29,149,21,Tablet,Eletrônicos,4,1729.27,6917.09,NY,Excelente produto!
7335,2042-01-30,985,31,Tablet,Eletrônicos,3,106.67,320.0,TX,Sem reclamações.
7336,2042-01-31,852,62,Fone de ouvido,Acessórios,4,408.33,1633.32,FL,Atendimento excepcional.
7337,2042-02-01,433,27,Tablet,Eletrônicos,3,1299.11,3897.34,IL,Arrependido da compra
7338,2042-02-02,628,74,Laptop,Eletrônicos,4,709.49,2837.96,IL,Entrega atrasada
7339,2042-02-03,726,71,Smartphone,Eletrônicos,2,134.95,269.89,CA,Muito satisfeito com a compra.
7340,2042-02-04,469,46,Tablet,Eletrônicos,2,1193.61,2387.22,FL,Produto ok.
7341,2042-02-05,446,29,Tablet,Eletrônicos,3,816.49,2449.48,IL,Muito satisfeito com a compra.
7342,2042-02-06,481,73,Laptop,Eletrônicos,4,759.98,3039.94,FL,Entrega rápida!
7343,2042-02-07,884,57,Tablet,Eletrônicos,5,565.51,2827.55,NY,Qualidade inferior ao anunciado
7344,2042-02-08,294,37,Fone de ouvido,Acessórios,3,61.7,185.09,NY,Produto ok.
7345,2042-02-09,765,54,Smartphone,Eletrônicos,3,405.6,1216.81,FL,Produto com ótimo custo-benefício.
7346,2042-02-10,143,19,Laptop,Eletrônicos,1,974.76,974.76,TX,Sem reclamações.
7347,2042-02-11,250,37,Fone de ouvido,Acessórios,3,587.69,1763.06,IL,Produto ok.
7348,2042-02-12,878,29,Laptop,Eletrônicos,5,1755.06,8775.29,IL,Atendimento sem problema
7349,2042-02-13,948,55,Fone de ouvido,Acessórios,2,328.85,657.7,NY,Atendimento excepcional.
7350,2042-02-14,975,47,Smartphone,Eletrônicos,4,1756.91,7027.65,CA,Sem reclamações.
7351,2042-02-15,302,64,Smartphone,Eletrônicos,1,839.41,839.41,IL,Atendimento sem problema
7352,2042-02-16,25,35,Fone de ouvido,Acessórios,4,587.89,2351.55,NY,Atendimento excepcional.
7353,2042-02-17,789,67,Fone de ouvido,Acessórios,2,643.37,1286.74,NY,Muito satisfeito com a compra.
7354,2042-02-18,984,27,Fone de ouvido,Acessórios,3,693.64,2080.91,FL,Muito satisfeito com a compra.
7355,2042-02-19,889,24,Fone de ouvido,Acessórios,5,1037.8,5189.0,FL,Entrega rápida!
7356,2042-02-20,890,59,Fone de ouvido,Acessórios,1,740.07,740.07,FL,Muito satisfeito com a compra.
7357,2042-02-21,901,22,Fone de ouvido,Acessórios,5,1312.05,6560.26,CA,Sem reclamações.
7358,2042-02-22,70,65,Smartphone,Eletrônicos,5,879.1,4395.5,IL,Atendimento sem problema
7359,2042-02-23,625,46,Fone de ouvido,Acessórios,5,1359.71,6798.53,CA,Excelente produto!
7360,2042-02-24,875,68,Tablet,Eletrônicos,5,1228.63,6143.16,CA,Entrega dentro do prazo previsto.
7361,2042-02-25,112,52,Smartphone,Eletrônicos,2,526.69,1053.37,FL,Sem reclamações.
7362,2042-02-26,364,56,Laptop,Eletrônicos,5,1634.91,8174.54,NY,Produto com ótimo custo-benefício.
7363,2042-02-27,303,68,Smartphone,Eletrônicos,5,1608.01,8040.07,TX,Produto com ótimo custo-benefício.
7364,2042-02-28,471,29,Laptop,Eletrônicos,2,1978.51,3957.02,NY,Excelente produto!
7365,2042-03-01,964,27,Laptop,Eletrônicos,4,391.35,1565.39,NY,Atendimento excepcional.
7366,2042-03-02,91,54,Tablet,Eletrônicos,2,1703.28,3406.57,NY,Muito satisfeito com a compra.
7367,2042-03-03,530,78,Fone de ouvido,Acessórios,3,1750.36,5251.09,NY,Atendimento excepcional.
7368,2042-03-04,661,19,Fone de ouvido,Acessórios,2,1302.22,2604.44,CA,Produto ok.
7369,2042-03-05,988,20,Smartphone,Eletrônicos,4,1037.45,4149.8,FL,Produto com ótimo custo-benefício.
7370,2042-03-06,739,31,Fone de ouvido,Acessórios,3,1916.66,5749.97,FL,Atendimento excepcional.
7371,2042-03-07,726,64,Tablet,Eletrônicos,3,1946.75,5840.25,NY,Produto com defeito
7372,2042-03-08,872,37,Smartphone,Eletrônicos,1,1301.31,1301.31,TX,Produto cumpre o que promete
7373,2042-03-09,663,62,Smartphone,Eletrônicos,5,751.14,3755.71,IL,Atendimento sem problema
7374,2042-03-10,192,66,Smartphone,Eletrônicos,3,1643.47,4930.42,NY,Muito satisfeito com a compra.
7375,2042-03-11,963,69,Fone de ouvido,Acessórios,3,224.05,672.14,NY,Entrega dentro do prazo previsto.
7376,2042-03-12,552,21,Fone de ouvido,Acessórios,4,616.66,2466.65,TX,Produto com ótimo custo-benefício.
7377,2042-03-13,242,68,Fone de ouvido,Acessórios,3,1971.83,5915.49,CA,Produto cumpre o que promete
7378,2042-03-14,138,43,Smartphone,Eletrônicos,4,1637.95,6551.8,NY,Muito satisfeito com a compra.
7379,2042-03-15,345,64,Smartphone,Eletrônicos,5,1882.19,9410.93,TX,Entrega rápida!
7380,2042-03-16,180,32,Laptop,Eletrônicos,1,1209.85,1209.85,CA,Produto com defeito
7381,2042-03-17,712,26,Laptop,Eletrônicos,1,844.96,844.96,CA,Muito satisfeito com a compra.
7382,2042-03-18,503,20,Fone de ouvido,Acessórios,5,1960.4,9801.98,NY,Produto com ótimo custo-benefício.
7383,2042-03-19,203,19,Smartphone,Eletrônicos,5,653.38,3266.9,CA,Atendimento excepcional.
7384,2042-03-20,573,56,Fone de ouvido,Acessórios,2,1526.96,3053.92,NY,Entrega rápida!
7385,2042-03-21,192,58,Fone de ouvido,Acessórios,3,1138.5,3415.51,NY,Muito satisfeito com a compra.
7386,2042-03-22,5,71,Laptop,Eletrônicos,3,495.59,1486.77,FL,Entrega dentro do prazo previsto.
7387,2042-03-23,890,47,Tablet,Eletrônicos,3,84.09,252.28,IL,Entrega rápida!
7388,2042-03-24,237,54,Fone de ouvido,Acessórios,4,798.34,3193.36,IL,Muito satisfeito com a compra.
7389,2042-03-25,693,34,Tablet,Eletrônicos,2,1117.99,2235.97,FL,Produto cumpre o que promete
7390,2042-03-26,311,20,Tablet,Eletrônicos,3,407.22,1221.66,NY,Produto ok.
7391,2042-03-27,549,26,Smartphone,Eletrônicos,4,858.38,3433.53,TX,Qualidade inferior ao anunciado
7392,2042-03-28,56,25,Smartphone,Eletrônicos,4,1249.62,4998.48,CA,Excelente produto!
7393,2042-03-29,443,26,Fone de ouvido,Acessórios,1,1444.1,1444.1,FL,Entrega rápida!
7394,2042-03-30,237,73,Laptop,Eletrônicos,4,152.85,611.39,FL,Entrega rápida!
7395,2042-03-31,870,34,Laptop,Eletrônicos,5,1345.15,6725.76,FL,Produto cumpre o que promete
7396,2042-04-01,861,41,Fone de ouvido,Acessórios,4,160.5,642.01,FL,Muito satisfeito com a compra.
7397,2042-04-02,197,25,Fone de ouvido,Acessórios,5,104.96,524.81,IL,Sem reclamações.
7398,2042-04-03,585,70,Laptop,Eletrônicos,5,347.2,1736.02,NY,Arrependido da compra
7399,2042-04-04,571,31,Tablet,Eletrônicos,1,1324.61,1324.61,FL,Atendimento excepcional.
7400,2042-04-05,752,71,Fone de ouvido,Acessórios,1,153.0,153.0,FL,Muito satisfeito com a compra.
7401,2042-04-06,514,33,Tablet,Eletrônicos,4,90.75,362.99,FL,Entrega rápida!
7402,2042-04-07,449,35,Fone de ouvido,Acessórios,1,280.02,280.02,TX,Atendimento excepcional.
7403,2042-04-08,360,66,Fone de ouvido,Acessórios,1,1901.96,1901.96,TX,Atendimento sem problema
7404,2042-04-09,700,41,Tablet,Eletrônicos,3,1819.19,5457.57,CA,Produto com ótimo custo-benefício.
7405,2042-04-10,819,56,Tablet,Eletrônicos,4,218.61,874.43,NY,Entrega rápida!
7406,2042-04-11,30,69,Laptop,Eletrônicos,4,642.83,2571.3,FL,Muito satisfeito com a compra.
7407,2042-04-12,779,64,Fone de ouvido,Acessórios,4,1897.22,7588.88,CA,Entrega rápida!
7408,2042-04-13,988,44,Smartphone,Eletrônicos,1,240.49,240.49,CA,Produto com ótimo custo-benefício.
7409,2042-04-14,108,45,Smartphone,Eletrônicos,1,234.46,234.46,NY,Atendimento excepcional.
7410,2042-04-15,844,24,Fone de ouvido,Acessórios,5,217.71,1088.54,TX,Muito satisfeito com a compra.
7411,2042-04-16,935,51,Fone de ouvido,Acessórios,2,1954.13,3908.26,NY,Entrega dentro do prazo previsto.
7412,2042-04-17,602,44,Fone de ouvido,Acessórios,2,1499.06,2998.12,CA,Sem reclamações.
7413,2042-04-18,717,51,Tablet,Eletrônicos,2,468.24,936.49,NY,Péssimo atendimento
7414,2042-04-19,891,56,Smartphone,Eletrônicos,3,139.6,418.79,TX,Atendimento sem problema
7415,2042-04-20,968,36,Smartphone,Eletrônicos,1,1932.22,1932.22,CA,Entrega rápida!
7416,2042-04-21,959,23,Smartphone,Eletrônicos,5,879.7,4398.52,NY,Atendimento sem problema
7417,2042-04-22,960,47,Fone de ouvido,Acessórios,5,1216.83,6084.16,FL,Entrega rápida!
7418,2042-04-23,445,45,Tablet,Eletrônicos,2,594.43,1188.87,FL,Muito satisfeito com a compra.
7419,2042-04-24,893,29,Fone de ouvido,Acessórios,3,1528.8,4586.41,NY,Excelente produto!
7420,2042-04-25,438,32,Laptop,Eletrônicos,3,433.76,1301.29,NY,Entrega rápida!
7421,2042-04-26,732,62,Laptop,Eletrônicos,2,1584.48,3168.96,TX,Entrega dentro do prazo previsto.
7422,2042-04-27,890,56,Smartphone,Eletrônicos,2,499.68,999.35,CA,Produto com ótimo custo-benefício.
7423,2042-04-28,606,56,Fone de ouvido,Acessórios,1,240.93,240.93,NY,Excelente produto!
7424,2042-04-29,457,32,Laptop,Eletrônicos,3,983.7,2951.11,CA,Excelente produto!
7425,2042-04-30,615,75,Laptop,Eletrônicos,5,1635.77,8178.86,FL,Produto ok.
7426,2042-05-01,735,53,Fone de ouvido,Acessórios,2,800.49,1600.97,CA,Excelente produto!
7427,2042-05-02,698,20,Tablet,Eletrônicos,1,106.3,106.3,IL,Atendimento excepcional.
7428,2042-05-03,981,18,Fone de ouvido,Acessórios,5,1128.95,5644.77,TX,Sem reclamações.
7429,2042-05-04,696,24,Fone de ouvido,Acessórios,3,1376.92,4130.76,TX,Entrega rápida!
7430,2042-05-05,495,26,Tablet,Eletrônicos,2,1494.36,2988.71,CA,Qualidade inferior ao anunciado
7431,2042-05-06,674,18,Smartphone,Eletrônicos,2,833.75,1667.51,TX,Sem reclamações.
7432,2042-05-07,247,22,Smartphone,Eletrônicos,1,239.19,239.19,CA,Muito satisfeito com a compra.
7433,2042-05-08,543,64,Smartphone,Eletrônicos,1,1189.44,1189.44,CA,Sem reclamações.
7434,2042-05-09,564,53,Tablet,Eletrônicos,3,692.62,2077.86,FL,Péssimo atendimento
7435,2042-05-10,857,27,Laptop,Eletrônicos,2,1896.43,3792.86,CA,Produto com ótimo custo-benefício.
7436,2042-05-11,588,19,Tablet,Eletrônicos,1,1030.29,1030.29,TX,Atendimento excepcional.
7437,2042-05-12,897,40,Fone de ouvido,Acessórios,2,970.92,1941.84,IL,Entrega dentro do prazo previsto.
7438,2042-05-13,439,56,Tablet,Eletrônicos,3,652.96,1958.88,NY,Excelente produto!
7439,2042-05-14,278,46,Laptop,Eletrônicos,2,710.63,1421.27,TX,Produto com ótimo custo-benefício.
7440,2042-05-15,552,73,Laptop,Eletrônicos,5,1049.87,5249.36,IL,Entrega dentro do prazo previsto.
7441,2042-05-16,613,36,Fone de ouvido,Acessórios,2,648.0,1295.99,TX,Excelente produto!
7442,2042-05-17,111,55,Smartphone,Eletrônicos,4,1789.99,7159.98,IL,Produto cumpre o que promete
7443,2042-05-18,385,64,Laptop,Eletrônicos,4,906.08,3624.34,TX,Muito satisfeito com a compra.
7444,2042-05-19,833,37,Laptop,Eletrônicos,3,619.44,1858.33,NY,Entrega dentro do prazo previsto.
7445,2042-05-20,761,29,Laptop,Eletrônicos,3,353.02,1059.06,FL,Muito satisfeito com a compra.
7446,2042-05-21,191,28,Fone de ouvido,Acessórios,3,1361.08,4083.25,FL,Muito satisfeito com a compra.
7447,2042-05-22,490,52,Laptop,Eletrônicos,5,100.28,501.42,NY,Muito satisfeito com a compra.
7448,2042-05-23,694,69,Smartphone,Eletrônicos,5,927.49,4637.46,TX,Produto com ótimo custo-benefício.
7449,2042-05-24,426,77,Fone de ouvido,Acessórios,2,1122.74,2245.48,IL,Excelente produto!
7450,2042-05-25,405,66,Smartphone,Eletrônicos,1,712.58,712.58,CA,Muito satisfeito com a compra.
7451,2042-05-26,335,24,Laptop,Eletrônicos,4,1512.14,6048.58,TX,Entrega atrasada
7452,2042-05-27,209,40,Laptop,Eletrônicos,4,1367.54,5470.15,NY,Produto com ótimo custo-benefício.
7453,2042-05-28,22,72,Smartphone,Eletrônicos,4,1944.23,7776.91,FL,Excelente produto!
7454,2042-05-29,678,67,Fone de ouvido,Acessórios,2,1042.1,2084.19,FL,Entrega rápida!
7455,2042-05-30,611,34,Fone de ouvido,Acessórios,2,1098.73,2197.47,TX,Arrependido da compra
7456,2042-05-31,208,65,Smartphone,Eletrônicos,3,529.39,1588.16,IL,Atendimento sem problema
7457,2042-06-01,8,74,Laptop,Eletrônicos,1,801.69,801.69,NY,Produto ok.
7458,2042-06-02,702,19,Tablet,Eletrônicos,3,102.38,307.13,NY,Muito satisfeito com a compra.
7459,2042-06-03,687,22,Smartphone,Eletrônicos,2,1394.09,2788.17,IL,Entrega rápida!
7460,2042-06-04,785,79,Smartphone,Eletrônicos,5,657.66,3288.32,IL,Atendimento excepcional.
7461,2042-06-05,529,38,Smartphone,Eletrônicos,3,1103.72,3311.15,TX,Sem reclamações.
7462,2042-06-06,602,30,Laptop,Eletrônicos,2,547.24,1094.47,TX,Atendimento excepcional.
7463,2042-06-07,653,78,Fone de ouvido,Acessórios,2,1261.02,2522.04,FL,Entrega dentro do prazo previsto.
7464,2042-06-08,657,28,Laptop,Eletrônicos,5,922.79,4613.93,FL,Atendimento excepcional.
7465,2042-06-09,166,41,Smartphone,Eletrônicos,5,989.63,4948.14,IL,Atendimento excepcional.
7466,2042-06-10,849,50,Laptop,Eletrônicos,5,1888.08,9440.42,CA,Excelente produto!
7467,2042-06-11,496,44,Laptop,Eletrônicos,1,1427.01,1427.01,CA,Excelente produto!
7468,2042-06-12,590,72,Smartphone,Eletrônicos,2,560.7,1121.41,CA,Excelente produto!
7469,2042-06-13,429,52,Laptop,Eletrônicos,5,1032.65,5163.24,NY,Atendimento excepcional.
7470,2042-06-14,774,35,Tablet,Eletrônicos,1,960.01,960.01,TX,Atendimento excepcional.
7471,2042-06-15,163,38,Laptop,Eletrônicos,4,1600.35,6401.41,IL,Atendimento sem problema
7472,2042-06-16,366,21,Laptop,Eletrônicos,4,1675.04,6700.17,FL,Produto com ótimo custo-benefício.
7473,2042-06-17,526,78,Fone de ouvido,Acessórios,4,602.71,2410.85,CA,Excelente produto!
7474,2042-06-18,239,58,Fone de ouvido,Acessórios,2,1651.25,3302.49,FL,Produto com ótimo custo-benefício.
7475,2042-06-19,72,49,Smartphone,Eletrônicos,1,400.03,400.03,TX,Muito satisfeito com a compra.
7476,2042-06-20,445,60,Smartphone,Eletrônicos,1,1537.4,1537.4,IL,Produto com ótimo custo-benefício.
7477,2042-06-21,655,66,Fone de ouvido,Acessórios,4,535.13,2140.52,CA,Produto com ótimo custo-benefício.
7478,2042-06-22,822,28,Tablet,Eletrônicos,3,630.97,1892.9,CA,Muito satisfeito com a compra.
7479,2042-06-23,509,20,Laptop,Eletrônicos,4,1712.31,6849.25,IL,Muito satisfeito com a compra.
7480,2042-06-24,795,68,Tablet,Eletrônicos,2,869.15,1738.29,FL,Entrega dentro do prazo previsto.
7481,2042-06-25,269,69,Tablet,Eletrônicos,4,1981.6,7926.41,TX,Atendimento excepcional.
7482,2042-06-26,753,72,Fone de ouvido,Acessórios,4,346.29,1385.16,TX,Atendimento excepcional.
7483,2042-06-27,415,38,Smartphone,Eletrônicos,1,953.53,953.53,TX,Excelente produto!
7484,2042-06-28,245,60,Laptop,Eletrônicos,4,1478.28,5913.11,FL,Entrega rápida!
7485,2042-06-29,675,75,Smartphone,Eletrônicos,5,60.47,302.33,FL,Entrega rápida!
7486,2042-06-30,60,31,Tablet,Eletrônicos,5,346.12,1730.59,CA,Entrega rápida!
7487,2042-07-01,6,23,Tablet,Eletrônicos,3,89.7,269.09,FL,Entrega rápida!
7488,2042-07-02,709,68,Smartphone,Eletrônicos,2,1986.11,3972.22,NY,Atendimento sem problema
7489,2042-07-03,982,70,Smartphone,Eletrônicos,2,1533.22,3066.44,IL,Entrega rápida!
7490,2042-07-04,570,46,Fone de ouvido,Acessórios,1,778.44,778.44,FL,Produto ok.
7491,2042-07-05,817,48,Smartphone,Eletrônicos,2,354.76,709.51,TX,Produto cumpre o que promete
7492,2042-07-06,407,64,Smartphone,Eletrônicos,3,226.25,678.74,FL,Entrega dentro do prazo previsto.
7493,2042-07-07,217,45,Fone de ouvido,Acessórios,5,1087.22,5436.1,CA,Péssimo atendimento
7494,2042-07-08,930,60,Smartphone,Eletrônicos,1,1952.99,1952.99,IL,Muito satisfeito com a compra.
7495,2042-07-09,26,67,Tablet,Eletrônicos,5,1365.49,6827.46,IL,Excelente produto!
7496,2042-07-10,815,53,Smartphone,Eletrônicos,3,762.02,2286.06,TX,Sem reclamações.
7497,2042-07-11,5,45,Laptop,Eletrônicos,1,1026.66,1026.66,IL,Entrega rápida!
7498,2042-07-12,986,36,Tablet,Eletrônicos,4,1997.86,7991.45,NY,Arrependido da compra
7499,2042-07-13,532,20,Fone de ouvido,Acessórios,2,1061.59,2123.19,IL,Produto com ótimo custo-benefício.
7500,2042-07-14,390,29,Tablet,Eletrônicos,3,1930.19,5790.58,TX,Excelente produto!
7501,2042-07-15,710,53,Fone de ouvido,Acessórios,1,81.91,81.91,IL,Entrega rápida!
7502,2042-07-16,571,41,Laptop,Eletrônicos,5,1455.88,7279.39,FL,Entrega rápida!
7503,2042-07-17,448,29,Laptop,Eletrônicos,1,1272.96,1272.96,CA,Entrega rápida!
7504,2042-07-18,754,41,Tablet,Eletrônicos,4,1386.39,5545.57,FL,Entrega atrasada
7505,2042-07-19,146,18,Smartphone,Eletrônicos,3,1162.61,3487.82,NY,Excelente produto!
7506,2042-07-20,388,45,Tablet,Eletrônicos,1,136.14,136.14,NY,Excelente produto!
7507,2042-07-21,785,33,Tablet,Eletrônicos,3,341.65,1024.95,CA,Excelente produto!
7508,2042-07-22,249,38,Laptop,Eletrônicos,3,1848.39,5545.17,CA,Produto com ótimo custo-benefício.
7509,2042-07-23,526,47,Fone de ouvido,Acessórios,5,504.2,2521.02,CA,Entrega rápida!
7510,2042-07-24,462,51,Tablet,Eletrônicos,2,1986.23,3972.46,CA,Muito satisfeito com a compra.
7511,2042-07-25,13,43,Smartphone,Eletrônicos,4,1375.2,5500.79,IL,Atendimento excepcional.
7512,2042-07-26,903,71,Laptop,Eletrônicos,1,916.49,916.49,FL,Produto com defeito
7513,2042-07-27,384,52,Tablet,Eletrônicos,2,1844.1,3688.19,NY,Produto ok.
7514,2042-07-28,556,48,Tablet,Eletrônicos,5,1600.22,8001.12,IL,Atendimento sem problema
7515,2042-07-29,887,77,Smartphone,Eletrônicos,2,886.48,1772.96,CA,Produto com ótimo custo-benefício.
7516,2042-07-30,399,33,Tablet,Eletrônicos,3,183.76,551.27,TX,Atendimento excepcional.
7517,2042-07-31,19,75,Tablet,Eletrônicos,3,1743.19,5229.58,TX,Atendimento sem problema
7518,2042-08-01,575,59,Tablet,Eletrônicos,4,1541.83,6167.31,FL,Produto ok.
7519,2042-08-02,491,46,Tablet,Eletrônicos,1,1591.93,1591.93,NY,Entrega rápida!
7520,2042-08-03,751,46,Smartphone,Eletrônicos,1,1502.47,1502.47,NY,Entrega rápida!
7521,2042-08-04,419,26,Tablet,Eletrônicos,5,587.72,2938.61,FL,Produto com ótimo custo-benefício.
7522,2042-08-05,337,31,Tablet,Eletrônicos,4,1724.75,6899.0,CA,Atendimento excepcional.
7523,2042-08-06,419,74,Tablet,Eletrônicos,1,54.35,54.35,CA,Entrega dentro do prazo previsto.
7524,2042-08-07,915,25,Laptop,Eletrônicos,3,512.69,1538.07,NY,Excelente produto!
7525,2042-08-08,916,19,Smartphone,Eletrônicos,4,140.79,563.16,NY,Entrega rápida!
7526,2042-08-09,612,28,Laptop,Eletrônicos,2,265.66,531.33,NY,Produto cumpre o que promete
7527,2042-08-10,675,19,Laptop,Eletrônicos,4,1088.14,4352.56,CA,Produto com ótimo custo-benefício.
7528,2042-08-11,928,76,Smartphone,Eletrônicos,4,122.65,490.6,TX,Sem reclamações.
7529,2042-08-12,122,64,Laptop,Eletrônicos,1,403.69,403.69,FL,Entrega dentro do prazo previsto.
7530,2042-08-13,432,35,Laptop,Eletrônicos,5,503.84,2519.22,FL,Excelente produto!
7531,2042-08-14,44,22,Laptop,Eletrônicos,5,1327.91,6639.55,IL,Atendimento excepcional.
7532,2042-08-15,872,77,Smartphone,Eletrônicos,1,964.2,964.2,IL,Entrega rápida!
7533,2042-08-16,920,75,Tablet,Eletrônicos,1,943.9,943.9,TX,Muito satisfeito com a compra.
7534,2042-08-17,317,74,Fone de ouvido,Acessórios,1,1548.44,1548.44,NY,Atendimento sem problema
7535,2042-08-18,381,24,Fone de ouvido,Acessórios,5,940.61,4703.03,TX,Entrega dentro do prazo previsto.
7536,2042-08-19,145,40,Smartphone,Eletrônicos,1,729.55,729.55,IL,Produto cumpre o que promete
7537,2042-08-20,327,36,Fone de ouvido,Acessórios,2,1926.78,3853.56,IL,Entrega dentro do prazo previsto.
7538,2042-08-21,363,36,Smartphone,Eletrônicos,2,66.17,132.34,FL,Produto com ótimo custo-benefício.
7539,2042-08-22,50,75,Smartphone,Eletrônicos,3,645.52,1936.55,TX,Produto cumpre o que promete
7540,2042-08-23,65,65,Fone de ouvido,Acessórios,2,1238.32,2476.63,CA,Sem reclamações.
7541,2042-08-24,355,36,Laptop,Eletrônicos,4,1576.48,6305.91,IL,Excelente produto!
7542,2042-08-25,800,66,Tablet,Eletrônicos,3,1642.01,4926.02,FL,Arrependido da compra
7543,2042-08-26,164,62,Fone de ouvido,Acessórios,2,139.84,279.69,NY,Entrega rápida!
7544,2042-08-27,141,77,Fone de ouvido,Acessórios,4,1432.81,5731.23,TX,Sem reclamações.
7545,2042-08-28,966,57,Fone de ouvido,Acessórios,2,1454.49,2908.99,IL,Produto cumpre o que promete
7546,2042-08-29,826,45,Fone de ouvido,Acessórios,4,467.45,1869.82,CA,Atendimento excepcional.
7547,2042-08-30,128,28,Smartphone,Eletrônicos,1,269.91,269.91,IL,Atendimento excepcional.
7548,2042-08-31,398,67,Smartphone,Eletrônicos,4,1511.89,6047.55,CA,Entrega rápida!
7549,2042-09-01,933,28,Tablet,Eletrônicos,1,536.53,536.53,TX,Produto com ótimo custo-benefício.
7550,2042-09-02,880,72,Tablet,Eletrônicos,4,53.26,213.06,CA,Muito satisfeito com a compra.
7551,2042-09-03,463,26,Fone de ouvido,Acessórios,4,485.97,1943.87,CA,Atendimento excepcional.
7552,2042-09-04,751,31,Fone de ouvido,Acessórios,2,110.58,221.17,FL,Excelente produto!
7553,2042-09-05,836,51,Fone de ouvido,Acessórios,4,535.91,2143.66,TX,Produto com ótimo custo-benefício.
7554,2042-09-06,808,46,Tablet,Eletrônicos,2,703.29,1406.58,IL,Muito satisfeito com a compra.
7555,2042-09-07,187,66,Fone de ouvido,Acessórios,4,579.23,2316.92,NY,Muito satisfeito com a compra.
7556,2042-09-08,720,38,Laptop,Eletrônicos,5,1843.88,9219.39,TX,Produto cumpre o que promete
7557,2042-09-09,732,65,Tablet,Eletrônicos,3,503.44,1510.32,TX,Produto ok.
7558,2042-09-10,912,75,Laptop,Eletrônicos,2,961.69,1923.39,NY,Atendimento excepcional.
7559,2042-09-11,190,22,Fone de ouvido,Acessórios,2,1916.98,3833.97,IL,Produto com ótimo custo-benefício.
7560,2042-09-12,388,50,Smartphone,Eletrônicos,1,1764.44,1764.44,FL,Entrega atrasada
7561,2042-09-13,429,26,Laptop,Eletrônicos,5,653.05,3265.27,IL,Produto com ótimo custo-benefício.
7562,2042-09-14,858,20,Tablet,Eletrônicos,1,686.66,686.66,NY,Produto ok.
7563,2042-09-15,284,31,Laptop,Eletrônicos,5,1206.99,6034.96,IL,Entrega rápida!
7564,2042-09-16,864,35,Tablet,Eletrônicos,5,1839.83,9199.16,TX,Muito satisfeito com a compra.
7565,2042-09-17,237,29,Fone de ouvido,Acessórios,4,69.5,278.0,FL,Produto cumpre o que promete
7566,2042-09-18,194,40,Laptop,Eletrônicos,1,816.58,816.58,CA,Arrependido da compra
7567,2042-09-19,287,31,Smartphone,Eletrônicos,3,1707.06,5121.19,IL,Produto cumpre o que promete
7568,2042-09-20,771,77,Laptop,Eletrônicos,5,850.42,4252.08,CA,Atendimento sem problema
7569,2042-09-21,758,33,Smartphone,Eletrônicos,5,1454.11,7270.54,FL,Atendimento excepcional.
7570,2042-09-22,136,54,Tablet,Eletrônicos,2,1399.25,2798.51,CA,Entrega rápida!
7571,2042-09-23,792,37,Fone de ouvido,Acessórios,4,450.64,1802.58,IL,Atendimento excepcional.
7572,2042-09-24,783,37,Fone de ouvido,Acessórios,3,926.71,2780.13,NY,Excelente produto!
7573,2042-09-25,171,32,Smartphone,Eletrônicos,5,1154.06,5770.32,TX,Produto com defeito
7574,2042-09-26,159,58,Tablet,Eletrônicos,2,1445.15,2890.31,TX,Atendimento excepcional.
7575,2042-09-27,201,42,Fone de ouvido,Acessórios,1,1653.66,1653.66,CA,Muito satisfeito com a compra.
7576,2042-09-28,487,34,Tablet,Eletrônicos,5,1531.87,7659.35,TX,Excelente produto!
7577,2042-09-29,557,29,Smartphone,Eletrônicos,2,105.21,210.41,TX,Produto com ótimo custo-benefício.
7578,2042-09-30,962,62,Smartphone,Eletrônicos,1,1357.74,1357.74,NY,Atendimento excepcional.
7579,2042-10-01,776,59,Laptop,Eletrônicos,4,1019.77,4079.06,CA,Atendimento excepcional.
7580,2042-10-02,583,56,Fone de ouvido,Acessórios,1,1169.03,1169.03,NY,Excelente produto!
7581,2042-10-03,504,76,Fone de ouvido,Acessórios,5,777.28,3886.42,NY,Sem reclamações.
7582,2042-10-04,876,73,Laptop,Eletrônicos,3,1442.35,4327.05,FL,Produto com ótimo custo-benefício.
7583,2042-10-05,371,70,Smartphone,Eletrônicos,1,1364.08,1364.08,CA,Excelente produto!
7584,2042-10-06,103,24,Smartphone,Eletrônicos,3,1180.0,3540.0,NY,Produto ok.
7585,2042-10-07,125,25,Smartphone,Eletrônicos,3,1730.13,5190.39,IL,Entrega dentro do prazo previsto.
7586,2042-10-08,313,41,Smartphone,Eletrônicos,1,248.71,248.71,TX,Excelente produto!
7587,2042-10-09,976,64,Tablet,Eletrônicos,4,637.0,2547.98,CA,Produto com ótimo custo-benefício.
7588,2042-10-10,995,42,Fone de ouvido,Acessórios,1,1015.5,1015.5,FL,Entrega dentro do prazo previsto.
7589,2042-10-11,798,38,Fone de ouvido,Acessórios,2,1919.28,3838.56,NY,Muito satisfeito com a compra.
7590,2042-10-12,458,67,Smartphone,Eletrônicos,3,190.33,570.99,IL,Muito satisfeito com a compra.
7591,2042-10-13,230,71,Smartphone,Eletrônicos,5,707.3,3536.51,TX,Excelente produto!
7592,2042-10-14,658,50,Smartphone,Eletrônicos,3,1855.49,5566.46,TX,Atendimento sem problema
7593,2042-10-15,882,27,Fone de ouvido,Acessórios,5,1801.0,9004.99,IL,Sem reclamações.
7594,2042-10-16,197,39,Fone de ouvido,Acessórios,2,1737.23,3474.46,CA,Arrependido da compra
7595,2042-10-17,885,36,Smartphone,Eletrônicos,2,651.36,1302.72,TX,Produto com ótimo custo-benefício.
7596,2042-10-18,733,46,Tablet,Eletrônicos,2,1701.33,3402.66,TX,Entrega rápida!
7597,2042-10-19,423,20,Laptop,Eletrônicos,1,1035.41,1035.41,TX,Produto ok.
7598,2042-10-20,572,56,Laptop,Eletrônicos,3,1258.57,3775.71,NY,Produto com ótimo custo-benefício.
7599,2042-10-21,610,21,Laptop,Eletrônicos,5,515.71,2578.54,NY,Produto com ótimo custo-benefício.
7600,2042-10-22,171,54,Fone de ouvido,Acessórios,2,1428.01,2856.03,TX,Produto com ótimo custo-benefício.
7601,2042-10-23,382,48,Fone de ouvido,Acessórios,2,689.01,1378.02,FL,Excelente produto!
7602,2042-10-24,173,23,Laptop,Eletrônicos,5,720.57,3602.83,TX,Entrega dentro do prazo previsto.
7603,2042-10-25,663,45,Laptop,Eletrônicos,3,1291.79,3875.38,CA,Produto com ótimo custo-benefício.
7604,2042-10-26,453,27,Tablet,Eletrônicos,3,517.67,1553.02,FL,Atendimento excepcional.
7605,2042-10-27,350,29,Fone de ouvido,Acessórios,5,487.66,2438.28,CA,Entrega rápida!
7606,2042-10-28,902,63,Fone de ouvido,Acessórios,4,769.87,3079.47,IL,Produto ok.
7607,2042-10-29,952,71,Laptop,Eletrônicos,3,1567.22,4701.67,IL,Sem reclamações.
7608,2042-10-30,634,19,Tablet,Eletrônicos,5,488.13,2440.65,NY,Atendimento sem problema
7609,2042-10-31,494,20,Tablet,Eletrônicos,5,1585.27,7926.35,NY,Atendimento excepcional.
7610,2042-11-01,620,18,Laptop,Eletrônicos,2,1406.43,2812.86,NY,Sem reclamações.
7611,2042-11-02,4,52,Laptop,Eletrônicos,5,1374.21,6871.03,IL,Muito satisfeito com a compra.
7612,2042-11-03,93,41,Fone de ouvido,Acessórios,1,975.77,975.77,CA,Produto com ótimo custo-benefício.
7613,2042-11-04,919,64,Laptop,Eletrônicos,2,1504.48,3008.96,FL,Produto com ótimo custo-benefício.
7614,2042-11-05,6,65,Smartphone,Eletrônicos,2,76.36,152.73,NY,Muito satisfeito com a compra.
7615,2042-11-06,288,69,Tablet,Eletrônicos,3,645.93,1937.8,IL,Produto cumpre o que promete
7616,2042-11-07,618,51,Laptop,Eletrônicos,4,1374.32,5497.27,NY,Entrega dentro do prazo previsto.
7617,2042-11-08,146,37,Smartphone,Eletrônicos,3,1975.23,5925.68,TX,Atendimento sem problema
7618,2042-11-09,783,33,Tablet,Eletrônicos,1,54.9,54.9,FL,Arrependido da compra
7619,2042-11-10,424,47,Smartphone,Eletrônicos,2,1044.45,2088.89,CA,Excelente produto!
7620,2042-11-11,890,64,Smartphone,Eletrônicos,2,1851.48,3702.96,NY,Produto com ótimo custo-benefício.
7621,2042-11-12,608,56,Laptop,Eletrônicos,5,1733.9,8669.51,TX,Produto ok.
7622,2042-11-13,457,42,Tablet,Eletrônicos,4,95.12,380.46,TX,Sem reclamações.
7623,2042-11-14,741,22,Smartphone,Eletrônicos,4,1082.64,4330.55,FL,Péssimo atendimento
7624,2042-11-15,202,46,Fone de ouvido,Acessórios,5,58.36,291.8,IL,Excelente produto!
7625,2042-11-16,212,54,Tablet,Eletrônicos,1,1589.67,1589.67,IL,Produto ok.
7626,2042-11-17,6,45,Fone de ouvido,Acessórios,4,652.31,2609.22,NY,Entrega dentro do prazo previsto.
7627,2042-11-18,624,70,Laptop,Eletrônicos,2,1542.9,3085.8,NY,Muito satisfeito com a compra.
7628,2042-11-19,376,75,Fone de ouvido,Acessórios,1,1892.35,1892.35,IL,Produto ok.
7629,2042-11-20,891,58,Tablet,Eletrônicos,3,1953.37,5860.1,CA,Excelente produto!
7630,2042-11-21,447,40,Smartphone,Eletrônicos,3,1793.52,5380.55,CA,Muito satisfeito com a compra.
7631,2042-11-22,835,49,Smartphone,Eletrônicos,1,448.08,448.08,TX,Atendimento sem problema
7632,2042-11-23,106,63,Tablet,Eletrônicos,2,429.47,858.94,FL,Produto cumpre o que promete
7633,2042-11-24,651,68,Smartphone,Eletrônicos,3,1270.27,3810.82,CA,Muito satisfeito com a compra.
7634,2042-11-25,811,79,Fone de ouvido,Acessórios,2,1110.9,2221.81,NY,Entrega dentro do prazo previsto.
7635,2042-11-26,401,35,Smartphone,Eletrônicos,5,68.59,342.96,CA,Entrega rápida!
7636,2042-11-27,96,58,Smartphone,Eletrônicos,4,813.87,3255.47,FL,Atendimento excepcional.
7637,2042-11-28,388,52,Fone de ouvido,Acessórios,1,1818.05,1818.05,NY,Entrega rápida!
7638,2042-11-29,959,78,Fone de ouvido,Acessórios,4,1801.8,7207.2,FL,Sem reclamações.
7639,2042-11-30,452,60,Fone de ouvido,Acessórios,5,447.62,2238.09,IL,Atendimento sem problema
7640,2042-12-01,849,41,Laptop,Eletrônicos,3,794.83,2384.48,FL,Entrega rápida!
7641,2042-12-02,809,64,Fone de ouvido,Acessórios,2,1142.71,2285.43,FL,Qualidade inferior ao anunciado
7642,2042-12-03,979,45,Fone de ouvido,Acessórios,2,1712.93,3425.86,FL,Entrega dentro do prazo previsto.
7643,2042-12-04,901,53,Laptop,Eletrônicos,5,1087.39,5436.95,NY,Excelente produto!
7644,2042-12-05,416,38,Smartphone,Eletrônicos,1,1937.99,1937.99,FL,Produto ok.
7645,2042-12-06,726,73,Fone de ouvido,Acessórios,4,1608.15,6432.61,FL,Atendimento sem problema
7646,2042-12-07,504,22,Tablet,Eletrônicos,3,1908.53,5725.59,TX,Excelente produto!
7647,2042-12-08,454,43,Fone de ouvido,Acessórios,1,1476.41,1476.41,NY,Excelente produto!
7648,2042-12-09,291,67,Fone de ouvido,Acessórios,5,1761.37,8806.84,FL,Entrega rápida!
7649,2042-12-10,534,71,Laptop,Eletrônicos,5,1670.46,8352.29,CA,Entrega dentro do prazo previsto.
7650,2042-12-11,193,40,Tablet,Eletrônicos,2,544.99,1089.97,FL,Péssimo atendimento
7651,2042-12-12,980,61,Smartphone,Eletrônicos,3,497.6,1492.79,CA,Produto com ótimo custo-benefício.
7652,2042-12-13,150,50,Smartphone,Eletrônicos,1,1735.55,1735.55,IL,Produto com defeito
7653,2042-12-14,880,43,Tablet,Eletrônicos,2,215.12,430.24,IL,Atendimento excepcional.
7654,2042-12-15,759,74,Fone de ouvido,Acessórios,3,846.7,2540.1,NY,Entrega rápida!
7655,2042-12-16,779,39,Laptop,Eletrônicos,4,1650.28,6601.13,NY,Produto cumpre o que promete
7656,2042-12-17,973,37,Tablet,Eletrônicos,4,1635.82,6543.27,IL,Excelente produto!
7657,2042-12-18,763,19,Tablet,Eletrônicos,2,320.63,641.25,NY,Atendimento excepcional.
7658,2042-12-19,515,58,Smartphone,Eletrônicos,1,1001.03,1001.03,CA,Muito satisfeito com a compra.
7659,2042-12-20,393,71,Laptop,Eletrônicos,3,985.67,2957.02,CA,Produto com ótimo custo-benefício.
7660,2042-12-21,316,74,Tablet,Eletrônicos,4,681.26,2725.03,TX,Produto ok.
7661,2042-12-22,76,35,Laptop,Eletrônicos,4,1838.5,7354.01,NY,Muito satisfeito com a compra.
7662,2042-12-23,599,22,Fone de ouvido,Acessórios,1,1323.58,1323.58,NY,Produto cumpre o que promete
7663,2042-12-24,270,71,Smartphone,Eletrônicos,2,1961.37,3922.73,TX,Produto ok.
7664,2042-12-25,225,49,Fone de ouvido,Acessórios,5,180.19,900.97,FL,Atendimento excepcional.
7665,2042-12-26,530,63,Laptop,Eletrônicos,3,818.98,2456.95,CA,Atendimento sem problema
7666,2042-12-27,113,28,Fone de ouvido,Acessórios,4,1678.52,6714.07,FL,Arrependido da compra
7667,2042-12-28,251,38,Smartphone,Eletrônicos,5,874.24,4371.19,TX,Entrega rápida!
7668,2042-12-29,233,39,Laptop,Eletrônicos,1,560.66,560.66,NY,Muito satisfeito com a compra.
7669,2042-12-30,841,20,Tablet,Eletrônicos,2,1995.72,3991.45,FL,Atendimento sem problema
7670,2042-12-31,791,26,Fone de ouvido,Acessórios,3,1752.59,5257.78,NY,Muito satisfeito com a compra.
7671,2043-01-01,714,19,Smartphone,Eletrônicos,1,1115.62,1115.62,TX,Atendimento excepcional.
7672,2043-01-02,83,63,Tablet,Eletrônicos,2,1145.33,2290.67,IL,Muito satisfeito com a compra.
7673,2043-01-03,125,45,Smartphone,Eletrônicos,1,63.38,63.38,NY,Excelente produto!
7674,2043-01-04,175,51,Laptop,Eletrônicos,4,1962.94,7851.76,FL,Entrega rápida!
7675,2043-01-05,69,70,Laptop,Eletrônicos,4,1622.28,6489.1,FL,Muito satisfeito com a compra.
7676,2043-01-06,47,76,Fone de ouvido,Acessórios,5,121.62,608.11,TX,Muito satisfeito com a compra.
7677,2043-01-07,884,27,Smartphone,Eletrônicos,1,393.84,393.84,FL,Produto com ótimo custo-benefício.
7678,2043-01-08,256,36,Smartphone,Eletrônicos,4,1651.01,6604.04,CA,Produto ok.
7679,2043-01-09,727,46,Smartphone,Eletrônicos,2,219.39,438.78,NY,Atendimento sem problema
7680,2043-01-10,30,78,Laptop,Eletrônicos,5,1886.48,9432.41,CA,Muito satisfeito com a compra.
7681,2043-01-11,281,19,Fone de ouvido,Acessórios,3,1999.79,5999.36,TX,Atendimento excepcional.
7682,2043-01-12,924,65,Smartphone,Eletrônicos,1,1778.54,1778.54,CA,Atendimento sem problema
7683,2043-01-13,994,23,Smartphone,Eletrônicos,4,1490.86,5963.45,CA,Produto com ótimo custo-benefício.
7684,2043-01-14,237,61,Tablet,Eletrônicos,2,1000.2,2000.4,NY,Produto ok.
7685,2043-01-15,248,71,Smartphone,Eletrônicos,1,210.74,210.74,NY,Produto com ótimo custo-benefício.
7686,2043-01-16,368,24,Fone de ouvido,Acessórios,2,1474.37,2948.74,IL,Produto com ótimo custo-benefício.
7687,2043-01-17,495,53,Tablet,Eletrônicos,5,823.89,4119.44,CA,Entrega rápida!
7688,2043-01-18,25,25,Tablet,Eletrônicos,4,1161.95,4647.78,NY,Sem reclamações.
7689,2043-01-19,586,36,Tablet,Eletrônicos,4,622.11,2488.45,CA,Excelente produto!
7690,2043-01-20,718,27,Laptop,Eletrônicos,5,522.2,2611.02,CA,Atendimento sem problema
7691,2043-01-21,490,50,Tablet,Eletrônicos,2,682.38,1364.76,TX,Muito satisfeito com a compra.
7692,2043-01-22,494,54,Smartphone,Eletrônicos,1,1636.96,1636.96,TX,Excelente produto!
7693,2043-01-23,314,55,Laptop,Eletrônicos,2,881.66,1763.32,CA,Produto com ótimo custo-benefício.
7694,2043-01-24,606,44,Laptop,Eletrônicos,1,657.83,657.83,TX,Atendimento excepcional.
7695,2043-01-25,375,46,Laptop,Eletrônicos,5,894.29,4471.46,NY,Entrega rápida!
7696,2043-01-26,639,36,Laptop,Eletrônicos,3,112.96,338.88,CA,Excelente produto!
7697,2043-01-27,937,35,Laptop,Eletrônicos,1,1786.68,1786.68,TX,Atendimento excepcional.
7698,2043-01-28,25,68,Laptop,Eletrônicos,4,1125.94,4503.74,NY,Excelente produto!
7699,2043-01-29,334,68,Laptop,Eletrônicos,4,254.41,1017.64,CA,Produto ok.
7700,2043-01-30,355,40,Tablet,Eletrônicos,4,612.39,2449.57,CA,Entrega dentro do prazo previsto.
7701,2043-01-31,116,18,Fone de ouvido,Acessórios,2,1967.93,3935.86,TX,Atendimento excepcional.
7702,2043-02-01,48,76,Smartphone,Eletrônicos,2,1206.46,2412.92,NY,Produto com ótimo custo-benefício.
7703,2043-02-02,738,69,Smartphone,Eletrônicos,2,618.24,1236.48,CA,Muito satisfeito com a compra.
7704,2043-02-03,778,60,Tablet,Eletrônicos,4,881.37,3525.5,CA,Atendimento excepcional.
7705,2043-02-04,99,20,Tablet,Eletrônicos,1,554.03,554.03,IL,Excelente produto!
7706,2043-02-05,459,27,Laptop,Eletrônicos,4,112.02,448.07,CA,Atendimento excepcional.
7707,2043-02-06,523,76,Fone de ouvido,Acessórios,1,1691.96,1691.96,IL,Sem reclamações.
7708,2043-02-07,597,24,Laptop,Eletrônicos,2,620.33,1240.67,IL,Produto cumpre o que promete
7709,2043-02-08,405,66,Tablet,Eletrônicos,3,1684.9,5054.7,NY,Muito satisfeito com a compra.
7710,2043-02-09,214,73,Laptop,Eletrônicos,2,983.19,1966.37,FL,Entrega dentro do prazo previsto.
7711,2043-02-10,685,43,Smartphone,Eletrônicos,5,406.64,2033.22,IL,Excelente produto!
7712,2043-02-11,903,33,Smartphone,Eletrônicos,1,1613.64,1613.64,NY,Produto com ótimo custo-benefício.
7713,2043-02-12,503,56,Laptop,Eletrônicos,3,785.37,2356.1,TX,Produto cumpre o que promete
7714,2043-02-13,721,62,Fone de ouvido,Acessórios,2,1430.07,2860.14,IL,Entrega rápida!
7715,2043-02-14,448,49,Laptop,Eletrônicos,3,1682.6,5047.79,FL,Produto cumpre o que promete
7716,2043-02-15,894,29,Laptop,Eletrônicos,4,1927.82,7711.29,TX,Entrega rápida!
7717,2043-02-16,576,61,Fone de ouvido,Acessórios,1,217.34,217.34,IL,Sem reclamações.
7718,2043-02-17,258,25,Fone de ouvido,Acessórios,5,66.35,331.77,IL,Entrega rápida!
7719,2043-02-18,844,25,Fone de ouvido,Acessórios,4,1119.43,4477.71,FL,Sem reclamações.
7720,2043-02-19,121,62,Smartphone,Eletrônicos,3,565.27,1695.81,CA,Entrega rápida!
7721,2043-02-20,810,28,Laptop,Eletrônicos,2,964.75,1929.5,FL,Atendimento excepcional.
7722,2043-02-21,978,74,Tablet,Eletrônicos,1,191.68,191.68,NY,Atendimento sem problema
7723,2043-02-22,54,50,Fone de ouvido,Acessórios,5,1028.1,5140.49,NY,Produto ok.
7724,2043-02-23,331,42,Fone de ouvido,Acessórios,2,293.47,586.94,FL,Atendimento sem problema
7725,2043-02-24,784,34,Laptop,Eletrônicos,5,1685.25,8426.23,FL,Entrega rápida!
7726,2043-02-25,241,48,Tablet,Eletrônicos,1,1531.0,1531.0,FL,Muito satisfeito com a compra.
7727,2043-02-26,755,36,Laptop,Eletrônicos,3,194.44,583.33,FL,Atendimento excepcional.
7728,2043-02-27,530,62,Laptop,Eletrônicos,5,1680.88,8404.42,FL,Excelente produto!
7729,2043-02-28,483,72,Fone de ouvido,Acessórios,1,683.67,683.67,IL,Produto ok.
7730,2043-03-01,187,32,Fone de ouvido,Acessórios,5,738.08,3690.38,TX,Produto cumpre o que promete
7731,2043-03-02,858,78,Smartphone,Eletrônicos,2,400.62,801.23,NY,Entrega atrasada
7732,2043-03-03,656,73,Tablet,Eletrônicos,5,1678.84,8394.22,NY,Excelente produto!
7733,2043-03-04,262,61,Tablet,Eletrônicos,2,839.18,1678.35,TX,Atendimento excepcional.
7734,2043-03-05,953,70,Fone de ouvido,Acessórios,2,145.23,290.46,FL,Entrega dentro do prazo previsto.
7735,2043-03-06,364,66,Fone de ouvido,Acessórios,1,1934.19,1934.19,TX,Produto cumpre o que promete
7736,2043-03-07,491,52,Fone de ouvido,Acessórios,4,548.98,2195.92,FL,Produto ok.
7737,2043-03-08,431,56,Tablet,Eletrônicos,5,1875.55,9377.73,NY,Atendimento sem problema
7738,2043-03-09,239,19,Smartphone,Eletrônicos,3,637.41,1912.24,CA,Produto ok.
7739,2043-03-10,304,51,Tablet,Eletrônicos,2,1671.28,3342.56,NY,Excelente produto!
7740,2043-03-11,298,42,Fone de ouvido,Acessórios,4,1345.23,5380.91,NY,Atendimento sem problema
7741,2043-03-12,76,55,Fone de ouvido,Acessórios,2,1729.5,3459.01,CA,Entrega rápida!
7742,2043-03-13,700,21,Smartphone,Eletrônicos,4,1953.43,7813.72,TX,Produto cumpre o que promete
7743,2043-03-14,333,33,Laptop,Eletrônicos,4,1749.39,6997.57,IL,Entrega dentro do prazo previsto.
7744,2043-03-15,900,49,Laptop,Eletrônicos,3,837.15,2511.44,FL,Entrega rápida!
7745,2043-03-16,999,32,Tablet,Eletrônicos,4,1638.28,6553.13,FL,Atendimento excepcional.
7746,2043-03-17,758,59,Laptop,Eletrônicos,3,1437.72,4313.16,NY,Entrega rápida!
7747,2043-03-18,642,31,Laptop,Eletrônicos,1,170.13,170.13,CA,Muito satisfeito com a compra.
7748,2043-03-19,474,58,Tablet,Eletrônicos,2,1863.03,3726.06,NY,Excelente produto!
7749,2043-03-20,827,32,Fone de ouvido,Acessórios,3,958.62,2875.87,NY,Muito satisfeito com a compra.
7750,2043-03-21,923,24,Laptop,Eletrônicos,2,312.18,624.36,TX,Atendimento excepcional.
7751,2043-03-22,283,24,Fone de ouvido,Acessórios,5,879.49,4397.44,FL,Produto com ótimo custo-benefício.
7752,2043-03-23,591,25,Tablet,Eletrônicos,1,1226.13,1226.13,IL,Produto com ótimo custo-benefício.
7753,2043-03-24,72,36,Fone de ouvido,Acessórios,5,1167.24,5836.22,CA,Atendimento excepcional.
7754,2043-03-25,263,35,Fone de ouvido,Acessórios,5,1170.85,5854.24,IL,Atendimento excepcional.
7755,2043-03-26,703,34,Tablet,Eletrônicos,4,548.89,2195.55,CA,Entrega dentro do prazo previsto.
7756,2043-03-27,879,35,Fone de ouvido,Acessórios,4,1283.77,5135.08,FL,Produto ok.
7757,2043-03-28,887,36,Laptop,Eletrônicos,5,1819.46,9097.29,TX,Qualidade inferior ao anunciado
7758,2043-03-29,942,70,Laptop,Eletrônicos,4,807.9,3231.6,IL,Atendimento excepcional.
7759,2043-03-30,575,57,Laptop,Eletrônicos,2,1279.63,2559.26,CA,Atendimento sem problema
7760,2043-03-31,1000,30,Laptop,Eletrônicos,4,525.77,2103.1,NY,Excelente produto!
7761,2043-04-01,892,76,Fone de ouvido,Acessórios,5,144.15,720.74,FL,Excelente produto!
7762,2043-04-02,12,28,Laptop,Eletrônicos,4,1192.18,4768.7,TX,Entrega rápida!
7763,2043-04-03,141,78,Fone de ouvido,Acessórios,4,142.72,570.89,NY,Produto com ótimo custo-benefício.
7764,2043-04-04,766,68,Smartphone,Eletrônicos,3,1460.99,4382.97,TX,Excelente produto!
7765,2043-04-05,555,24,Fone de ouvido,Acessórios,3,1357.19,4071.56,CA,Atendimento sem problema
7766,2043-04-06,17,44,Laptop,Eletrônicos,5,770.18,3850.92,NY,Sem reclamações.
7767,2043-04-07,63,76,Smartphone,Eletrônicos,2,852.02,1704.03,TX,Arrependido da compra
7768,2043-04-08,253,54,Tablet,Eletrônicos,1,1839.63,1839.63,FL,Produto ok.
7769,2043-04-09,465,22,Fone de ouvido,Acessórios,1,75.61,75.61,IL,Atendimento sem problema
7770,2043-04-10,376,79,Laptop,Eletrônicos,5,1148.44,5742.21,IL,Produto com ótimo custo-benefício.
7771,2043-04-11,804,25,Laptop,Eletrônicos,2,1850.55,3701.11,NY,Atendimento sem problema
7772,2043-04-12,981,27,Laptop,Eletrônicos,2,1832.28,3664.55,FL,Produto ok.
7773,2043-04-13,520,54,Tablet,Eletrônicos,2,1190.08,2380.16,FL,Muito satisfeito com a compra.
7774,2043-04-14,837,43,Smartphone,Eletrônicos,3,793.4,2380.2,TX,Atendimento sem problema
7775,2043-04-15,90,32,Smartphone,Eletrônicos,5,242.86,1214.31,NY,Muito satisfeito com a compra.
7776,2043-04-16,720,72,Laptop,Eletrônicos,1,388.88,388.88,FL,Excelente produto!
7777,2043-04-17,804,33,Fone de ouvido,Acessórios,2,1375.36,2750.73,TX,Produto cumpre o que promete
7778,2043-04-18,796,46,Laptop,Eletrônicos,5,82.44,412.18,FL,Atendimento sem problema
7779,2043-04-19,630,45,Laptop,Eletrônicos,1,1772.8,1772.8,NY,Qualidade inferior ao anunciado
7780,2043-04-20,861,27,Fone de ouvido,Acessórios,3,1196.47,3589.42,FL,Atendimento sem problema
7781,2043-04-21,175,73,Laptop,Eletrônicos,4,138.04,552.14,FL,Entrega rápida!
7782,2043-04-22,76,57,Tablet,Eletrônicos,1,517.55,517.55,FL,Entrega rápida!
7783,2043-04-23,613,68,Laptop,Eletrônicos,1,1208.69,1208.69,IL,Excelente produto!
7784,2043-04-24,926,21,Tablet,Eletrônicos,1,119.42,119.42,CA,Sem reclamações.
7785,2043-04-25,663,63,Laptop,Eletrônicos,4,1570.98,6283.9,NY,Muito satisfeito com a compra.
7786,2043-04-26,400,78,Smartphone,Eletrônicos,2,1843.85,3687.7,IL,Atendimento sem problema
7787,2043-04-27,782,57,Fone de ouvido,Acessórios,4,1924.38,7697.52,CA,Entrega rápida!
7788,2043-04-28,970,70,Smartphone,Eletrônicos,1,1480.64,1480.64,FL,Atendimento sem problema
7789,2043-04-29,71,31,Laptop,Eletrônicos,3,1720.81,5162.43,FL,Produto com ótimo custo-benefício.
7790,2043-04-30,180,61,Laptop,Eletrônicos,1,1240.88,1240.88,IL,Excelente produto!
7791,2043-05-01,124,50,Tablet,Eletrônicos,3,944.16,2832.48,TX,Atendimento excepcional.
7792,2043-05-02,381,72,Laptop,Eletrônicos,5,1440.61,7203.06,NY,Excelente produto!
7793,2043-05-03,293,68,Laptop,Eletrônicos,3,487.15,1461.46,CA,Excelente produto!
7794,2043-05-04,797,35,Laptop,Eletrônicos,1,264.08,264.08,FL,Produto ok.
7795,2043-05-05,195,29,Smartphone,Eletrônicos,4,1535.61,6142.44,NY,Produto com ótimo custo-benefício.
7796,2043-05-06,911,27,Tablet,Eletrônicos,1,1918.46,1918.46,FL,Atendimento sem problema
7797,2043-05-07,228,38,Smartphone,Eletrônicos,1,1176.08,1176.08,FL,Arrependido da compra
7798,2043-05-08,431,50,Tablet,Eletrônicos,5,990.96,4954.79,FL,Atendimento sem problema
7799,2043-05-09,942,31,Smartphone,Eletrônicos,2,1092.09,2184.18,NY,Entrega rápida!
7800,2043-05-10,436,26,Laptop,Eletrônicos,1,983.01,983.01,IL,Sem reclamações.
7801,2043-05-11,787,43,Smartphone,Eletrônicos,5,912.29,4561.45,NY,Entrega rápida!
7802,2043-05-12,461,79,Smartphone,Eletrônicos,4,1896.72,7586.88,NY,Muito satisfeito com a compra.
7803,2043-05-13,618,32,Tablet,Eletrônicos,5,985.54,4927.69,TX,Produto com ótimo custo-benefício.
7804,2043-05-14,21,38,Tablet,Eletrônicos,5,208.15,1040.75,TX,Entrega rápida!
7805,2043-05-15,64,39,Smartphone,Eletrônicos,3,1542.76,4628.27,IL,Sem reclamações.
7806,2043-05-16,165,72,Tablet,Eletrônicos,2,813.55,1627.09,TX,Atendimento excepcional.
7807,2043-05-17,27,63,Tablet,Eletrônicos,2,1435.85,2871.7,IL,Excelente produto!
7808,2043-05-18,311,58,Tablet,Eletrônicos,4,1180.16,4720.64,FL,Muito satisfeito com a compra.
7809,2043-05-19,285,60,Fone de ouvido,Acessórios,5,1440.7,7203.51,FL,Entrega rápida!
7810,2043-05-20,660,22,Tablet,Eletrônicos,4,170.89,683.55,NY,Entrega rápida!
7811,2043-05-21,281,61,Fone de ouvido,Acessórios,4,116.05,464.21,FL,Atendimento excepcional.
7812,2043-05-22,838,33,Fone de ouvido,Acessórios,2,788.16,1576.31,TX,Muito satisfeito com a compra.
7813,2043-05-23,831,69,Tablet,Eletrônicos,2,1401.67,2803.35,CA,Produto ok.
7814,2043-05-24,164,77,Smartphone,Eletrônicos,2,486.18,972.36,NY,Entrega dentro do prazo previsto.
7815,2043-05-25,898,52,Tablet,Eletrônicos,1,895.13,895.13,IL,Produto com ótimo custo-benefício.
7816,2043-05-26,918,22,Laptop,Eletrônicos,5,1962.58,9812.9,FL,Arrependido da compra
7817,2043-05-27,224,79,Smartphone,Eletrônicos,4,469.01,1876.02,NY,Muito satisfeito com a compra.
7818,2043-05-28,784,43,Fone de ouvido,Acessórios,5,1703.49,8517.45,NY,Produto cumpre o que promete
7819,2043-05-29,146,43,Fone de ouvido,Acessórios,4,1659.65,6638.59,NY,Excelente produto!
7820,2043-05-30,965,78,Smartphone,Eletrônicos,4,1788.14,7152.55,FL,Sem reclamações.
7821,2043-05-31,950,68,Smartphone,Eletrônicos,4,1834.53,7338.11,IL,Muito satisfeito com a compra.
7822,2043-06-01,868,22,Tablet,Eletrônicos,4,1039.27,4157.1,NY,Excelente produto!
7823,2043-06-02,30,73,Fone de ouvido,Acessórios,3,1379.77,4139.31,NY,Entrega rápida!
7824,2043-06-03,45,67,Laptop,Eletrônicos,3,1256.84,3770.51,NY,Produto com ótimo custo-benefício.
7825,2043-06-04,787,78,Tablet,Eletrônicos,1,652.45,652.45,FL,Entrega dentro do prazo previsto.
7826,2043-06-05,471,53,Smartphone,Eletrônicos,2,595.59,1191.17,TX,Produto cumpre o que promete
7827,2043-06-06,34,41,Fone de ouvido,Acessórios,4,716.06,2864.25,IL,Excelente produto!
7828,2043-06-07,653,32,Smartphone,Eletrônicos,5,475.99,2379.96,NY,Entrega rápida!
7829,2043-06-08,427,47,Smartphone,Eletrônicos,3,1526.9,4580.69,NY,Muito satisfeito com a compra.
7830,2043-06-09,830,22,Smartphone,Eletrônicos,2,1930.92,3861.83,NY,Muito satisfeito com a compra.
7831,2043-06-10,886,57,Tablet,Eletrônicos,1,1742.15,1742.15,FL,Atendimento excepcional.
7832,2043-06-11,221,65,Laptop,Eletrônicos,2,474.98,949.97,TX,Atendimento excepcional.
7833,2043-06-12,868,39,Laptop,Eletrônicos,4,151.24,604.94,NY,Produto ok.
7834,2043-06-13,534,50,Fone de ouvido,Acessórios,2,1526.33,3052.67,NY,Entrega rápida!
7835,2043-06-14,692,22,Smartphone,Eletrônicos,4,810.92,3243.67,FL,Sem reclamações.
7836,2043-06-15,948,75,Laptop,Eletrônicos,3,1657.99,4973.98,IL,Produto ok.
7837,2043-06-16,367,49,Smartphone,Eletrônicos,3,1569.51,4708.53,IL,Excelente produto!
7838,2043-06-17,932,67,Fone de ouvido,Acessórios,4,1269.55,5078.2,TX,Muito satisfeito com a compra.
7839,2043-06-18,841,65,Smartphone,Eletrônicos,5,547.91,2739.56,IL,Entrega atrasada
7840,2043-06-19,743,40,Laptop,Eletrônicos,3,252.87,758.61,NY,Produto com ótimo custo-benefício.
7841,2043-06-20,915,79,Smartphone,Eletrônicos,5,542.66,2713.32,FL,Atendimento excepcional.
7842,2043-06-21,550,27,Laptop,Eletrônicos,4,1044.03,4176.13,NY,Entrega dentro do prazo previsto.
7843,2043-06-22,582,53,Fone de ouvido,Acessórios,4,1959.95,7839.81,NY,Produto com ótimo custo-benefício.
7844,2043-06-23,116,67,Smartphone,Eletrônicos,3,174.19,522.57,TX,Atendimento sem problema
7845,2043-06-24,239,34,Laptop,Eletrônicos,5,440.14,2200.7,IL,Muito satisfeito com a compra.
7846,2043-06-25,335,70,Fone de ouvido,Acessórios,4,1273.19,5092.78,IL,Atendimento sem problema
7847,2043-06-26,441,44,Smartphone,Eletrônicos,3,643.51,1930.53,IL,Produto cumpre o que promete
7848,2043-06-27,148,75,Fone de ouvido,Acessórios,4,1724.08,6896.33,NY,Excelente produto!
7849,2043-06-28,9,62,Laptop,Eletrônicos,2,321.86,643.73,FL,Entrega dentro do prazo previsto.
7850,2043-06-29,288,25,Smartphone,Eletrônicos,2,1928.16,3856.31,FL,Produto cumpre o que promete
7851,2043-06-30,388,57,Smartphone,Eletrônicos,3,1829.13,5487.39,NY,Produto com ótimo custo-benefício.
7852,2043-07-01,50,61,Smartphone,Eletrônicos,4,1780.68,7122.73,CA,Produto com defeito
7853,2043-07-02,850,78,Fone de ouvido,Acessórios,3,387.48,1162.45,NY,Excelente produto!
7854,2043-07-03,517,75,Fone de ouvido,Acessórios,1,692.52,692.52,IL,Atendimento sem problema
7855,2043-07-04,916,67,Laptop,Eletrônicos,3,1617.99,4853.97,NY,Atendimento excepcional.
7856,2043-07-05,855,23,Tablet,Eletrônicos,3,1625.23,4875.68,CA,Produto com ótimo custo-benefício.
7857,2043-07-06,638,24,Smartphone,Eletrônicos,2,1425.09,2850.18,NY,Entrega rápida!
7858,2043-07-07,587,43,Smartphone,Eletrônicos,2,923.7,1847.4,IL,Excelente produto!
7859,2043-07-08,677,34,Laptop,Eletrônicos,4,657.6,2630.4,TX,Sem reclamações.
7860,2043-07-09,278,54,Smartphone,Eletrônicos,3,1927.77,5783.3,FL,Excelente produto!
7861,2043-07-10,954,71,Fone de ouvido,Acessórios,3,321.56,964.68,CA,Produto com ótimo custo-benefício.
7862,2043-07-11,836,40,Fone de ouvido,Acessórios,4,135.32,541.28,TX,Produto com ótimo custo-benefício.
7863,2043-07-12,989,44,Smartphone,Eletrônicos,5,67.8,339.02,FL,Muito satisfeito com a compra.
7864,2043-07-13,300,74,Smartphone,Eletrônicos,4,1561.3,6245.21,TX,Muito satisfeito com a compra.
7865,2043-07-14,802,68,Fone de ouvido,Acessórios,2,160.58,321.15,NY,Excelente produto!
7866,2043-07-15,589,57,Smartphone,Eletrônicos,2,1100.36,2200.71,NY,Arrependido da compra
7867,2043-07-16,810,75,Fone de ouvido,Acessórios,3,766.22,2298.66,FL,Excelente produto!
7868,2043-07-17,649,36,Tablet,Eletrônicos,2,336.47,672.94,FL,Produto cumpre o que promete
7869,2043-07-18,618,44,Tablet,Eletrônicos,4,1494.16,5976.64,NY,Atendimento sem problema
7870,2043-07-19,607,42,Smartphone,Eletrônicos,3,157.26,471.79,NY,Excelente produto!
7871,2043-07-20,135,57,Smartphone,Eletrônicos,4,670.87,2683.47,FL,Atendimento sem problema
7872,2043-07-21,580,42,Smartphone,Eletrônicos,4,1146.27,4585.09,FL,Produto com ótimo custo-benefício.
7873,2043-07-22,147,38,Fone de ouvido,Acessórios,3,834.71,2504.13,FL,Entrega rápida!
7874,2043-07-23,490,76,Tablet,Eletrônicos,5,555.34,2776.69,IL,Excelente produto!
7875,2043-07-24,478,42,Tablet,Eletrônicos,2,1855.7,3711.4,IL,Produto com ótimo custo-benefício.
7876,2043-07-25,159,78,Laptop,Eletrônicos,1,1865.39,1865.39,NY,Muito satisfeito com a compra.
7877,2043-07-26,384,68,Laptop,Eletrônicos,1,861.38,861.38,IL,Sem reclamações.
7878,2043-07-27,163,24,Smartphone,Eletrônicos,1,817.8,817.8,CA,Entrega atrasada
7879,2043-07-28,441,52,Fone de ouvido,Acessórios,2,649.4,1298.8,NY,Atendimento sem problema
7880,2043-07-29,853,23,Smartphone,Eletrônicos,5,1718.72,8593.62,CA,Excelente produto!
7881,2043-07-30,189,57,Tablet,Eletrônicos,4,1157.43,4629.74,TX,Produto ok.
7882,2043-07-31,415,67,Smartphone,Eletrônicos,3,224.57,673.7,CA,Sem reclamações.
7883,2043-08-01,339,32,Smartphone,Eletrônicos,5,1713.98,8569.88,TX,Atendimento excepcional.
7884,2043-08-02,607,41,Tablet,Eletrônicos,1,1093.03,1093.03,CA,Produto com ótimo custo-benefício.
7885,2043-08-03,181,66,Tablet,Eletrônicos,2,860.4,1720.81,TX,Entrega rápida!
7886,2043-08-04,288,21,Tablet,Eletrônicos,2,708.84,1417.67,TX,Entrega rápida!
7887,2043-08-05,834,24,Tablet,Eletrônicos,3,243.88,731.65,NY,Atendimento sem problema
7888,2043-08-06,187,47,Laptop,Eletrônicos,4,1915.57,7662.28,FL,Atendimento sem problema
7889,2043-08-07,884,34,Fone de ouvido,Acessórios,5,1495.42,7477.12,FL,Entrega rápida!
7890,2043-08-08,138,71,Fone de ouvido,Acessórios,5,306.97,1534.83,NY,Entrega dentro do prazo previsto.
7891,2043-08-09,130,75,Tablet,Eletrônicos,5,1046.97,5234.87,TX,Produto ok.
7892,2043-08-10,194,55,Fone de ouvido,Acessórios,4,1133.37,4533.49,FL,Entrega dentro do prazo previsto.
7893,2043-08-11,316,47,Fone de ouvido,Acessórios,4,377.38,1509.53,FL,Muito satisfeito com a compra.
7894,2043-08-12,984,62,Fone de ouvido,Acessórios,4,883.08,3532.33,CA,Entrega rápida!
7895,2043-08-13,785,56,Fone de ouvido,Acessórios,3,1309.2,3927.61,IL,Entrega rápida!
7896,2043-08-14,864,26,Tablet,Eletrônicos,2,603.82,1207.64,NY,Sem reclamações.
7897,2043-08-15,144,72,Smartphone,Eletrônicos,1,696.64,696.64,IL,Sem reclamações.
7898,2043-08-16,16,36,Smartphone,Eletrônicos,4,287.96,1151.82,TX,Produto com ótimo custo-benefício.
7899,2043-08-17,302,69,Smartphone,Eletrônicos,2,855.82,1711.64,CA,Entrega rápida!
7900,2043-08-18,423,30,Laptop,Eletrônicos,4,1188.52,4754.09,FL,Sem reclamações.
7901,2043-08-19,245,64,Fone de ouvido,Acessórios,1,277.22,277.22,CA,Excelente produto!
7902,2043-08-20,927,66,Tablet,Eletrônicos,4,1248.83,4995.32,NY,Atendimento excepcional.
7903,2043-08-21,107,54,Tablet,Eletrônicos,2,825.7,1651.39,TX,Muito satisfeito com a compra.
7904,2043-08-22,88,72,Laptop,Eletrônicos,3,1372.46,4117.37,CA,Atendimento excepcional.
7905,2043-08-23,129,36,Tablet,Eletrônicos,1,663.93,663.93,CA,Entrega rápida!
7906,2043-08-24,907,23,Smartphone,Eletrônicos,2,1158.57,2317.15,CA,Excelente produto!
7907,2043-08-25,887,29,Laptop,Eletrônicos,5,1244.97,6224.83,FL,Produto ok.
7908,2043-08-26,341,32,Tablet,Eletrônicos,5,1396.49,6982.45,TX,Arrependido da compra
7909,2043-08-27,4,64,Laptop,Eletrônicos,5,1526.03,7630.16,FL,Produto com ótimo custo-benefício.
7910,2043-08-28,327,20,Laptop,Eletrônicos,3,315.89,947.66,CA,Entrega rápida!
7911,2043-08-29,410,21,Tablet,Eletrônicos,4,1932.22,7728.89,FL,Muito satisfeito com a compra.
7912,2043-08-30,879,54,Smartphone,Eletrônicos,4,1695.11,6780.43,FL,Excelente produto!
7913,2043-08-31,306,55,Tablet,Eletrônicos,4,1146.52,4586.09,NY,Entrega dentro do prazo previsto.
7914,2043-09-01,908,23,Fone de ouvido,Acessórios,3,1786.2,5358.6,IL,Entrega rápida!
7915,2043-09-02,607,66,Fone de ouvido,Acessórios,5,795.74,3978.72,IL,Muito satisfeito com a compra.
7916,2043-09-03,721,45,Tablet,Eletrônicos,4,116.86,467.44,NY,Produto ok.
7917,2043-09-04,225,25,Smartphone,Eletrônicos,3,1467.71,4403.13,NY,Produto ok.
7918,2043-09-05,971,68,Fone de ouvido,Acessórios,3,1889.52,5668.56,FL,Excelente produto!
7919,2043-09-06,348,69,Fone de ouvido,Acessórios,2,365.62,731.23,FL,Produto com ótimo custo-benefício.
7920,2043-09-07,992,73,Tablet,Eletrônicos,4,1305.55,5222.22,TX,Excelente produto!
7921,2043-09-08,321,48,Tablet,Eletrônicos,5,1636.18,8180.9,IL,Atendimento excepcional.
7922,2043-09-09,559,38,Tablet,Eletrônicos,1,1814.88,1814.88,FL,Muito satisfeito com a compra.
7923,2043-09-10,988,71,Laptop,Eletrônicos,3,589.23,1767.69,TX,Produto ok.
7924,2043-09-11,181,62,Laptop,Eletrônicos,2,301.03,602.06,IL,Muito satisfeito com a compra.
7925,2043-09-12,618,46,Laptop,Eletrônicos,1,533.31,533.31,TX,Sem reclamações.
7926,2043-09-13,711,32,Tablet,Eletrônicos,3,1176.56,3529.67,TX,Produto cumpre o que promete
7927,2043-09-14,386,66,Smartphone,Eletrônicos,2,1841.52,3683.04,NY,Excelente produto!
7928,2043-09-15,618,41,Fone de ouvido,Acessórios,4,1185.94,4743.78,CA,Muito satisfeito com a compra.
7929,2043-09-16,792,38,Laptop,Eletrônicos,2,1843.26,3686.52,CA,Produto ok.
7930,2043-09-17,772,66,Smartphone,Eletrônicos,3,1551.57,4654.72,CA,Atendimento excepcional.
7931,2043-09-18,108,40,Tablet,Eletrônicos,4,1216.86,4867.44,TX,Produto com ótimo custo-benefício.
7932,2043-09-19,531,48,Laptop,Eletrônicos,5,92.51,462.54,FL,Produto com ótimo custo-benefício.
7933,2043-09-20,410,51,Tablet,Eletrônicos,2,699.5,1399.0,CA,Atendimento sem problema
7934,2043-09-21,971,45,Smartphone,Eletrônicos,1,162.05,162.05,FL,Produto com ótimo custo-benefício.
7935,2043-09-22,296,49,Laptop,Eletrônicos,4,678.37,2713.49,IL,Entrega rápida!
7936,2043-09-23,818,39,Laptop,Eletrônicos,4,171.55,686.2,CA,Qualidade inferior ao anunciado
7937,2043-09-24,171,79,Laptop,Eletrônicos,5,377.24,1886.2,TX,Entrega dentro do prazo previsto.
7938,2043-09-25,331,20,Laptop,Eletrônicos,2,850.84,1701.68,NY,Produto ok.
7939,2043-09-26,493,71,Smartphone,Eletrônicos,1,1054.03,1054.03,TX,Atendimento sem problema
7940,2043-09-27,195,26,Laptop,Eletrônicos,5,473.43,2367.13,FL,Excelente produto!
7941,2043-09-28,12,23,Fone de ouvido,Acessórios,2,1478.53,2957.05,IL,Péssimo atendimento
7942,2043-09-29,195,18,Fone de ouvido,Acessórios,1,1201.21,1201.21,TX,Muito satisfeito com a compra.
7943,2043-09-30,490,39,Tablet,Eletrônicos,1,1398.93,1398.93,NY,Produto cumpre o que promete
7944,2043-10-01,795,68,Laptop,Eletrônicos,3,1478.89,4436.68,NY,Muito satisfeito com a compra.
7945,2043-10-02,881,21,Fone de ouvido,Acessórios,1,1467.49,1467.49,IL,Produto cumpre o que promete
7946,2043-10-03,182,62,Fone de ouvido,Acessórios,2,1875.66,3751.31,CA,Produto cumpre o que promete
7947,2043-10-04,962,69,Fone de ouvido,Acessórios,5,512.58,2562.9,TX,Muito satisfeito com a compra.
7948,2043-10-05,817,74,Smartphone,Eletrônicos,5,576.8,2884.02,TX,Produto com defeito
7949,2043-10-06,656,25,Laptop,Eletrônicos,3,233.69,701.08,NY,Péssimo atendimento
7950,2043-10-07,898,72,Smartphone,Eletrônicos,2,1205.54,2411.09,FL,Muito satisfeito com a compra.
7951,2043-10-08,316,54,Smartphone,Eletrônicos,1,820.61,820.61,TX,Muito satisfeito com a compra.
7952,2043-10-09,694,59,Fone de ouvido,Acessórios,3,1017.59,3052.76,NY,Produto cumpre o que promete
7953,2043-10-10,30,76,Fone de ouvido,Acessórios,4,381.15,1524.61,FL,Produto com defeito
7954,2043-10-11,596,69,Tablet,Eletrônicos,2,1315.67,2631.33,CA,Produto com ótimo custo-benefício.
7955,2043-10-12,678,78,Laptop,Eletrônicos,3,1257.09,3771.26,CA,Entrega rápida!
7956,2043-10-13,796,36,Laptop,Eletrônicos,5,566.33,2831.65,NY,Atendimento sem problema
7957,2043-10-14,793,61,Fone de ouvido,Acessórios,3,957.56,2872.69,NY,Atendimento excepcional.
7958,2043-10-15,96,18,Fone de ouvido,Acessórios,4,1793.89,7175.55,CA,Atendimento excepcional.
7959,2043-10-16,381,58,Laptop,Eletrônicos,2,1558.32,3116.65,NY,Muito satisfeito com a compra.
7960,2043-10-17,778,41,Tablet,Eletrônicos,3,492.54,1477.62,IL,Excelente produto!
7961,2043-10-18,444,65,Fone de ouvido,Acessórios,1,1763.77,1763.77,TX,Produto com defeito
7962,2043-10-19,298,34,Tablet,Eletrônicos,2,181.26,362.52,IL,Atendimento excepcional.
7963,2043-10-20,808,49,Smartphone,Eletrônicos,3,857.16,2571.48,FL,Excelente produto!
7964,2043-10-21,737,67,Fone de ouvido,Acessórios,3,206.23,618.69,NY,Entrega rápida!
7965,2043-10-22,845,31,Smartphone,Eletrônicos,2,1852.22,3704.44,NY,Excelente produto!
7966,2043-10-23,361,34,Fone de ouvido,Acessórios,5,129.37,646.85,FL,Produto ok.
7967,2043-10-24,374,49,Smartphone,Eletrônicos,1,344.92,344.92,TX,Muito satisfeito com a compra.
7968,2043-10-25,554,50,Fone de ouvido,Acessórios,2,1834.33,3668.66,CA,Produto cumpre o que promete
7969,2043-10-26,303,47,Tablet,Eletrônicos,1,1185.21,1185.21,IL,Produto com defeito
7970,2043-10-27,421,74,Tablet,Eletrônicos,1,1600.62,1600.62,TX,Atendimento excepcional.
7971,2043-10-28,246,70,Tablet,Eletrônicos,2,81.99,163.99,CA,Produto com defeito
7972,2043-10-29,720,64,Smartphone,Eletrônicos,3,867.24,2601.71,CA,Excelente produto!
7973,2043-10-30,237,68,Tablet,Eletrônicos,5,1969.71,9848.54,NY,Produto ok.
7974,2043-10-31,534,51,Smartphone,Eletrônicos,1,1180.65,1180.65,FL,Muito satisfeito com a compra.
7975,2043-11-01,185,45,Fone de ouvido,Acessórios,1,1706.88,1706.88,NY,Excelente produto!
7976,2043-11-02,468,79,Smartphone,Eletrônicos,3,1928.94,5786.82,FL,Atendimento sem problema
7977,2043-11-03,754,41,Fone de ouvido,Acessórios,2,1385.83,2771.66,NY,Entrega rápida!
7978,2043-11-04,363,73,Laptop,Eletrônicos,5,688.88,3444.4,IL,Excelente produto!
7979,2043-11-05,283,31,Laptop,Eletrônicos,1,651.78,651.78,NY,Produto com ótimo custo-benefício.
7980,2043-11-06,553,71,Laptop,Eletrônicos,1,188.99,188.99,IL,Atendimento excepcional.
7981,2043-11-07,336,51,Smartphone,Eletrônicos,2,884.16,1768.31,TX,Muito satisfeito com a compra.
7982,2043-11-08,162,76,Laptop,Eletrônicos,3,1835.01,5505.03,TX,Atendimento excepcional.
7983,2043-11-09,160,64,Laptop,Eletrônicos,4,982.22,3928.89,NY,Sem reclamações.
7984,2043-11-10,474,18,Laptop,Eletrônicos,3,1826.44,5479.32,TX,Atendimento excepcional.
7985,2043-11-11,601,39,Fone de ouvido,Acessórios,1,1643.43,1643.43,CA,Atendimento excepcional.
7986,2043-11-12,322,50,Tablet,Eletrônicos,1,1969.16,1969.16,IL,Entrega dentro do prazo previsto.
7987,2043-11-13,12,61,Smartphone,Eletrônicos,5,1898.01,9490.03,FL,Entrega dentro do prazo previsto.
7988,2043-11-14,424,71,Laptop,Eletrônicos,3,1427.64,4282.93,IL,Entrega rápida!
7989,2043-11-15,73,64,Fone de ouvido,Acessórios,4,1748.87,6995.49,NY,Produto cumpre o que promete
7990,2043-11-16,588,75,Tablet,Eletrônicos,5,1508.75,7543.76,TX,Muito satisfeito com a compra.
7991,2043-11-17,858,35,Tablet,Eletrônicos,4,1421.62,5686.48,TX,Entrega dentro do prazo previsto.
7992,2043-11-18,201,64,Tablet,Eletrônicos,5,1445.34,7226.71,CA,Muito satisfeito com a compra.
7993,2043-11-19,522,56,Fone de ouvido,Acessórios,3,1456.04,4368.11,TX,Muito satisfeito com a compra.
7994,2043-11-20,864,29,Laptop,Eletrônicos,1,789.87,789.87,NY,Excelente produto!
7995,2043-11-21,505,27,Tablet,Eletrônicos,4,875.95,3503.79,NY,Atendimento sem problema
7996,2043-11-22,738,19,Fone de ouvido,Acessórios,3,623.44,1870.32,FL,Atendimento excepcional.
7997,2043-11-23,688,19,Fone de ouvido,Acessórios,4,339.11,1356.43,IL,Arrependido da compra
7998,2043-11-24,788,23,Smartphone,Eletrônicos,3,943.96,2831.89,IL,Péssimo atendimento
7999,2043-11-25,39,37,Fone de ouvido,Acessórios,5,1804.9,9024.51,IL,Qualidade inferior ao anunciado
8000,2043-11-26,60,55,Tablet,Eletrônicos,3,1319.97,3959.9,FL,Produto com ótimo custo-benefício.
8001,2043-11-27,578,45,Tablet,Eletrônicos,5,159.55,797.76,FL,Produto ok.
8002,2043-11-28,321,73,Fone de ouvido,Acessórios,1,1631.84,1631.84,FL,Produto com ótimo custo-benefício.
8003,2043-11-29,435,76,Tablet,Eletrônicos,5,1874.03,9370.16,CA,Produto com ótimo custo-benefício.
8004,2043-11-30,636,59,Fone de ouvido,Acessórios,2,1667.37,3334.75,FL,Excelente produto!
8005,2043-12-01,676,20,Tablet,Eletrônicos,1,1468.71,1468.71,TX,Excelente produto!
8006,2043-12-02,408,65,Smartphone,Eletrônicos,3,342.73,1028.2,CA,Entrega dentro do prazo previsto.
8007,2043-12-03,923,54,Laptop,Eletrônicos,3,730.55,2191.65,TX,Péssimo atendimento
8008,2043-12-04,386,54,Smartphone,Eletrônicos,2,1152.31,2304.62,IL,Muito satisfeito com a compra.
8009,2043-12-05,671,59,Smartphone,Eletrônicos,3,199.88,599.64,NY,Produto com ótimo custo-benefício.
8010,2043-12-06,569,42,Laptop,Eletrônicos,1,257.23,257.23,IL,Arrependido da compra
8011,2043-12-07,78,40,Tablet,Eletrônicos,1,1871.8,1871.8,FL,Muito satisfeito com a compra.
8012,2043-12-08,194,30,Laptop,Eletrônicos,5,1420.25,7101.24,NY,Produto com defeito
8013,2043-12-09,285,74,Fone de ouvido,Acessórios,4,586.42,2345.68,IL,Produto ok.
8014,2043-12-10,527,41,Laptop,Eletrônicos,3,688.35,2065.06,CA,Produto com ótimo custo-benefício.
8015,2043-12-11,524,20,Smartphone,Eletrônicos,2,799.64,1599.27,FL,Atendimento sem problema
8016,2043-12-12,613,67,Laptop,Eletrônicos,1,196.39,196.39,IL,Sem reclamações.
8017,2043-12-13,156,68,Tablet,Eletrônicos,1,1491.4,1491.4,NY,Sem reclamações.
8018,2043-12-14,340,55,Smartphone,Eletrônicos,1,394.83,394.83,TX,Atendimento excepcional.
8019,2043-12-15,125,76,Fone de ouvido,Acessórios,4,1619.98,6479.94,IL,Produto ok.
8020,2043-12-16,871,45,Tablet,Eletrônicos,4,1699.45,6797.8,CA,Entrega rápida!
8021,2043-12-17,280,43,Smartphone,Eletrônicos,3,1294.95,3884.84,NY,Entrega dentro do prazo previsto.
8022,2043-12-18,917,37,Fone de ouvido,Acessórios,2,1551.22,3102.43,IL,Muito satisfeito com a compra.
8023,2043-12-19,906,44,Tablet,Eletrônicos,4,385.08,1540.31,TX,Atendimento excepcional.
8024,2043-12-20,622,18,Fone de ouvido,Acessórios,5,1173.08,5865.41,FL,Atendimento sem problema
8025,2043-12-21,846,27,Laptop,Eletrônicos,4,1369.76,5479.03,FL,Muito satisfeito com a compra.
8026,2043-12-22,869,27,Laptop,Eletrônicos,1,1340.04,1340.04,FL,Muito satisfeito com a compra.
8027,2043-12-23,658,78,Fone de ouvido,Acessórios,2,278.72,557.43,NY,Muito satisfeito com a compra.
8028,2043-12-24,728,74,Laptop,Eletrônicos,3,721.55,2164.64,TX,Entrega rápida!
8029,2043-12-25,910,71,Fone de ouvido,Acessórios,4,683.82,2735.29,TX,Muito satisfeito com a compra.
8030,2043-12-26,674,18,Tablet,Eletrônicos,1,1166.43,1166.43,IL,Atendimento excepcional.
8031,2043-12-27,128,49,Smartphone,Eletrônicos,5,1542.21,7711.06,FL,Entrega rápida!
8032,2043-12-28,314,68,Fone de ouvido,Acessórios,5,1162.65,5813.26,NY,Atendimento excepcional.
8033,2043-12-29,332,49,Smartphone,Eletrônicos,3,1521.91,4565.74,FL,Entrega rápida!
8034,2043-12-30,150,60,Smartphone,Eletrônicos,3,242.99,728.96,FL,Atendimento excepcional.
8035,2043-12-31,454,44,Fone de ouvido,Acessórios,4,1762.37,7049.48,IL,Excelente produto!
8036,2044-01-01,36,30,Laptop,Eletrônicos,3,1096.4,3289.21,IL,Excelente produto!
8037,2044-01-02,685,34,Tablet,Eletrônicos,1,123.12,123.12,IL,Entrega dentro do prazo previsto.
8038,2044-01-03,420,45,Smartphone,Eletrônicos,1,1304.27,1304.27,CA,Excelente produto!
8039,2044-01-04,22,42,Tablet,Eletrônicos,1,1058.83,1058.83,CA,Atendimento sem problema
8040,2044-01-05,206,69,Smartphone,Eletrônicos,4,479.72,1918.88,NY,Produto cumpre o que promete
8041,2044-01-06,639,67,Fone de ouvido,Acessórios,4,1540.63,6162.52,NY,Entrega rápida!
8042,2044-01-07,848,53,Laptop,Eletrônicos,3,1870.46,5611.37,IL,Excelente produto!
8043,2044-01-08,957,64,Tablet,Eletrônicos,4,679.23,2716.93,TX,Entrega rápida!
8044,2044-01-09,356,19,Smartphone,Eletrônicos,1,1013.14,1013.14,NY,Produto com ótimo custo-benefício.
8045,2044-01-10,440,49,Fone de ouvido,Acessórios,2,299.94,599.88,CA,Entrega rápida!
8046,2044-01-11,729,49,Fone de ouvido,Acessórios,1,1863.11,1863.11,CA,Entrega dentro do prazo previsto.
8047,2044-01-12,96,23,Smartphone,Eletrônicos,2,671.65,1343.3,FL,Muito satisfeito com a compra.
8048,2044-01-13,929,71,Smartphone,Eletrônicos,3,429.83,1289.49,IL,Muito satisfeito com a compra.
8049,2044-01-14,941,48,Smartphone,Eletrônicos,5,982.94,4914.68,TX,Sem reclamações.
8050,2044-01-15,164,76,Laptop,Eletrônicos,4,134.4,537.6,IL,Sem reclamações.
8051,2044-01-16,148,72,Smartphone,Eletrônicos,4,543.03,2172.13,CA,Atendimento excepcional.
8052,2044-01-17,530,26,Smartphone,Eletrônicos,1,181.93,181.93,TX,Produto com ótimo custo-benefício.
8053,2044-01-18,294,60,Laptop,Eletrônicos,1,298.37,298.37,NY,Entrega dentro do prazo previsto.
8054,2044-01-19,195,74,Fone de ouvido,Acessórios,2,268.71,537.41,FL,Produto com ótimo custo-benefício.
8055,2044-01-20,663,69,Smartphone,Eletrônicos,4,1751.22,7004.88,CA,Entrega dentro do prazo previsto.
8056,2044-01-21,480,33,Tablet,Eletrônicos,3,1864.35,5593.04,FL,Muito satisfeito com a compra.
8057,2044-01-22,877,42,Fone de ouvido,Acessórios,1,975.32,975.32,IL,Atendimento excepcional.
8058,2044-01-23,123,57,Tablet,Eletrônicos,4,1279.31,5117.25,TX,Entrega rápida!
8059,2044-01-24,400,45,Smartphone,Eletrônicos,5,1407.01,7035.04,IL,Entrega atrasada
8060,2044-01-25,699,34,Laptop,Eletrônicos,2,813.06,1626.12,FL,Produto ok.
8061,2044-01-26,965,48,Laptop,Eletrônicos,1,771.91,771.91,CA,Atendimento excepcional.
8062,2044-01-27,452,72,Laptop,Eletrônicos,1,1367.36,1367.36,FL,Atendimento excepcional.
8063,2044-01-28,661,40,Smartphone,Eletrônicos,3,784.59,2353.78,CA,Atendimento excepcional.
8064,2044-01-29,104,48,Smartphone,Eletrônicos,1,1182.97,1182.97,FL,Atendimento sem problema
8065,2044-01-30,755,43,Tablet,Eletrônicos,4,1054.63,4218.5,IL,Muito satisfeito com a compra.
8066,2044-01-31,462,21,Laptop,Eletrônicos,4,1072.7,4290.79,FL,Produto ok.
8067,2044-02-01,743,56,Smartphone,Eletrônicos,4,1667.25,6669.0,NY,Atendimento sem problema
8068,2044-02-02,991,60,Fone de ouvido,Acessórios,5,1422.91,7114.56,IL,Muito satisfeito com a compra.
8069,2044-02-03,718,76,Smartphone,Eletrônicos,5,1923.33,9616.66,FL,Entrega dentro do prazo previsto.
8070,2044-02-04,710,60,Smartphone,Eletrônicos,1,1592.4,1592.4,FL,Excelente produto!
8071,2044-02-05,396,60,Fone de ouvido,Acessórios,5,334.3,1671.48,TX,Produto com ótimo custo-benefício.
8072,2044-02-06,912,75,Laptop,Eletrônicos,5,1490.04,7450.21,IL,Produto ok.
8073,2044-02-07,337,75,Fone de ouvido,Acessórios,3,1348.01,4044.04,TX,Muito satisfeito com a compra.
8074,2044-02-08,599,70,Laptop,Eletrônicos,5,1309.79,6548.93,IL,Atendimento sem problema
8075,2044-02-09,142,70,Fone de ouvido,Acessórios,2,987.45,1974.9,CA,Produto com ótimo custo-benefício.
8076,2044-02-10,317,32,Tablet,Eletrônicos,2,171.8,343.61,IL,Excelente produto!
8077,2044-02-11,711,54,Laptop,Eletrônicos,2,1905.4,3810.79,IL,Entrega atrasada
8078,2044-02-12,558,55,Smartphone,Eletrônicos,1,1711.25,1711.25,FL,Entrega dentro do prazo previsto.
8079,2044-02-13,800,40,Tablet,Eletrônicos,4,999.28,3997.1,NY,Entrega dentro do prazo previsto.
8080,2044-02-14,527,22,Laptop,Eletrônicos,3,359.23,1077.7,IL,Muito satisfeito com a compra.
8081,2044-02-15,556,58,Laptop,Eletrônicos,1,1657.72,1657.72,TX,Excelente produto!
8082,2044-02-16,401,79,Laptop,Eletrônicos,4,889.81,3559.24,NY,Qualidade inferior ao anunciado
8083,2044-02-17,681,77,Fone de ouvido,Acessórios,3,810.72,2432.17,IL,Muito satisfeito com a compra.
8084,2044-02-18,310,60,Laptop,Eletrônicos,3,1347.5,4042.49,NY,Entrega atrasada
8085,2044-02-19,495,42,Smartphone,Eletrônicos,3,1529.42,4588.25,CA,Entrega rápida!
8086,2044-02-20,556,47,Laptop,Eletrônicos,2,172.54,345.08,NY,Entrega rápida!
8087,2044-02-21,610,72,Smartphone,Eletrônicos,2,1546.74,3093.47,CA,Excelente produto!
8088,2044-02-22,773,43,Smartphone,Eletrônicos,2,1481.18,2962.37,NY,Excelente produto!
8089,2044-02-23,109,20,Smartphone,Eletrônicos,3,1198.96,3596.88,NY,Entrega dentro do prazo previsto.
8090,2044-02-24,795,69,Tablet,Eletrônicos,3,709.92,2129.75,TX,Qualidade inferior ao anunciado
8091,2044-02-25,372,21,Smartphone,Eletrônicos,2,371.36,742.73,TX,Excelente produto!
8092,2044-02-26,855,72,Fone de ouvido,Acessórios,3,250.17,750.52,FL,Produto com ótimo custo-benefício.
8093,2044-02-27,616,64,Laptop,Eletrônicos,2,52.31,104.62,NY,Sem reclamações.
8094,2044-02-28,768,35,Fone de ouvido,Acessórios,2,452.6,905.19,CA,Sem reclamações.
8095,2044-02-29,891,76,Tablet,Eletrônicos,2,852.11,1704.21,NY,Atendimento excepcional.
8096,2044-03-01,206,54,Laptop,Eletrônicos,4,525.11,2100.43,IL,Excelente produto!
8097,2044-03-02,847,28,Smartphone,Eletrônicos,3,652.51,1957.53,CA,Produto com ótimo custo-benefício.
8098,2044-03-03,43,28,Laptop,Eletrônicos,1,811.38,811.38,IL,Produto ok.
8099,2044-03-04,865,53,Tablet,Eletrônicos,2,651.11,1302.22,FL,Muito satisfeito com a compra.
8100,2044-03-05,245,33,Tablet,Eletrônicos,1,1463.01,1463.01,IL,Produto ok.
8101,2044-03-06,287,75,Fone de ouvido,Acessórios,4,1008.87,4035.47,FL,Muito satisfeito com a compra.
8102,2044-03-07,355,60,Laptop,Eletrônicos,3,87.69,263.06,FL,Atendimento sem problema
8103,2044-03-08,785,42,Laptop,Eletrônicos,2,492.0,984.01,FL,Muito satisfeito com a compra.
8104,2044-03-09,476,18,Laptop,Eletrônicos,2,1433.83,2867.67,IL,Entrega rápida!
8105,2044-03-10,83,43,Fone de ouvido,Acessórios,2,636.81,1273.63,FL,Muito satisfeito com a compra.
8106,2044-03-11,110,62,Tablet,Eletrônicos,1,1844.28,1844.28,FL,Entrega dentro do prazo previsto.
8107,2044-03-12,950,47,Smartphone,Eletrônicos,4,1439.69,5758.78,TX,Produto com ótimo custo-benefício.
8108,2044-03-13,190,68,Laptop,Eletrônicos,3,615.36,1846.07,NY,Arrependido da compra
8109,2044-03-14,983,23,Fone de ouvido,Acessórios,4,1057.0,4228.0,FL,Sem reclamações.
8110,2044-03-15,800,44,Fone de ouvido,Acessórios,2,1351.12,2702.23,CA,Entrega rápida!
8111,2044-03-16,936,69,Smartphone,Eletrônicos,4,427.06,1708.25,CA,Sem reclamações.
8112,2044-03-17,909,36,Tablet,Eletrônicos,1,530.07,530.07,TX,Atendimento sem problema
8113,2044-03-18,251,55,Laptop,Eletrônicos,5,1038.89,5194.46,IL,Entrega dentro do prazo previsto.
8114,2044-03-19,724,62,Laptop,Eletrônicos,5,1853.54,9267.72,IL,Péssimo atendimento
8115,2044-03-20,291,60,Fone de ouvido,Acessórios,3,720.82,2162.46,IL,Produto cumpre o que promete
8116,2044-03-21,645,36,Tablet,Eletrônicos,3,834.15,2502.46,FL,Produto com ótimo custo-benefício.
8117,2044-03-22,201,56,Laptop,Eletrônicos,4,421.71,1686.84,IL,Entrega dentro do prazo previsto.
8118,2044-03-23,797,61,Smartphone,Eletrônicos,3,1206.76,3620.27,IL,Sem reclamações.
8119,2044-03-24,326,49,Tablet,Eletrônicos,1,1493.29,1493.29,NY,Produto com ótimo custo-benefício.
8120,2044-03-25,511,65,Tablet,Eletrônicos,2,909.25,1818.5,FL,Produto com ótimo custo-benefício.
8121,2044-03-26,409,18,Fone de ouvido,Acessórios,2,1512.99,3025.97,FL,Produto com defeito
8122,2044-03-27,607,42,Fone de ouvido,Acessórios,4,640.08,2560.32,CA,Muito satisfeito com a compra.
8123,2044-03-28,790,64,Laptop,Eletrônicos,2,1428.62,2857.24,CA,Sem reclamações.
8124,2044-03-29,962,30,Fone de ouvido,Acessórios,4,553.77,2215.09,NY,Atendimento excepcional.
8125,2044-03-30,941,27,Tablet,Eletrônicos,3,1572.27,4716.8,TX,Produto ok.
8126,2044-03-31,837,35,Laptop,Eletrônicos,3,1669.75,5009.25,FL,Muito satisfeito com a compra.
8127,2044-04-01,508,53,Laptop,Eletrônicos,1,1605.56,1605.56,CA,Sem reclamações.
8128,2044-04-02,731,39,Tablet,Eletrônicos,2,470.17,940.34,IL,Atendimento excepcional.
8129,2044-04-03,601,23,Laptop,Eletrônicos,1,1403.79,1403.79,FL,Produto ok.
8130,2044-04-04,72,44,Smartphone,Eletrônicos,5,1100.15,5500.77,FL,Excelente produto!
8131,2044-04-05,247,25,Smartphone,Eletrônicos,1,1972.77,1972.77,FL,Entrega dentro do prazo previsto.
8132,2044-04-06,641,41,Laptop,Eletrônicos,4,755.07,3020.3,CA,Produto com ótimo custo-benefício.
8133,2044-04-07,724,37,Fone de ouvido,Acessórios,4,1553.94,6215.76,NY,Entrega rápida!
8134,2044-04-08,940,39,Smartphone,Eletrônicos,1,771.65,771.65,CA,Excelente produto!
8135,2044-04-09,855,26,Laptop,Eletrônicos,3,823.87,2471.62,IL,Péssimo atendimento
8136,2044-04-10,608,72,Smartphone,Eletrônicos,5,266.43,1332.17,IL,Entrega dentro do prazo previsto.
8137,2044-04-11,587,78,Fone de ouvido,Acessórios,1,517.34,517.34,TX,Atendimento excepcional.
8138,2044-04-12,935,57,Tablet,Eletrônicos,3,370.74,1112.23,CA,Produto com defeito
8139,2044-04-13,566,73,Laptop,Eletrônicos,1,360.44,360.44,CA,Produto cumpre o que promete
8140,2044-04-14,344,67,Laptop,Eletrônicos,2,67.58,135.16,TX,Entrega rápida!
8141,2044-04-15,971,56,Laptop,Eletrônicos,4,1597.87,6391.49,TX,Produto ok.
8142,2044-04-16,925,36,Laptop,Eletrônicos,2,962.47,1924.93,FL,Excelente produto!
8143,2044-04-17,54,72,Laptop,Eletrônicos,2,1618.13,3236.25,FL,Entrega rápida!
8144,2044-04-18,730,67,Laptop,Eletrônicos,5,1244.47,6222.37,IL,Atendimento sem problema
8145,2044-04-19,528,18,Fone de ouvido,Acessórios,3,1671.11,5013.33,NY,Entrega rápida!
8146,2044-04-20,611,28,Tablet,Eletrônicos,4,1032.34,4129.37,IL,Entrega rápida!
8147,2044-04-21,532,58,Fone de ouvido,Acessórios,2,233.38,466.76,CA,Sem reclamações.
8148,2044-04-22,558,59,Fone de ouvido,Acessórios,4,1252.69,5010.76,NY,Produto com defeito
8149,2044-04-23,963,27,Tablet,Eletrônicos,3,1371.64,4114.92,FL,Muito satisfeito com a compra.
8150,2044-04-24,193,18,Fone de ouvido,Acessórios,1,1271.68,1271.68,TX,Muito satisfeito com a compra.
8151,2044-04-25,895,44,Smartphone,Eletrônicos,2,1612.61,3225.21,TX,Sem reclamações.
8152,2044-04-26,58,34,Fone de ouvido,Acessórios,3,1476.42,4429.27,IL,Produto cumpre o que promete
8153,2044-04-27,437,76,Laptop,Eletrônicos,4,893.63,3574.53,CA,Entrega atrasada
8154,2044-04-28,111,61,Smartphone,Eletrônicos,3,1647.25,4941.76,CA,Muito satisfeito com a compra.
8155,2044-04-29,129,61,Smartphone,Eletrônicos,1,1398.98,1398.98,TX,Produto cumpre o que promete
8156,2044-04-30,849,68,Tablet,Eletrônicos,3,284.72,854.15,IL,Atendimento excepcional.
8157,2044-05-01,706,34,Fone de ouvido,Acessórios,4,1102.75,4411.01,IL,Produto ok.
8158,2044-05-02,925,56,Fone de ouvido,Acessórios,2,1470.68,2941.37,FL,Entrega rápida!
8159,2044-05-03,852,72,Smartphone,Eletrônicos,2,1128.91,2257.82,FL,Atendimento sem problema
8160,2044-05-04,326,60,Fone de ouvido,Acessórios,5,1900.61,9503.03,FL,Entrega rápida!
8161,2044-05-05,8,73,Fone de ouvido,Acessórios,4,247.91,991.63,NY,Produto cumpre o que promete
8162,2044-05-06,29,19,Tablet,Eletrônicos,5,1458.53,7292.64,IL,Entrega rápida!
8163,2044-05-07,112,65,Smartphone,Eletrônicos,5,1657.68,8288.4,IL,Excelente produto!
8164,2044-05-08,947,40,Laptop,Eletrônicos,1,1420.17,1420.17,FL,Entrega dentro do prazo previsto.
8165,2044-05-09,673,58,Smartphone,Eletrônicos,4,801.89,3207.56,TX,Atendimento excepcional.
8166,2044-05-10,131,79,Tablet,Eletrônicos,2,801.69,1603.37,FL,Atendimento excepcional.
8167,2044-05-11,188,76,Tablet,Eletrônicos,4,1193.81,4775.23,NY,Muito satisfeito com a compra.
8168,2044-05-12,675,27,Tablet,Eletrônicos,1,824.34,824.34,TX,Atendimento excepcional.
8169,2044-05-13,709,70,Fone de ouvido,Acessórios,4,1772.21,7088.83,IL,Excelente produto!
8170,2044-05-14,475,59,Smartphone,Eletrônicos,4,264.36,1057.46,NY,Atendimento excepcional.
8171,2044-05-15,364,47,Fone de ouvido,Acessórios,5,1296.36,6481.78,NY,Entrega dentro do prazo previsto.
8172,2044-05-16,204,52,Fone de ouvido,Acessórios,4,311.52,1246.1,TX,Atendimento sem problema
8173,2044-05-17,212,42,Smartphone,Eletrônicos,5,1103.31,5516.56,FL,Atendimento excepcional.
8174,2044-05-18,621,34,Tablet,Eletrônicos,5,1445.38,7226.92,FL,Excelente produto!
8175,2044-05-19,276,77,Laptop,Eletrônicos,3,372.75,1118.24,CA,Produto ok.
8176,2044-05-20,73,63,Laptop,Eletrônicos,1,1422.86,1422.86,TX,Excelente produto!
8177,2044-05-21,679,36,Smartphone,Eletrônicos,5,322.96,1614.81,FL,Excelente produto!
8178,2044-05-22,772,35,Smartphone,Eletrônicos,4,1260.08,5040.32,NY,Entrega rápida!
8179,2044-05-23,243,35,Tablet,Eletrônicos,5,1035.83,5179.14,FL,Muito satisfeito com a compra.
8180,2044-05-24,787,63,Smartphone,Eletrônicos,5,631.25,3156.23,FL,Produto com ótimo custo-benefício.
8181,2044-05-25,102,52,Smartphone,Eletrônicos,5,267.52,1337.6,NY,Sem reclamações.
8182,2044-05-26,987,27,Tablet,Eletrônicos,2,1484.92,2969.83,TX,Muito satisfeito com a compra.
8183,2044-05-27,685,40,Tablet,Eletrônicos,2,794.52,1589.04,CA,Qualidade inferior ao anunciado
8184,2044-05-28,171,62,Fone de ouvido,Acessórios,2,218.74,437.47,FL,Entrega dentro do prazo previsto.
8185,2044-05-29,653,39,Smartphone,Eletrônicos,2,1556.94,3113.88,FL,Atendimento sem problema
8186,2044-05-30,909,61,Laptop,Eletrônicos,3,504.14,1512.43,FL,Atendimento excepcional.
8187,2044-05-31,188,26,Smartphone,Eletrônicos,5,1486.08,7430.41,TX,Atendimento excepcional.
8188,2044-06-01,441,49,Laptop,Eletrônicos,3,1151.55,3454.66,NY,Produto com ótimo custo-benefício.
8189,2044-06-02,86,43,Laptop,Eletrônicos,4,429.33,1717.33,NY,Produto com ótimo custo-benefício.
8190,2044-06-03,476,46,Laptop,Eletrônicos,1,198.99,198.99,NY,Produto com defeito
8191,2044-06-04,52,76,Fone de ouvido,Acessórios,3,1206.84,3620.51,NY,Muito satisfeito com a compra.
8192,2044-06-05,111,59,Tablet,Eletrônicos,2,99.16,198.33,NY,Produto ok.
8193,2044-06-06,949,79,Tablet,Eletrônicos,2,177.66,355.31,NY,Entrega dentro do prazo previsto.
8194,2044-06-07,877,36,Fone de ouvido,Acessórios,4,1419.33,5677.31,FL,Entrega dentro do prazo previsto.
8195,2044-06-08,854,65,Tablet,Eletrônicos,5,1100.8,5504.02,FL,Produto com ótimo custo-benefício.
8196,2044-06-09,43,46,Fone de ouvido,Acessórios,1,686.28,686.28,NY,Entrega dentro do prazo previsto.
8197,2044-06-10,211,70,Smartphone,Eletrônicos,3,1101.49,3304.48,NY,Arrependido da compra
8198,2044-06-11,968,74,Fone de ouvido,Acessórios,5,1203.72,6018.58,TX,Atendimento excepcional.
8199,2044-06-12,200,52,Tablet,Eletrônicos,5,1152.31,5761.54,TX,Muito satisfeito com a compra.
8200,2044-06-13,810,29,Tablet,Eletrônicos,3,1302.98,3908.94,IL,Entrega rápida!
8201,2044-06-14,858,25,Smartphone,Eletrônicos,3,1883.56,5650.69,FL,Excelente produto!
8202,2044-06-15,752,42,Fone de ouvido,Acessórios,3,808.12,2424.35,NY,Entrega rápida!
8203,2044-06-16,627,44,Smartphone,Eletrônicos,3,637.25,1911.74,FL,Muito satisfeito com a compra.
8204,2044-06-17,26,64,Laptop,Eletrônicos,2,124.95,249.9,IL,Entrega rápida!
8205,2044-06-18,919,60,Fone de ouvido,Acessórios,5,336.79,1683.96,TX,Atendimento sem problema
8206,2044-06-19,299,72,Smartphone,Eletrônicos,5,257.19,1285.94,IL,Entrega rápida!
8207,2044-06-20,77,62,Smartphone,Eletrônicos,2,704.12,1408.23,CA,Produto cumpre o que promete
8208,2044-06-21,924,23,Tablet,Eletrônicos,5,1239.48,6197.41,TX,Atendimento excepcional.
8209,2044-06-22,137,30,Fone de ouvido,Acessórios,3,140.35,421.05,FL,Entrega dentro do prazo previsto.
8210,2044-06-23,20,28,Laptop,Eletrônicos,1,1468.95,1468.95,TX,Excelente produto!
8211,2044-06-24,440,55,Laptop,Eletrônicos,5,824.99,4124.97,IL,Entrega dentro do prazo previsto.
8212,2044-06-25,211,23,Fone de ouvido,Acessórios,1,1928.83,1928.83,NY,Produto com ótimo custo-benefício.
8213,2044-06-26,752,22,Fone de ouvido,Acessórios,1,1158.35,1158.35,IL,Produto com ótimo custo-benefício.
8214,2044-06-27,551,24,Smartphone,Eletrônicos,2,1554.16,3108.31,IL,Arrependido da compra
8215,2044-06-28,435,72,Tablet,Eletrônicos,4,1729.3,6917.21,NY,Produto ok.
8216,2044-06-29,780,72,Tablet,Eletrônicos,5,1783.25,8916.25,FL,Atendimento excepcional.
8217,2044-06-30,207,36,Tablet,Eletrônicos,2,1061.0,2122.0,FL,Arrependido da compra
8218,2044-07-01,991,60,Fone de ouvido,Acessórios,2,823.65,1647.3,TX,Produto com ótimo custo-benefício.
8219,2044-07-02,439,23,Tablet,Eletrônicos,1,1143.0,1143.0,IL,Entrega rápida!
8220,2044-07-03,974,42,Smartphone,Eletrônicos,5,834.04,4170.19,TX,Produto cumpre o que promete
8221,2044-07-04,779,26,Fone de ouvido,Acessórios,2,519.39,1038.79,NY,Produto com ótimo custo-benefício.
8222,2044-07-05,666,37,Fone de ouvido,Acessórios,3,681.64,2044.93,CA,Produto com ótimo custo-benefício.
8223,2044-07-06,42,42,Tablet,Eletrônicos,2,503.9,1007.8,FL,Entrega rápida!
8224,2044-07-07,411,67,Laptop,Eletrônicos,3,575.4,1726.21,NY,Entrega rápida!
8225,2044-07-08,523,25,Laptop,Eletrônicos,4,232.54,930.14,FL,Muito satisfeito com a compra.
8226,2044-07-09,806,67,Smartphone,Eletrônicos,3,881.6,2644.81,TX,Entrega rápida!
8227,2044-07-10,610,54,Tablet,Eletrônicos,3,508.8,1526.41,CA,Entrega atrasada
8228,2044-07-11,427,55,Tablet,Eletrônicos,1,924.31,924.31,IL,Muito satisfeito com a compra.
8229,2044-07-12,275,19,Fone de ouvido,Acessórios,2,1594.79,3189.57,FL,Produto com ótimo custo-benefício.
8230,2044-07-13,448,74,Fone de ouvido,Acessórios,4,924.21,3696.84,IL,Entrega dentro do prazo previsto.
8231,2044-07-14,902,39,Tablet,Eletrônicos,2,1911.49,3822.99,TX,Excelente produto!
8232,2044-07-15,942,73,Fone de ouvido,Acessórios,3,338.28,1014.85,FL,Muito satisfeito com a compra.
8233,2044-07-16,884,53,Tablet,Eletrônicos,3,1708.02,5124.05,TX,Qualidade inferior ao anunciado
8234,2044-07-17,742,68,Smartphone,Eletrônicos,2,534.1,1068.21,IL,Arrependido da compra
8235,2044-07-18,369,21,Fone de ouvido,Acessórios,4,1871.17,7484.68,TX,Entrega rápida!
8236,2044-07-19,938,65,Tablet,Eletrônicos,4,492.94,1971.75,TX,Produto ok.
8237,2044-07-20,220,18,Fone de ouvido,Acessórios,1,1506.58,1506.58,TX,Atendimento sem problema
8238,2044-07-21,577,65,Smartphone,Eletrônicos,3,171.13,513.39,NY,Entrega dentro do prazo previsto.
8239,2044-07-22,867,50,Fone de ouvido,Acessórios,3,1278.14,3834.41,NY,Produto com ótimo custo-benefício.
8240,2044-07-23,232,41,Tablet,Eletrônicos,1,476.41,476.41,FL,Muito satisfeito com a compra.
8241,2044-07-24,328,66,Fone de ouvido,Acessórios,2,1356.84,2713.67,TX,Muito satisfeito com a compra.
8242,2044-07-25,443,22,Fone de ouvido,Acessórios,3,1289.87,3869.6,TX,Entrega dentro do prazo previsto.
8243,2044-07-26,52,75,Tablet,Eletrônicos,2,1851.21,3702.41,TX,Atendimento sem problema
8244,2044-07-27,886,65,Laptop,Eletrônicos,4,1272.02,5088.08,NY,Entrega dentro do prazo previsto.
8245,2044-07-28,943,74,Fone de ouvido,Acessórios,5,846.09,4230.43,IL,Atendimento excepcional.
8246,2044-07-29,376,52,Fone de ouvido,Acessórios,1,427.46,427.46,TX,Entrega rápida!
8247,2044-07-30,263,59,Smartphone,Eletrônicos,3,1332.03,3996.09,CA,Atendimento excepcional.
8248,2044-07-31,267,67,Laptop,Eletrônicos,1,276.91,276.91,FL,Sem reclamações.
8249,2044-08-01,359,70,Smartphone,Eletrônicos,4,1665.61,6662.43,NY,Excelente produto!
8250,2044-08-02,317,77,Tablet,Eletrônicos,4,532.3,2129.21,IL,Sem reclamações.
8251,2044-08-03,324,79,Tablet,Eletrônicos,4,1072.11,4288.44,CA,Produto ok.
8252,2044-08-04,921,67,Smartphone,Eletrônicos,4,1212.1,4848.39,TX,Produto com ótimo custo-benefício.
8253,2044-08-05,908,43,Fone de ouvido,Acessórios,5,756.86,3784.28,NY,Excelente produto!
8254,2044-08-06,666,66,Laptop,Eletrônicos,2,1344.55,2689.11,TX,Produto com ótimo custo-benefício.
8255,2044-08-07,870,60,Smartphone,Eletrônicos,2,537.92,1075.85,FL,Péssimo atendimento
8256,2044-08-08,878,58,Smartphone,Eletrônicos,5,117.52,587.59,NY,Produto com ótimo custo-benefício.
8257,2044-08-09,652,60,Tablet,Eletrônicos,2,1920.57,3841.14,CA,Entrega rápida!
8258,2044-08-10,939,43,Fone de ouvido,Acessórios,4,674.09,2696.36,IL,Entrega dentro do prazo previsto.
8259,2044-08-11,563,76,Laptop,Eletrônicos,2,1441.25,2882.5,IL,Entrega rápida!
8260,2044-08-12,629,58,Smartphone,Eletrônicos,1,1039.69,1039.69,FL,Muito satisfeito com a compra.
8261,2044-08-13,421,66,Laptop,Eletrônicos,2,1354.55,2709.09,IL,Entrega dentro do prazo previsto.
8262,2044-08-14,46,69,Laptop,Eletrônicos,1,266.33,266.33,IL,Atendimento sem problema
8263,2044-08-15,821,22,Smartphone,Eletrônicos,3,1061.75,3185.26,FL,Produto com ótimo custo-benefício.
8264,2044-08-16,600,61,Laptop,Eletrônicos,1,814.83,814.83,CA,Produto com ótimo custo-benefício.
8265,2044-08-17,720,35,Tablet,Eletrônicos,1,931.11,931.11,NY,Entrega dentro do prazo previsto.
8266,2044-08-18,889,76,Fone de ouvido,Acessórios,4,1934.11,7736.42,NY,Produto cumpre o que promete
8267,2044-08-19,269,74,Fone de ouvido,Acessórios,4,315.76,1263.05,FL,Atendimento excepcional.
8268,2044-08-20,601,42,Fone de ouvido,Acessórios,4,1521.67,6086.66,TX,Sem reclamações.
8269,2044-08-21,381,65,Tablet,Eletrônicos,1,694.17,694.17,FL,Arrependido da compra
8270,2044-08-22,118,58,Tablet,Eletrônicos,5,616.2,3080.99,FL,Produto com ótimo custo-benefício.
8271,2044-08-23,566,57,Tablet,Eletrônicos,4,578.02,2312.06,FL,Muito satisfeito com a compra.
8272,2044-08-24,953,55,Fone de ouvido,Acessórios,4,730.12,2920.5,FL,Atendimento sem problema
8273,2044-08-25,116,66,Laptop,Eletrônicos,1,746.38,746.38,IL,Excelente produto!
8274,2044-08-26,630,63,Tablet,Eletrônicos,3,577.96,1733.87,IL,Sem reclamações.
8275,2044-08-27,260,75,Smartphone,Eletrônicos,3,1351.61,4054.83,CA,Atendimento sem problema
8276,2044-08-28,75,38,Tablet,Eletrônicos,2,143.06,286.12,FL,Sem reclamações.
8277,2044-08-29,480,41,Smartphone,Eletrônicos,3,697.97,2093.92,NY,Excelente produto!
8278,2044-08-30,305,45,Fone de ouvido,Acessórios,4,596.4,2385.6,TX,Produto ok.
8279,2044-08-31,7,63,Smartphone,Eletrônicos,5,1515.27,7576.33,IL,Entrega rápida!
8280,2044-09-01,366,21,Tablet,Eletrônicos,2,335.67,671.34,NY,Produto com ótimo custo-benefício.
8281,2044-09-02,634,25,Tablet,Eletrônicos,5,1884.34,9421.7,IL,Excelente produto!
8282,2044-09-03,523,71,Laptop,Eletrônicos,5,382.51,1912.56,CA,Produto com defeito
8283,2044-09-04,348,66,Fone de ouvido,Acessórios,4,771.55,3086.21,TX,Excelente produto!
8284,2044-09-05,438,50,Smartphone,Eletrônicos,1,439.42,439.42,IL,Entrega dentro do prazo previsto.
8285,2044-09-06,215,20,Fone de ouvido,Acessórios,1,609.06,609.06,TX,Produto com ótimo custo-benefício.
8286,2044-09-07,429,66,Tablet,Eletrônicos,1,1534.0,1534.0,TX,Sem reclamações.
8287,2044-09-08,791,37,Laptop,Eletrônicos,3,978.99,2936.97,NY,Entrega rápida!
8288,2044-09-09,498,52,Tablet,Eletrônicos,1,367.02,367.02,IL,Produto com ótimo custo-benefício.
8289,2044-09-10,540,56,Tablet,Eletrônicos,4,140.94,563.75,TX,Produto com defeito
8290,2044-09-11,747,60,Tablet,Eletrônicos,3,498.34,1495.01,FL,Entrega rápida!
8291,2044-09-12,367,74,Smartphone,Eletrônicos,1,1893.93,1893.93,TX,Atendimento excepcional.
8292,2044-09-13,313,64,Tablet,Eletrônicos,5,1698.37,8491.84,TX,Produto cumpre o que promete
8293,2044-09-14,538,24,Fone de ouvido,Acessórios,4,908.34,3633.35,IL,Produto ok.
8294,2044-09-15,921,44,Fone de ouvido,Acessórios,4,989.89,3959.56,FL,Produto com ótimo custo-benefício.
8295,2044-09-16,54,22,Laptop,Eletrônicos,2,1803.76,3607.53,TX,Atendimento sem problema
8296,2044-09-17,541,66,Fone de ouvido,Acessórios,4,1203.12,4812.49,IL,Entrega dentro do prazo previsto.
8297,2044-09-18,467,54,Tablet,Eletrônicos,5,1767.5,8837.48,IL,Atendimento excepcional.
8298,2044-09-19,865,18,Tablet,Eletrônicos,4,1009.09,4036.35,TX,Produto com ótimo custo-benefício.
8299,2044-09-20,164,39,Fone de ouvido,Acessórios,2,440.19,880.38,CA,Entrega rápida!
8300,2044-09-21,782,78,Laptop,Eletrônicos,4,1465.56,5862.23,CA,Entrega rápida!
8301,2044-09-22,334,73,Laptop,Eletrônicos,4,1076.47,4305.87,NY,Atendimento excepcional.
8302,2044-09-23,547,24,Fone de ouvido,Acessórios,2,1353.46,2706.91,CA,Excelente produto!
8303,2044-09-24,798,66,Smartphone,Eletrônicos,4,356.6,1426.4,CA,Entrega rápida!
8304,2044-09-25,348,25,Smartphone,Eletrônicos,3,1312.82,3938.47,IL,Excelente produto!
8305,2044-09-26,273,61,Smartphone,Eletrônicos,4,795.4,3181.61,IL,Atendimento excepcional.
8306,2044-09-27,963,79,Smartphone,Eletrônicos,1,697.4,697.4,TX,Entrega rápida!
8307,2044-09-28,720,79,Fone de ouvido,Acessórios,1,1359.38,1359.38,TX,Sem reclamações.
8308,2044-09-29,750,47,Laptop,Eletrônicos,3,1204.87,3614.6,IL,Produto cumpre o que promete
8309,2044-09-30,414,74,Tablet,Eletrônicos,4,1315.76,5263.04,TX,Atendimento excepcional.
8310,2044-10-01,500,45,Tablet,Eletrônicos,5,1932.4,9662.0,IL,Muito satisfeito com a compra.
8311,2044-10-02,93,43,Fone de ouvido,Acessórios,4,1417.33,5669.33,CA,Produto cumpre o que promete
8312,2044-10-03,685,79,Tablet,Eletrônicos,1,1299.75,1299.75,TX,Qualidade inferior ao anunciado
8313,2044-10-04,79,51,Smartphone,Eletrônicos,2,1246.43,2492.86,CA,Muito satisfeito com a compra.
8314,2044-10-05,622,66,Laptop,Eletrônicos,3,827.49,2482.48,NY,Atendimento excepcional.
8315,2044-10-06,217,49,Fone de ouvido,Acessórios,2,1686.42,3372.85,TX,Muito satisfeito com a compra.
8316,2044-10-07,947,39,Laptop,Eletrônicos,5,792.83,3964.15,IL,Sem reclamações.
8317,2044-10-08,358,77,Fone de ouvido,Acessórios,4,1415.48,5661.9,IL,Péssimo atendimento
8318,2044-10-09,618,37,Fone de ouvido,Acessórios,5,621.63,3108.15,NY,Sem reclamações.
8319,2044-10-10,507,31,Fone de ouvido,Acessórios,2,338.13,676.25,IL,Excelente produto!
8320,2044-10-11,559,40,Fone de ouvido,Acessórios,4,303.04,1212.15,CA,Produto cumpre o que promete
8321,2044-10-12,181,20,Laptop,Eletrônicos,5,1287.39,6436.95,IL,Atendimento excepcional.
8322,2044-10-13,576,36,Tablet,Eletrônicos,1,689.51,689.51,NY,Produto ok.
8323,2044-10-14,246,31,Fone de ouvido,Acessórios,1,586.35,586.35,FL,Produto com ótimo custo-benefício.
8324,2044-10-15,244,57,Smartphone,Eletrônicos,3,1204.52,3613.55,FL,Entrega rápida!
8325,2044-10-16,506,56,Fone de ouvido,Acessórios,1,100.06,100.06,CA,Muito satisfeito com a compra.
8326,2044-10-17,422,54,Laptop,Eletrônicos,1,530.14,530.14,FL,Sem reclamações.
8327,2044-10-18,320,52,Fone de ouvido,Acessórios,2,714.07,1428.13,IL,Entrega dentro do prazo previsto.
8328,2044-10-19,87,18,Smartphone,Eletrônicos,1,1431.33,1431.33,NY,Muito satisfeito com a compra.
8329,2044-10-20,217,76,Laptop,Eletrônicos,1,1112.75,1112.75,CA,Muito satisfeito com a compra.
8330,2044-10-21,490,36,Fone de ouvido,Acessórios,2,1719.18,3438.36,FL,Excelente produto!
8331,2044-10-22,519,32,Smartphone,Eletrônicos,1,702.29,702.29,IL,Excelente produto!
8332,2044-10-23,278,42,Laptop,Eletrônicos,1,628.06,628.06,IL,Excelente produto!
8333,2044-10-24,849,18,Fone de ouvido,Acessórios,3,114.73,344.2,TX,Excelente produto!
8334,2044-10-25,722,48,Smartphone,Eletrônicos,1,1905.85,1905.85,TX,Atendimento excepcional.
8335,2044-10-26,169,54,Laptop,Eletrônicos,1,1027.91,1027.91,NY,Sem reclamações.
8336,2044-10-27,330,69,Fone de ouvido,Acessórios,3,1029.92,3089.76,CA,Entrega dentro do prazo previsto.
8337,2044-10-28,650,60,Laptop,Eletrônicos,2,1850.7,3701.4,FL,Muito satisfeito com a compra.
8338,2044-10-29,441,63,Smartphone,Eletrônicos,1,615.34,615.34,FL,Atendimento excepcional.
8339,2044-10-30,391,39,Fone de ouvido,Acessórios,5,697.61,3488.03,IL,Atendimento excepcional.
8340,2044-10-31,496,67,Fone de ouvido,Acessórios,2,1329.88,2659.76,FL,Muito satisfeito com a compra.
8341,2044-11-01,381,37,Fone de ouvido,Acessórios,2,1581.09,3162.19,NY,Sem reclamações.
8342,2044-11-02,306,58,Smartphone,Eletrônicos,1,1413.66,1413.66,TX,Produto ok.
8343,2044-11-03,742,79,Tablet,Eletrônicos,3,1588.0,4764.0,IL,Atendimento excepcional.
8344,2044-11-04,987,64,Fone de ouvido,Acessórios,2,1171.46,2342.92,CA,Sem reclamações.
8345,2044-11-05,820,60,Smartphone,Eletrônicos,3,1732.51,5197.52,IL,Entrega dentro do prazo previsto.
8346,2044-11-06,673,22,Laptop,Eletrônicos,5,1122.71,5613.54,FL,Entrega rápida!
8347,2044-11-07,513,32,Laptop,Eletrônicos,3,497.21,1491.64,NY,Produto ok.
8348,2044-11-08,748,73,Smartphone,Eletrônicos,4,1106.32,4425.27,CA,Excelente produto!
8349,2044-11-09,949,19,Tablet,Eletrônicos,3,1440.24,4320.73,IL,Muito satisfeito com a compra.
8350,2044-11-10,188,29,Smartphone,Eletrônicos,2,1324.47,2648.94,FL,Entrega dentro do prazo previsto.
8351,2044-11-11,930,76,Laptop,Eletrônicos,3,523.88,1571.65,IL,Péssimo atendimento
8352,2044-11-12,516,74,Laptop,Eletrônicos,3,130.1,390.31,CA,Produto com ótimo custo-benefício.
8353,2044-11-13,913,77,Fone de ouvido,Acessórios,4,542.34,2169.35,FL,Entrega rápida!
8354,2044-11-14,644,72,Tablet,Eletrônicos,4,1968.88,7875.53,TX,Péssimo atendimento
8355,2044-11-15,427,24,Smartphone,Eletrônicos,1,409.71,409.71,CA,Entrega rápida!
8356,2044-11-16,502,19,Laptop,Eletrônicos,2,955.52,1911.05,TX,Sem reclamações.
8357,2044-11-17,730,25,Laptop,Eletrônicos,1,1294.77,1294.77,TX,Produto com ótimo custo-benefício.
8358,2044-11-18,260,26,Laptop,Eletrônicos,4,1764.97,7059.89,FL,Produto com ótimo custo-benefício.
8359,2044-11-19,513,75,Smartphone,Eletrônicos,3,1532.5,4597.51,IL,Muito satisfeito com a compra.
8360,2044-11-20,71,44,Smartphone,Eletrônicos,4,1822.46,7289.83,IL,Sem reclamações.
8361,2044-11-21,478,45,Tablet,Eletrônicos,5,1228.55,6142.74,NY,Excelente produto!
8362,2044-11-22,178,54,Fone de ouvido,Acessórios,3,1737.37,5212.12,CA,Atendimento excepcional.
8363,2044-11-23,457,32,Fone de ouvido,Acessórios,1,564.49,564.49,CA,Atendimento excepcional.
8364,2044-11-24,189,36,Fone de ouvido,Acessórios,3,889.6,2668.8,FL,Excelente produto!
8365,2044-11-25,291,47,Laptop,Eletrônicos,5,1695.36,8476.78,FL,Atendimento excepcional.
8366,2044-11-26,520,68,Fone de ouvido,Acessórios,4,684.85,2739.4,NY,Produto com ótimo custo-benefício.
8367,2044-11-27,765,30,Laptop,Eletrônicos,2,1748.88,3497.77,NY,Entrega rápida!
8368,2044-11-28,920,62,Tablet,Eletrônicos,2,758.07,1516.15,TX,Produto com ótimo custo-benefício.
8369,2044-11-29,979,23,Laptop,Eletrônicos,2,758.62,1517.24,NY,Produto ok.
8370,2044-11-30,292,47,Tablet,Eletrônicos,4,652.61,2610.46,IL,Atendimento excepcional.
8371,2044-12-01,946,18,Tablet,Eletrônicos,2,1116.54,2233.08,TX,Atendimento excepcional.
8372,2044-12-02,756,59,Fone de ouvido,Acessórios,5,301.68,1508.42,NY,Entrega rápida!
8373,2044-12-03,635,76,Fone de ouvido,Acessórios,4,121.38,485.5,IL,Entrega rápida!
8374,2044-12-04,811,74,Laptop,Eletrônicos,2,1799.96,3599.91,IL,Entrega dentro do prazo previsto.
8375,2044-12-05,283,55,Smartphone,Eletrônicos,1,1861.43,1861.43,TX,Arrependido da compra
8376,2044-12-06,544,42,Fone de ouvido,Acessórios,4,198.53,794.13,TX,Excelente produto!
8377,2044-12-07,846,52,Fone de ouvido,Acessórios,4,1121.91,4487.64,IL,Produto ok.
8378,2044-12-08,377,43,Smartphone,Eletrônicos,3,1102.38,3307.14,FL,Produto ok.
8379,2044-12-09,658,30,Smartphone,Eletrônicos,2,776.24,1552.48,TX,Atendimento sem problema
8380,2044-12-10,156,36,Fone de ouvido,Acessórios,1,1159.36,1159.36,CA,Sem reclamações.
8381,2044-12-11,508,27,Smartphone,Eletrônicos,5,943.33,4716.66,FL,Atendimento excepcional.
8382,2044-12-12,413,62,Laptop,Eletrônicos,4,1004.79,4019.15,CA,Arrependido da compra
8383,2044-12-13,528,24,Tablet,Eletrônicos,5,1522.91,7614.53,NY,Produto com defeito
8384,2044-12-14,355,32,Tablet,Eletrônicos,5,1075.62,5378.11,TX,Produto com ótimo custo-benefício.
8385,2044-12-15,559,40,Fone de ouvido,Acessórios,5,681.13,3405.67,TX,Produto com ótimo custo-benefício.
8386,2044-12-16,763,53,Fone de ouvido,Acessórios,3,1183.84,3551.52,IL,Sem reclamações.
8387,2044-12-17,187,60,Laptop,Eletrônicos,5,1299.47,6497.35,TX,Entrega rápida!
8388,2044-12-18,31,48,Smartphone,Eletrônicos,2,1341.51,2683.01,CA,Produto ok.
8389,2044-12-19,260,79,Fone de ouvido,Acessórios,2,1255.7,2511.4,FL,Produto com ótimo custo-benefício.
8390,2044-12-20,421,25,Tablet,Eletrônicos,1,1345.98,1345.98,NY,Entrega rápida!
8391,2044-12-21,529,76,Laptop,Eletrônicos,1,654.68,654.68,FL,Produto cumpre o que promete
8392,2044-12-22,551,47,Laptop,Eletrônicos,5,919.96,4599.81,CA,Péssimo atendimento
8393,2044-12-23,304,51,Smartphone,Eletrônicos,5,1353.98,6769.89,NY,Atendimento excepcional.
8394,2044-12-24,942,50,Fone de ouvido,Acessórios,3,1521.02,4563.06,IL,Atendimento sem problema
8395,2044-12-25,986,18,Fone de ouvido,Acessórios,5,896.58,4482.92,TX,Produto com ótimo custo-benefício.
8396,2044-12-26,944,33,Laptop,Eletrônicos,5,762.4,3812.0,TX,Muito satisfeito com a compra.
8397,2044-12-27,39,67,Tablet,Eletrônicos,5,1445.97,7229.86,IL,Excelente produto!
8398,2044-12-28,489,28,Fone de ouvido,Acessórios,4,483.24,1932.95,CA,Entrega rápida!
8399,2044-12-29,644,44,Tablet,Eletrônicos,4,68.51,274.04,IL,Atendimento excepcional.
8400,2044-12-30,542,39,Laptop,Eletrônicos,3,968.77,2906.32,CA,Entrega dentro do prazo previsto.
8401,2044-12-31,670,57,Fone de ouvido,Acessórios,3,388.08,1164.23,NY,Sem reclamações.
8402,2045-01-01,278,36,Tablet,Eletrônicos,2,787.65,1575.3,FL,Atendimento excepcional.
8403,2045-01-02,203,61,Laptop,Eletrônicos,3,617.91,1853.72,FL,Entrega dentro do prazo previsto.
8404,2045-01-03,66,23,Tablet,Eletrônicos,2,1565.66,3131.32,IL,Produto com defeito
8405,2045-01-04,108,73,Fone de ouvido,Acessórios,5,696.25,3481.23,TX,Excelente produto!
8406,2045-01-05,268,74,Smartphone,Eletrônicos,3,1299.32,3897.95,IL,Muito satisfeito com a compra.
8407,2045-01-06,222,65,Tablet,Eletrônicos,3,1364.13,4092.39,TX,Entrega dentro do prazo previsto.
8408,2045-01-07,804,57,Smartphone,Eletrônicos,3,940.09,2820.26,IL,Sem reclamações.
8409,2045-01-08,530,56,Fone de ouvido,Acessórios,2,208.1,416.2,IL,Qualidade inferior ao anunciado
8410,2045-01-09,90,37,Smartphone,Eletrônicos,2,1415.71,2831.42,FL,Muito satisfeito com a compra.
8411,2045-01-10,693,20,Laptop,Eletrônicos,1,196.58,196.58,TX,Atendimento sem problema
8412,2045-01-11,255,72,Smartphone,Eletrônicos,2,243.47,486.93,FL,Produto ok.
8413,2045-01-12,455,18,Tablet,Eletrônicos,2,432.19,864.39,TX,Atendimento sem problema
8414,2045-01-13,253,40,Tablet,Eletrônicos,4,596.73,2386.93,NY,Produto com ótimo custo-benefício.
8415,2045-01-14,257,55,Smartphone,Eletrônicos,3,1700.58,5101.74,NY,Excelente produto!
8416,2045-01-15,383,20,Laptop,Eletrônicos,2,1366.1,2732.19,NY,Muito satisfeito com a compra.
8417,2045-01-16,442,79,Fone de ouvido,Acessórios,3,805.06,2415.19,CA,Entrega rápida!
8418,2045-01-17,858,68,Smartphone,Eletrônicos,3,1958.32,5874.97,FL,Muito satisfeito com a compra.
8419,2045-01-18,599,51,Tablet,Eletrônicos,4,525.02,2100.1,FL,Sem reclamações.
8420,2045-01-19,90,34,Tablet,Eletrônicos,3,1239.14,3717.41,NY,Produto com ótimo custo-benefício.
8421,2045-01-20,749,65,Smartphone,Eletrônicos,2,1702.07,3404.14,IL,Entrega rápida!
8422,2045-01-21,390,44,Smartphone,Eletrônicos,3,1613.94,4841.83,FL,Excelente produto!
8423,2045-01-22,582,70,Smartphone,Eletrônicos,1,226.1,226.1,TX,Atendimento excepcional.
8424,2045-01-23,44,78,Fone de ouvido,Acessórios,1,1409.68,1409.68,FL,Excelente produto!
8425,2045-01-24,712,56,Tablet,Eletrônicos,4,552.83,2211.34,FL,Entrega rápida!
8426,2045-01-25,664,40,Tablet,Eletrônicos,2,743.68,1487.36,TX,Produto ok.
8427,2045-01-26,598,55,Tablet,Eletrônicos,4,1003.53,4014.14,NY,Atendimento sem problema
8428,2045-01-27,19,28,Fone de ouvido,Acessórios,1,1591.96,1591.96,NY,Entrega rápida!
8429,2045-01-28,101,32,Laptop,Eletrônicos,2,374.09,748.19,TX,Produto cumpre o que promete
8430,2045-01-29,914,43,Tablet,Eletrônicos,3,261.68,785.05,FL,Atendimento excepcional.
8431,2045-01-30,607,71,Tablet,Eletrônicos,2,349.21,698.42,FL,Entrega atrasada
8432,2045-01-31,766,28,Laptop,Eletrônicos,5,475.54,2377.68,NY,Produto com defeito
8433,2045-02-01,357,24,Fone de ouvido,Acessórios,2,166.03,332.06,CA,Atendimento excepcional.
8434,2045-02-02,542,64,Laptop,Eletrônicos,3,1856.4,5569.19,NY,Entrega rápida!
8435,2045-02-03,761,65,Laptop,Eletrônicos,5,672.21,3361.06,TX,Entrega rápida!
8436,2045-02-04,938,25,Laptop,Eletrônicos,4,395.1,1580.41,CA,Entrega rápida!
8437,2045-02-05,33,22,Laptop,Eletrônicos,2,1293.78,2587.55,CA,Sem reclamações.
8438,2045-02-06,970,34,Fone de ouvido,Acessórios,4,1584.64,6338.57,TX,Excelente produto!
8439,2045-02-07,229,40,Fone de ouvido,Acessórios,2,1518.81,3037.61,IL,Entrega rápida!
8440,2045-02-08,524,19,Laptop,Eletrônicos,1,1451.48,1451.48,NY,Entrega rápida!
8441,2045-02-09,630,44,Smartphone,Eletrônicos,1,148.53,148.53,FL,Muito satisfeito com a compra.
8442,2045-02-10,862,38,Smartphone,Eletrônicos,3,1575.21,4725.63,NY,Produto com ótimo custo-benefício.
8443,2045-02-11,155,24,Smartphone,Eletrônicos,1,1028.66,1028.66,TX,Muito satisfeito com a compra.
8444,2045-02-12,423,72,Smartphone,Eletrônicos,5,1315.72,6578.59,FL,Entrega dentro do prazo previsto.
8445,2045-02-13,905,74,Tablet,Eletrônicos,5,1915.03,9575.14,IL,Excelente produto!
8446,2045-02-14,246,70,Fone de ouvido,Acessórios,2,1630.81,3261.62,TX,Sem reclamações.
8447,2045-02-15,405,55,Fone de ouvido,Acessórios,4,1659.48,6637.9,NY,Entrega dentro do prazo previsto.
8448,2045-02-16,844,43,Laptop,Eletrônicos,5,403.86,2019.31,CA,Excelente produto!
8449,2045-02-17,759,47,Tablet,Eletrônicos,2,979.01,1958.03,TX,Muito satisfeito com a compra.
8450,2045-02-18,541,29,Laptop,Eletrônicos,4,1901.18,7604.74,TX,Atendimento excepcional.
8451,2045-02-19,161,65,Laptop,Eletrônicos,1,1186.24,1186.24,NY,Produto com defeito
8452,2045-02-20,747,28,Fone de ouvido,Acessórios,2,250.04,500.09,IL,Entrega rápida!
8453,2045-02-21,702,71,Tablet,Eletrônicos,4,1477.05,5908.19,NY,Excelente produto!
8454,2045-02-22,117,34,Smartphone,Eletrônicos,3,133.71,401.12,NY,Produto ok.
8455,2045-02-23,271,27,Fone de ouvido,Acessórios,3,1497.48,4492.44,IL,Entrega dentro do prazo previsto.
8456,2045-02-24,770,72,Tablet,Eletrônicos,5,1765.56,8827.78,IL,Péssimo atendimento
8457,2045-02-25,692,65,Tablet,Eletrônicos,4,879.24,3516.95,TX,Excelente produto!
8458,2045-02-26,487,33,Fone de ouvido,Acessórios,3,856.55,2569.64,CA,Entrega rápida!
8459,2045-02-27,885,32,Fone de ouvido,Acessórios,5,643.21,3216.06,NY,Produto ok.
8460,2045-02-28,172,75,Laptop,Eletrônicos,2,1760.03,3520.06,CA,Produto com ótimo custo-benefício.
8461,2045-03-01,950,32,Laptop,Eletrônicos,2,1118.18,2236.36,IL,Atendimento excepcional.
8462,2045-03-02,274,72,Laptop,Eletrônicos,4,1179.56,4718.23,IL,Atendimento sem problema
8463,2045-03-03,259,37,Smartphone,Eletrônicos,4,1340.33,5361.32,NY,Produto ok.
8464,2045-03-04,135,21,Fone de ouvido,Acessórios,4,635.45,2541.8,TX,Produto cumpre o que promete
8465,2045-03-05,683,49,Tablet,Eletrônicos,4,893.93,3575.73,NY,Entrega rápida!
8466,2045-03-06,722,76,Fone de ouvido,Acessórios,3,1496.13,4488.39,TX,Arrependido da compra
8467,2045-03-07,748,39,Tablet,Eletrônicos,3,1971.7,5915.1,FL,Atendimento excepcional.
8468,2045-03-08,422,52,Smartphone,Eletrônicos,5,116.9,584.48,TX,Atendimento excepcional.
8469,2045-03-09,421,31,Fone de ouvido,Acessórios,3,133.16,399.49,NY,Produto ok.
8470,2045-03-10,186,47,Tablet,Eletrônicos,2,884.76,1769.52,NY,Arrependido da compra
8471,2045-03-11,929,48,Tablet,Eletrônicos,5,1336.26,6681.31,TX,Entrega rápida!
8472,2045-03-12,364,27,Laptop,Eletrônicos,3,803.41,2410.23,CA,Muito satisfeito com a compra.
8473,2045-03-13,955,23,Smartphone,Eletrônicos,4,1999.3,7997.18,TX,Excelente produto!
8474,2045-03-14,607,44,Fone de ouvido,Acessórios,3,430.95,1292.85,FL,Atendimento excepcional.
8475,2045-03-15,378,28,Laptop,Eletrônicos,1,65.45,65.45,FL,Atendimento sem problema
8476,2045-03-16,523,53,Smartphone,Eletrônicos,5,420.75,2103.76,CA,Muito satisfeito com a compra.
8477,2045-03-17,580,27,Laptop,Eletrônicos,3,1779.34,5338.03,FL,Péssimo atendimento
8478,2045-03-18,891,33,Fone de ouvido,Acessórios,3,333.04,999.12,NY,Produto com ótimo custo-benefício.
8479,2045-03-19,722,41,Tablet,Eletrônicos,2,984.0,1968.0,CA,Produto com ótimo custo-benefício.
8480,2045-03-20,196,38,Fone de ouvido,Acessórios,4,867.59,3470.35,CA,Muito satisfeito com a compra.
8481,2045-03-21,881,78,Smartphone,Eletrônicos,4,1348.16,5392.66,CA,Atendimento excepcional.
8482,2045-03-22,98,57,Fone de ouvido,Acessórios,2,156.46,312.92,TX,Muito satisfeito com a compra.
8483,2045-03-23,605,58,Smartphone,Eletrônicos,2,1334.56,2669.13,TX,Entrega rápida!
8484,2045-03-24,984,53,Laptop,Eletrônicos,1,741.77,741.77,CA,Excelente produto!
8485,2045-03-25,22,66,Smartphone,Eletrônicos,5,1855.78,9278.89,FL,Produto ok.
8486,2045-03-26,450,59,Tablet,Eletrônicos,4,1705.33,6821.32,NY,Entrega rápida!
8487,2045-03-27,172,72,Tablet,Eletrônicos,2,829.04,1658.07,NY,Atendimento excepcional.
8488,2045-03-28,383,62,Tablet,Eletrônicos,2,1986.14,3972.28,TX,Muito satisfeito com a compra.
8489,2045-03-29,134,40,Laptop,Eletrônicos,5,151.29,756.45,IL,Excelente produto!
8490,2045-03-30,426,38,Smartphone,Eletrônicos,2,1587.83,3175.67,CA,Entrega dentro do prazo previsto.
8491,2045-03-31,25,49,Laptop,Eletrônicos,1,895.98,895.98,IL,Atendimento sem problema
8492,2045-04-01,503,70,Fone de ouvido,Acessórios,5,894.95,4474.73,NY,Excelente produto!
8493,2045-04-02,185,34,Fone de ouvido,Acessórios,1,381.76,381.76,TX,Excelente produto!
8494,2045-04-03,85,68,Fone de ouvido,Acessórios,3,1054.02,3162.05,TX,Entrega rápida!
8495,2045-04-04,567,34,Fone de ouvido,Acessórios,4,215.2,860.8,TX,Muito satisfeito com a compra.
8496,2045-04-05,763,72,Tablet,Eletrônicos,2,1252.33,2504.65,TX,Excelente produto!
8497,2045-04-06,144,38,Smartphone,Eletrônicos,5,521.1,2605.51,TX,Muito satisfeito com a compra.
8498,2045-04-07,863,77,Tablet,Eletrônicos,1,1463.47,1463.47,CA,Entrega dentro do prazo previsto.
8499,2045-04-08,910,21,Smartphone,Eletrônicos,4,1234.35,4937.42,IL,Produto com ótimo custo-benefício.
8500,2045-04-09,679,79,Smartphone,Eletrônicos,4,1505.49,6021.96,NY,Produto com defeito
8501,2045-04-10,412,40,Laptop,Eletrônicos,2,1512.0,3023.99,NY,Muito satisfeito com a compra.
8502,2045-04-11,224,42,Fone de ouvido,Acessórios,4,433.58,1734.33,TX,Qualidade inferior ao anunciado
8503,2045-04-12,220,49,Smartphone,Eletrônicos,2,51.32,102.63,TX,Atendimento excepcional.
8504,2045-04-13,179,23,Fone de ouvido,Acessórios,3,763.23,2289.7,TX,Muito satisfeito com a compra.
8505,2045-04-14,631,31,Fone de ouvido,Acessórios,2,1842.18,3684.37,FL,Muito satisfeito com a compra.
8506,2045-04-15,433,58,Fone de ouvido,Acessórios,1,1176.9,1176.9,NY,Entrega rápida!
8507,2045-04-16,265,55,Tablet,Eletrônicos,4,1468.63,5874.52,TX,Muito satisfeito com a compra.
8508,2045-04-17,954,59,Fone de ouvido,Acessórios,4,1765.16,7060.65,IL,Atendimento excepcional.
8509,2045-04-18,429,74,Smartphone,Eletrônicos,4,1816.81,7267.25,FL,Produto com ótimo custo-benefício.
8510,2045-04-19,662,55,Tablet,Eletrônicos,2,1081.6,2163.2,CA,Atendimento excepcional.
8511,2045-04-20,416,79,Fone de ouvido,Acessórios,5,1104.84,5524.19,FL,Produto com ótimo custo-benefício.
8512,2045-04-21,453,58,Laptop,Eletrônicos,2,1709.33,3418.66,FL,Excelente produto!
8513,2045-04-22,727,62,Fone de ouvido,Acessórios,1,1624.6,1624.6,FL,Atendimento sem problema
8514,2045-04-23,197,33,Fone de ouvido,Acessórios,2,1412.77,2825.55,IL,Produto com ótimo custo-benefício.
8515,2045-04-24,554,79,Tablet,Eletrônicos,4,1228.71,4914.82,NY,Péssimo atendimento
8516,2045-04-25,53,49,Smartphone,Eletrônicos,3,1253.57,3760.71,TX,Entrega rápida!
8517,2045-04-26,480,33,Fone de ouvido,Acessórios,1,757.68,757.68,IL,Entrega dentro do prazo previsto.
8518,2045-04-27,443,36,Tablet,Eletrônicos,3,1689.79,5069.37,IL,Produto com ótimo custo-benefício.
8519,2045-04-28,330,54,Tablet,Eletrônicos,1,1254.67,1254.67,TX,Atendimento excepcional.
8520,2045-04-29,251,60,Smartphone,Eletrônicos,1,485.88,485.88,FL,Entrega rápida!
8521,2045-04-30,807,38,Tablet,Eletrônicos,4,517.69,2070.78,CA,Entrega atrasada
8522,2045-05-01,890,32,Smartphone,Eletrônicos,2,1730.13,3460.25,FL,Produto cumpre o que promete
8523,2045-05-02,783,78,Laptop,Eletrônicos,4,1270.13,5080.52,FL,Atendimento sem problema
8524,2045-05-03,967,43,Fone de ouvido,Acessórios,4,827.47,3309.89,NY,Produto ok.
8525,2045-05-04,925,47,Tablet,Eletrônicos,4,414.85,1659.39,FL,Produto cumpre o que promete
8526,2045-05-05,123,57,Laptop,Eletrônicos,3,1239.92,3719.76,CA,Atendimento excepcional.
8527,2045-05-06,879,32,Tablet,Eletrônicos,1,409.41,409.41,IL,Produto cumpre o que promete
8528,2045-05-07,387,60,Tablet,Eletrônicos,5,966.83,4834.13,FL,Produto com ótimo custo-benefício.
8529,2045-05-08,339,78,Laptop,Eletrônicos,2,1371.15,2742.29,IL,Atendimento sem problema
8530,2045-05-09,778,30,Tablet,Eletrônicos,4,1152.56,4610.24,NY,Atendimento excepcional.
8531,2045-05-10,348,44,Tablet,Eletrônicos,1,1848.09,1848.09,CA,Entrega rápida!
8532,2045-05-11,29,40,Laptop,Eletrônicos,2,127.46,254.91,TX,Excelente produto!
8533,2045-05-12,975,51,Tablet,Eletrônicos,5,595.6,2978.0,TX,Muito satisfeito com a compra.
8534,2045-05-13,35,76,Smartphone,Eletrônicos,5,161.32,806.59,NY,Produto cumpre o que promete
8535,2045-05-14,518,51,Tablet,Eletrônicos,4,429.48,1717.91,CA,Atendimento excepcional.
8536,2045-05-15,396,40,Fone de ouvido,Acessórios,5,291.77,1458.84,IL,Arrependido da compra
8537,2045-05-16,623,75,Tablet,Eletrônicos,5,1478.69,7393.45,NY,Produto com ótimo custo-benefício.
8538,2045-05-17,294,61,Fone de ouvido,Acessórios,2,770.28,1540.57,FL,Sem reclamações.
8539,2045-05-18,589,75,Fone de ouvido,Acessórios,2,1853.84,3707.67,IL,Atendimento sem problema
8540,2045-05-19,349,37,Tablet,Eletrônicos,4,95.59,382.35,FL,Produto com ótimo custo-benefício.
8541,2045-05-20,147,71,Laptop,Eletrônicos,1,1323.2,1323.2,FL,Entrega dentro do prazo previsto.
8542,2045-05-21,67,26,Smartphone,Eletrônicos,4,1942.56,7770.25,IL,Excelente produto!
8543,2045-05-22,904,75,Smartphone,Eletrônicos,3,392.89,1178.66,FL,Entrega rápida!
8544,2045-05-23,520,76,Tablet,Eletrônicos,5,912.74,4563.71,TX,Atendimento excepcional.
8545,2045-05-24,122,37,Laptop,Eletrônicos,1,1418.69,1418.69,IL,Entrega dentro do prazo previsto.
8546,2045-05-25,340,64,Laptop,Eletrônicos,2,1284.62,2569.24,NY,Muito satisfeito com a compra.
8547,2045-05-26,175,56,Smartphone,Eletrônicos,3,1153.75,3461.26,TX,Entrega rápida!
8548,2045-05-27,900,74,Laptop,Eletrônicos,3,687.17,2061.52,NY,Produto com ótimo custo-benefício.
8549,2045-05-28,691,31,Tablet,Eletrônicos,5,1469.99,7349.95,CA,Muito satisfeito com a compra.
8550,2045-05-29,597,66,Tablet,Eletrônicos,2,1323.85,2647.7,NY,Sem reclamações.
8551,2045-05-30,451,43,Laptop,Eletrônicos,1,367.46,367.46,IL,Atendimento excepcional.
8552,2045-05-31,557,44,Tablet,Eletrônicos,2,1929.98,3859.95,NY,Atendimento excepcional.
8553,2045-06-01,136,51,Fone de ouvido,Acessórios,5,1133.56,5667.81,CA,Produto com ótimo custo-benefício.
8554,2045-06-02,855,46,Smartphone,Eletrônicos,3,1074.65,3223.95,FL,Excelente produto!
8555,2045-06-03,16,49,Tablet,Eletrônicos,5,1704.06,8520.31,IL,Sem reclamações.
8556,2045-06-04,333,58,Laptop,Eletrônicos,4,1298.81,5195.23,TX,Produto com ótimo custo-benefício.
8557,2045-06-05,195,62,Smartphone,Eletrônicos,3,195.23,585.7,TX,Péssimo atendimento
8558,2045-06-06,496,22,Tablet,Eletrônicos,5,1037.85,5189.25,NY,Atendimento excepcional.
8559,2045-06-07,9,21,Smartphone,Eletrônicos,1,1572.16,1572.16,TX,Excelente produto!
8560,2045-06-08,828,40,Laptop,Eletrônicos,1,1414.96,1414.96,CA,Sem reclamações.
8561,2045-06-09,334,38,Fone de ouvido,Acessórios,1,1943.0,1943.0,TX,Sem reclamações.
8562,2045-06-10,333,50,Fone de ouvido,Acessórios,4,98.59,394.35,NY,Arrependido da compra
8563,2045-06-11,327,58,Tablet,Eletrônicos,2,559.38,1118.75,TX,Excelente produto!
8564,2045-06-12,15,41,Fone de ouvido,Acessórios,1,1120.86,1120.86,FL,Entrega rápida!
8565,2045-06-13,839,33,Tablet,Eletrônicos,4,1258.01,5032.02,FL,Atendimento sem problema
8566,2045-06-14,614,49,Smartphone,Eletrônicos,1,584.99,584.99,TX,Muito satisfeito com a compra.
8567,2045-06-15,226,36,Tablet,Eletrônicos,4,1662.26,6649.05,IL,Produto com ótimo custo-benefício.
8568,2045-06-16,425,43,Tablet,Eletrônicos,1,370.48,370.48,TX,Produto com ótimo custo-benefício.
8569,2045-06-17,790,20,Tablet,Eletrônicos,2,51.66,103.31,FL,Produto com ótimo custo-benefício.
8570,2045-06-18,408,52,Fone de ouvido,Acessórios,5,1907.16,9535.82,FL,Produto com ótimo custo-benefício.
8571,2045-06-19,113,56,Tablet,Eletrônicos,1,813.54,813.54,CA,Qualidade inferior ao anunciado
8572,2045-06-20,997,35,Laptop,Eletrônicos,5,1917.11,9585.53,NY,Excelente produto!
8573,2045-06-21,428,74,Tablet,Eletrônicos,1,591.97,591.97,CA,Produto ok.
8574,2045-06-22,1,69,Smartphone,Eletrônicos,2,173.72,347.45,IL,Atendimento excepcional.
8575,2045-06-23,266,24,Laptop,Eletrônicos,5,1556.41,7782.07,NY,Atendimento excepcional.
8576,2045-06-24,491,49,Smartphone,Eletrônicos,4,1679.85,6719.39,TX,Entrega rápida!
8577,2045-06-25,208,41,Smartphone,Eletrônicos,1,1009.57,1009.57,TX,Excelente produto!
8578,2045-06-26,622,33,Smartphone,Eletrônicos,1,194.01,194.01,IL,Produto com ótimo custo-benefício.
8579,2045-06-27,712,70,Laptop,Eletrônicos,4,1325.56,5302.25,FL,Produto cumpre o que promete
8580,2045-06-28,952,41,Laptop,Eletrônicos,2,405.18,810.36,TX,Atendimento sem problema
8581,2045-06-29,369,21,Fone de ouvido,Acessórios,3,1706.29,5118.88,CA,Entrega rápida!
8582,2045-06-30,985,62,Laptop,Eletrônicos,1,584.35,584.35,FL,Excelente produto!
8583,2045-07-01,306,49,Tablet,Eletrônicos,4,1703.03,6812.11,TX,Muito satisfeito com a compra.
8584,2045-07-02,12,59,Smartphone,Eletrônicos,3,882.5,2647.51,FL,Entrega rápida!
8585,2045-07-03,345,51,Fone de ouvido,Acessórios,1,1213.15,1213.15,NY,Sem reclamações.
8586,2045-07-04,465,36,Laptop,Eletrônicos,5,1589.65,7948.23,TX,Excelente produto!
8587,2045-07-05,700,31,Smartphone,Eletrônicos,4,128.86,515.43,TX,Muito satisfeito com a compra.
8588,2045-07-06,666,55,Laptop,Eletrônicos,5,1651.27,8256.37,FL,Produto ok.
8589,2045-07-07,494,75,Fone de ouvido,Acessórios,2,320.36,640.73,NY,Produto com ótimo custo-benefício.
8590,2045-07-08,368,30,Laptop,Eletrônicos,3,748.92,2246.75,CA,Entrega rápida!
8591,2045-07-09,846,39,Laptop,Eletrônicos,4,971.92,3887.69,NY,Produto com ótimo custo-benefício.
8592,2045-07-10,937,77,Smartphone,Eletrônicos,1,1796.08,1796.08,CA,Excelente produto!
8593,2045-07-11,420,48,Tablet,Eletrônicos,1,93.76,93.76,IL,Produto com defeito
8594,2045-07-12,889,61,Laptop,Eletrônicos,3,1140.45,3421.34,NY,Produto com ótimo custo-benefício.
8595,2045-07-13,791,61,Fone de ouvido,Acessórios,5,1302.92,6514.59,CA,Produto com ótimo custo-benefício.
8596,2045-07-14,171,47,Laptop,Eletrônicos,5,667.34,3336.68,FL,Produto com ótimo custo-benefício.
8597,2045-07-15,134,40,Laptop,Eletrônicos,4,616.45,2465.8,CA,Entrega rápida!
8598,2045-07-16,965,29,Tablet,Eletrônicos,4,1006.41,4025.66,IL,Entrega rápida!
8599,2045-07-17,427,60,Smartphone,Eletrônicos,5,414.85,2074.23,CA,Produto com defeito
8600,2045-07-18,25,31,Fone de ouvido,Acessórios,4,962.83,3851.33,NY,Atendimento excepcional.
8601,2045-07-19,530,53,Smartphone,Eletrônicos,5,1541.8,7709.0,CA,Atendimento sem problema
8602,2045-07-20,190,62,Smartphone,Eletrônicos,3,1698.52,5095.56,NY,Muito satisfeito com a compra.
8603,2045-07-21,141,25,Smartphone,Eletrônicos,4,801.06,3204.26,IL,Muito satisfeito com a compra.
8604,2045-07-22,555,41,Laptop,Eletrônicos,5,1253.74,6268.69,CA,Sem reclamações.
8605,2045-07-23,846,76,Tablet,Eletrônicos,4,50.04,200.16,CA,Atendimento sem problema
8606,2045-07-24,796,72,Laptop,Eletrônicos,1,1123.19,1123.19,IL,Atendimento excepcional.
8607,2045-07-25,658,20,Fone de ouvido,Acessórios,1,1951.71,1951.71,CA,Atendimento excepcional.
8608,2045-07-26,315,31,Tablet,Eletrônicos,2,658.92,1317.83,NY,Entrega rápida!
8609,2045-07-27,444,68,Smartphone,Eletrônicos,5,1209.81,6049.07,TX,Atendimento excepcional.
8610,2045-07-28,319,67,Tablet,Eletrônicos,2,1536.45,3072.91,TX,Muito satisfeito com a compra.
8611,2045-07-29,441,28,Fone de ouvido,Acessórios,5,1237.42,6187.1,NY,Sem reclamações.
8612,2045-07-30,92,62,Laptop,Eletrônicos,4,866.07,3464.3,CA,Produto com ótimo custo-benefício.
8613,2045-07-31,179,72,Laptop,Eletrônicos,5,347.52,1737.61,NY,Entrega rápida!
8614,2045-08-01,56,79,Smartphone,Eletrônicos,1,954.22,954.22,IL,Excelente produto!
8615,2045-08-02,155,55,Laptop,Eletrônicos,4,624.83,2499.32,NY,Entrega rápida!
8616,2045-08-03,672,45,Laptop,Eletrônicos,1,1407.04,1407.04,TX,Excelente produto!
8617,2045-08-04,111,40,Fone de ouvido,Acessórios,4,911.73,3646.92,FL,Entrega dentro do prazo previsto.
8618,2045-08-05,137,35,Tablet,Eletrônicos,5,1707.27,8536.33,IL,Atendimento excepcional.
8619,2045-08-06,232,37,Laptop,Eletrônicos,5,426.98,2134.89,CA,Entrega dentro do prazo previsto.
8620,2045-08-07,992,50,Fone de ouvido,Acessórios,1,864.55,864.55,NY,Produto com ótimo custo-benefício.
8621,2045-08-08,468,19,Fone de ouvido,Acessórios,3,1137.13,3411.4,IL,Produto ok.
8622,2045-08-09,732,56,Smartphone,Eletrônicos,5,295.73,1478.64,TX,Produto cumpre o que promete
8623,2045-08-10,481,54,Fone de ouvido,Acessórios,3,1196.42,3589.27,CA,Atendimento excepcional.
8624,2045-08-11,68,43,Smartphone,Eletrônicos,4,617.3,2469.19,NY,Entrega rápida!
8625,2045-08-12,814,68,Laptop,Eletrônicos,3,497.6,1492.79,NY,Produto cumpre o que promete
8626,2045-08-13,249,19,Smartphone,Eletrônicos,1,326.73,326.73,CA,Muito satisfeito com a compra.
8627,2045-08-14,994,20,Fone de ouvido,Acessórios,2,732.27,1464.54,FL,Muito satisfeito com a compra.
8628,2045-08-15,323,37,Tablet,Eletrônicos,2,1861.52,3723.03,FL,Muito satisfeito com a compra.
8629,2045-08-16,922,27,Tablet,Eletrônicos,1,110.46,110.46,IL,Entrega dentro do prazo previsto.
8630,2045-08-17,904,59,Laptop,Eletrônicos,2,1711.7,3423.41,NY,Excelente produto!
8631,2045-08-18,518,38,Laptop,Eletrônicos,1,824.85,824.85,IL,Entrega rápida!
8632,2045-08-19,976,57,Tablet,Eletrônicos,5,1145.12,5725.62,CA,Arrependido da compra
8633,2045-08-20,792,26,Smartphone,Eletrônicos,3,1049.98,3149.95,IL,Atendimento excepcional.
8634,2045-08-21,432,19,Laptop,Eletrônicos,2,1855.19,3710.39,NY,Sem reclamações.
8635,2045-08-22,487,45,Fone de ouvido,Acessórios,5,1551.75,7758.76,FL,Entrega dentro do prazo previsto.
8636,2045-08-23,606,20,Laptop,Eletrônicos,2,1970.41,3940.81,FL,Entrega rápida!
8637,2045-08-24,429,33,Smartphone,Eletrônicos,4,1599.14,6396.55,CA,Produto cumpre o que promete
8638,2045-08-25,269,21,Laptop,Eletrônicos,1,626.98,626.98,TX,Entrega rápida!
8639,2045-08-26,709,40,Fone de ouvido,Acessórios,1,1927.62,1927.62,IL,Sem reclamações.
8640,2045-08-27,537,47,Fone de ouvido,Acessórios,5,1967.95,9839.77,CA,Produto cumpre o que promete
8641,2045-08-28,148,55,Fone de ouvido,Acessórios,4,290.03,1160.13,FL,Excelente produto!
8642,2045-08-29,118,30,Smartphone,Eletrônicos,3,1807.04,5421.11,NY,Muito satisfeito com a compra.
8643,2045-08-30,850,23,Smartphone,Eletrônicos,4,1345.19,5380.78,NY,Atendimento sem problema
8644,2045-08-31,367,27,Fone de ouvido,Acessórios,4,1847.89,7391.55,TX,Produto com ótimo custo-benefício.
8645,2045-09-01,850,72,Fone de ouvido,Acessórios,3,1835.69,5507.07,TX,Produto cumpre o que promete
8646,2045-09-02,66,34,Smartphone,Eletrônicos,3,1788.18,5364.53,FL,Muito satisfeito com a compra.
8647,2045-09-03,970,25,Smartphone,Eletrônicos,4,1776.29,7105.15,TX,Sem reclamações.
8648,2045-09-04,813,26,Smartphone,Eletrônicos,2,279.41,558.82,TX,Muito satisfeito com a compra.
8649,2045-09-05,370,51,Tablet,Eletrônicos,2,329.86,659.71,NY,Atendimento sem problema
8650,2045-09-06,175,34,Smartphone,Eletrônicos,4,279.67,1118.68,IL,Atendimento excepcional.
8651,2045-09-07,831,69,Fone de ouvido,Acessórios,2,227.51,455.01,NY,Produto com ótimo custo-benefício.
8652,2045-09-08,588,60,Tablet,Eletrônicos,3,738.91,2216.72,NY,Entrega dentro do prazo previsto.
8653,2045-09-09,495,67,Smartphone,Eletrônicos,3,1383.72,4151.16,FL,Excelente produto!
8654,2045-09-10,973,39,Fone de ouvido,Acessórios,2,741.65,1483.3,FL,Atendimento sem problema
8655,2045-09-11,114,20,Laptop,Eletrônicos,3,1454.59,4363.76,IL,Produto cumpre o que promete
8656,2045-09-12,111,58,Tablet,Eletrônicos,1,1649.55,1649.55,CA,Atendimento sem problema
8657,2045-09-13,761,57,Fone de ouvido,Acessórios,3,1349.12,4047.36,TX,Entrega rápida!
8658,2045-09-14,439,46,Laptop,Eletrônicos,4,956.95,3827.82,TX,Entrega rápida!
8659,2045-09-15,715,56,Fone de ouvido,Acessórios,5,626.26,3131.3,NY,Entrega rápida!
8660,2045-09-16,147,44,Smartphone,Eletrônicos,2,292.59,585.17,NY,Entrega rápida!
8661,2045-09-17,35,56,Smartphone,Eletrônicos,2,1012.62,2025.24,IL,Excelente produto!
8662,2045-09-18,999,72,Laptop,Eletrônicos,3,1453.22,4359.65,TX,Sem reclamações.
8663,2045-09-19,309,70,Smartphone,Eletrônicos,3,1119.07,3357.22,NY,Entrega dentro do prazo previsto.
8664,2045-09-20,538,57,Fone de ouvido,Acessórios,5,1456.89,7284.45,NY,Excelente produto!
8665,2045-09-21,750,69,Laptop,Eletrônicos,5,703.68,3518.39,FL,Atendimento sem problema
8666,2045-09-22,14,54,Fone de ouvido,Acessórios,4,180.25,721.01,CA,Entrega rápida!
8667,2045-09-23,374,20,Fone de ouvido,Acessórios,1,1553.64,1553.64,IL,Produto com ótimo custo-benefício.
8668,2045-09-24,557,36,Fone de ouvido,Acessórios,4,478.46,1913.85,CA,Produto com ótimo custo-benefício.
8669,2045-09-25,428,51,Smartphone,Eletrônicos,2,1251.76,2503.51,CA,Atendimento excepcional.
8670,2045-09-26,728,31,Smartphone,Eletrônicos,3,1618.37,4855.11,IL,Produto ok.
8671,2045-09-27,233,38,Fone de ouvido,Acessórios,4,321.26,1285.06,TX,Produto ok.
8672,2045-09-28,705,77,Tablet,Eletrônicos,3,1217.06,3651.19,NY,Entrega rápida!
8673,2045-09-29,563,19,Fone de ouvido,Acessórios,3,1394.28,4182.84,IL,Entrega dentro do prazo previsto.
8674,2045-09-30,939,27,Fone de ouvido,Acessórios,4,1505.74,6022.94,NY,Entrega rápida!
8675,2045-10-01,887,69,Laptop,Eletrônicos,4,337.95,1351.8,FL,Produto ok.
8676,2045-10-02,726,59,Fone de ouvido,Acessórios,5,1658.98,8294.88,CA,Atendimento sem problema
8677,2045-10-03,663,77,Smartphone,Eletrônicos,1,233.59,233.59,FL,Atendimento sem problema
8678,2045-10-04,440,34,Laptop,Eletrônicos,5,1063.19,5315.94,CA,Entrega rápida!
8679,2045-10-05,502,19,Tablet,Eletrônicos,1,914.65,914.65,TX,Produto com ótimo custo-benefício.
8680,2045-10-06,275,44,Laptop,Eletrônicos,4,482.44,1929.78,IL,Entrega rápida!
8681,2045-10-07,850,18,Tablet,Eletrônicos,1,638.76,638.76,TX,Muito satisfeito com a compra.
8682,2045-10-08,76,67,Laptop,Eletrônicos,2,370.65,741.3,CA,Produto com ótimo custo-benefício.
8683,2045-10-09,439,53,Laptop,Eletrônicos,5,880.17,4400.83,FL,Excelente produto!
8684,2045-10-10,732,50,Tablet,Eletrônicos,5,119.25,596.23,CA,Produto cumpre o que promete
8685,2045-10-11,860,39,Smartphone,Eletrônicos,5,1783.38,8916.92,TX,Excelente produto!
8686,2045-10-12,956,66,Smartphone,Eletrônicos,3,368.8,1106.4,TX,Produto ok.
8687,2045-10-13,699,52,Smartphone,Eletrônicos,3,1777.73,5333.2,FL,Atendimento excepcional.
8688,2045-10-14,289,51,Laptop,Eletrônicos,4,1733.98,6935.9,FL,Entrega atrasada
8689,2045-10-15,915,35,Fone de ouvido,Acessórios,4,930.77,3723.08,TX,Arrependido da compra
8690,2045-10-16,540,53,Laptop,Eletrônicos,3,1020.57,3061.7,CA,Excelente produto!
8691,2045-10-17,891,74,Fone de ouvido,Acessórios,5,638.73,3193.66,CA,Arrependido da compra
8692,2045-10-18,692,20,Fone de ouvido,Acessórios,3,1993.91,5981.72,IL,Produto cumpre o que promete
8693,2045-10-19,253,61,Smartphone,Eletrônicos,1,1358.01,1358.01,TX,Atendimento excepcional.
8694,2045-10-20,126,71,Fone de ouvido,Acessórios,5,1906.03,9530.13,IL,Arrependido da compra
8695,2045-10-21,177,33,Laptop,Eletrônicos,3,858.85,2576.56,TX,Produto com ótimo custo-benefício.
8696,2045-10-22,37,77,Laptop,Eletrônicos,4,1771.88,7087.53,IL,Atendimento excepcional.
8697,2045-10-23,410,28,Smartphone,Eletrônicos,3,924.06,2772.17,NY,Entrega rápida!
8698,2045-10-24,611,27,Tablet,Eletrônicos,2,1740.32,3480.63,CA,Produto com ótimo custo-benefício.
8699,2045-10-25,610,68,Laptop,Eletrônicos,3,305.31,915.92,CA,Muito satisfeito com a compra.
8700,2045-10-26,127,59,Fone de ouvido,Acessórios,5,1291.87,6459.33,NY,Qualidade inferior ao anunciado
8701,2045-10-27,483,38,Laptop,Eletrônicos,3,1373.47,4120.42,FL,Arrependido da compra
8702,2045-10-28,168,42,Laptop,Eletrônicos,4,1329.53,5318.13,NY,Produto ok.
8703,2045-10-29,592,52,Laptop,Eletrônicos,1,921.7,921.7,CA,Atendimento excepcional.
8704,2045-10-30,294,73,Tablet,Eletrônicos,2,1383.64,2767.27,TX,Entrega atrasada
8705,2045-10-31,845,23,Fone de ouvido,Acessórios,5,516.95,2584.77,IL,Muito satisfeito com a compra.
8706,2045-11-01,638,63,Smartphone,Eletrônicos,4,1211.9,4847.62,CA,Qualidade inferior ao anunciado
8707,2045-11-02,343,61,Laptop,Eletrônicos,2,1130.76,2261.52,NY,Excelente produto!
8708,2045-11-03,310,25,Fone de ouvido,Acessórios,3,670.76,2012.29,TX,Atendimento sem problema
8709,2045-11-04,662,51,Fone de ouvido,Acessórios,2,1568.78,3137.57,CA,Produto ok.
8710,2045-11-05,528,58,Smartphone,Eletrônicos,1,207.7,207.7,NY,Entrega atrasada
8711,2045-11-06,540,63,Laptop,Eletrônicos,2,384.31,768.61,CA,Atendimento sem problema
8712,2045-11-07,419,18,Tablet,Eletrônicos,2,968.74,1937.49,NY,Sem reclamações.
8713,2045-11-08,444,20,Fone de ouvido,Acessórios,3,1788.89,5366.66,NY,Sem reclamações.
8714,2045-11-09,685,69,Smartphone,Eletrônicos,3,1171.56,3514.68,CA,Produto cumpre o que promete
8715,2045-11-10,558,55,Tablet,Eletrônicos,5,1692.03,8460.15,TX,Entrega dentro do prazo previsto.
8716,2045-11-11,840,44,Fone de ouvido,Acessórios,3,1059.26,3177.78,CA,Muito satisfeito com a compra.
8717,2045-11-12,236,69,Laptop,Eletrônicos,2,1581.64,3163.28,CA,Produto ok.
8718,2045-11-13,439,30,Fone de ouvido,Acessórios,1,685.3,685.3,TX,Muito satisfeito com a compra.
8719,2045-11-14,214,60,Tablet,Eletrônicos,3,1639.53,4918.58,CA,Produto ok.
8720,2045-11-15,85,64,Tablet,Eletrônicos,5,833.29,4166.44,IL,Excelente produto!
8721,2045-11-16,794,67,Laptop,Eletrônicos,5,1139.72,5698.6,IL,Arrependido da compra
8722,2045-11-17,744,36,Laptop,Eletrônicos,2,392.97,785.94,IL,Produto com ótimo custo-benefício.
8723,2045-11-18,85,36,Smartphone,Eletrônicos,3,1844.84,5534.53,NY,Muito satisfeito com a compra.
8724,2045-11-19,921,23,Laptop,Eletrônicos,3,1417.85,4253.54,FL,Qualidade inferior ao anunciado
8725,2045-11-20,489,64,Smartphone,Eletrônicos,5,1724.77,8623.83,CA,Excelente produto!
8726,2045-11-21,65,70,Tablet,Eletrônicos,3,455.33,1366.0,FL,Produto com ótimo custo-benefício.
8727,2045-11-22,646,31,Tablet,Eletrônicos,2,181.98,363.97,IL,Sem reclamações.
8728,2045-11-23,663,22,Fone de ouvido,Acessórios,1,707.56,707.56,TX,Produto com ótimo custo-benefício.
8729,2045-11-24,627,79,Fone de ouvido,Acessórios,2,1057.54,2115.07,IL,Entrega rápida!
8730,2045-11-25,64,60,Smartphone,Eletrônicos,3,1614.62,4843.86,CA,Produto ok.
8731,2045-11-26,343,69,Laptop,Eletrônicos,2,825.57,1651.13,FL,Arrependido da compra
8732,2045-11-27,939,62,Laptop,Eletrônicos,4,576.42,2305.67,FL,Muito satisfeito com a compra.
8733,2045-11-28,875,62,Fone de ouvido,Acessórios,4,776.46,3105.85,NY,Excelente produto!
8734,2045-11-29,919,53,Tablet,Eletrônicos,3,1422.03,4266.1,TX,Atendimento excepcional.
8735,2045-11-30,352,26,Smartphone,Eletrônicos,3,705.63,2116.88,IL,Excelente produto!
8736,2045-12-01,158,40,Tablet,Eletrônicos,1,1959.37,1959.37,TX,Entrega rápida!
8737,2045-12-02,589,49,Tablet,Eletrônicos,2,391.21,782.42,CA,Excelente produto!
8738,2045-12-03,491,46,Laptop,Eletrônicos,1,1518.54,1518.54,NY,Produto com ótimo custo-benefício.
8739,2045-12-04,658,62,Smartphone,Eletrônicos,3,1198.87,3596.61,IL,Atendimento sem problema
8740,2045-12-05,855,45,Tablet,Eletrônicos,3,504.54,1513.61,CA,Muito satisfeito com a compra.
8741,2045-12-06,463,57,Fone de ouvido,Acessórios,5,1519.55,7597.73,TX,Muito satisfeito com a compra.
8742,2045-12-07,225,69,Fone de ouvido,Acessórios,1,922.7,922.7,NY,Produto ok.
8743,2045-12-08,917,28,Laptop,Eletrônicos,3,1380.68,4142.03,IL,Excelente produto!
8744,2045-12-09,313,36,Fone de ouvido,Acessórios,4,1341.4,5365.61,TX,Produto ok.
8745,2045-12-10,615,18,Fone de ouvido,Acessórios,5,265.75,1328.77,IL,Produto com ótimo custo-benefício.
8746,2045-12-11,919,26,Tablet,Eletrônicos,2,1687.97,3375.93,NY,Produto com ótimo custo-benefício.
8747,2045-12-12,859,74,Fone de ouvido,Acessórios,5,1378.88,6894.38,NY,Atendimento excepcional.
8748,2045-12-13,813,19,Fone de ouvido,Acessórios,2,1572.14,3144.29,TX,Atendimento excepcional.
8749,2045-12-14,940,21,Tablet,Eletrônicos,4,923.14,3692.57,IL,Produto cumpre o que promete
8750,2045-12-15,466,46,Laptop,Eletrônicos,2,430.37,860.74,FL,Qualidade inferior ao anunciado
8751,2045-12-16,88,21,Laptop,Eletrônicos,1,686.12,686.12,CA,Produto com ótimo custo-benefício.
8752,2045-12-17,883,77,Smartphone,Eletrônicos,2,1807.86,3615.73,NY,Excelente produto!
8753,2045-12-18,303,18,Fone de ouvido,Acessórios,2,1879.14,3758.27,IL,Excelente produto!
8754,2045-12-19,680,45,Tablet,Eletrônicos,5,989.64,4948.2,TX,Produto cumpre o que promete
8755,2045-12-20,435,35,Smartphone,Eletrônicos,4,632.65,2530.61,TX,Muito satisfeito com a compra.
8756,2045-12-21,682,63,Laptop,Eletrônicos,2,1474.11,2948.21,NY,Muito satisfeito com a compra.
8757,2045-12-22,135,30,Laptop,Eletrônicos,1,1543.69,1543.69,NY,Atendimento excepcional.
8758,2045-12-23,50,57,Tablet,Eletrônicos,5,1640.16,8200.8,FL,Excelente produto!
8759,2045-12-24,432,23,Smartphone,Eletrônicos,4,110.61,442.45,TX,Muito satisfeito com a compra.
8760,2045-12-25,340,66,Smartphone,Eletrônicos,4,68.98,275.92,IL,Entrega dentro do prazo previsto.
8761,2045-12-26,347,72,Tablet,Eletrônicos,3,746.45,2239.36,CA,Péssimo atendimento
8762,2045-12-27,646,60,Tablet,Eletrônicos,1,347.37,347.37,CA,Produto ok.
8763,2045-12-28,347,64,Smartphone,Eletrônicos,5,1619.71,8098.57,FL,Entrega rápida!
8764,2045-12-29,649,56,Laptop,Eletrônicos,5,1089.05,5445.23,IL,Produto com ótimo custo-benefício.
8765,2045-12-30,245,39,Fone de ouvido,Acessórios,1,1659.43,1659.43,CA,Excelente produto!
8766,2045-12-31,109,78,Laptop,Eletrônicos,4,394.98,1579.92,CA,Entrega dentro do prazo previsto.
8767,2046-01-01,825,47,Tablet,Eletrônicos,2,1273.08,2546.17,IL,Produto com ótimo custo-benefício.
8768,2046-01-02,799,44,Smartphone,Eletrônicos,1,1181.34,1181.34,IL,Muito satisfeito com a compra.
8769,2046-01-03,533,25,Smartphone,Eletrônicos,5,713.74,3568.69,NY,Produto ok.
8770,2046-01-04,90,60,Fone de ouvido,Acessórios,1,1058.31,1058.31,CA,Excelente produto!
8771,2046-01-05,296,45,Smartphone,Eletrônicos,4,1198.6,4794.41,CA,Muito satisfeito com a compra.
8772,2046-01-06,112,70,Fone de ouvido,Acessórios,3,1784.5,5353.5,FL,Excelente produto!
8773,2046-01-07,813,19,Laptop,Eletrônicos,3,158.49,475.48,NY,Atendimento excepcional.
8774,2046-01-08,589,37,Laptop,Eletrônicos,2,1655.58,3311.16,NY,Entrega rápida!
8775,2046-01-09,177,28,Smartphone,Eletrônicos,2,1961.3,3922.61,CA,Produto com ótimo custo-benefício.
8776,2046-01-10,343,31,Smartphone,Eletrônicos,4,1476.96,5907.85,TX,Produto com ótimo custo-benefício.
8777,2046-01-11,660,41,Tablet,Eletrônicos,2,1487.83,2975.65,TX,Entrega rápida!
8778,2046-01-12,101,30,Tablet,Eletrônicos,3,475.05,1425.15,IL,Atendimento excepcional.
8779,2046-01-13,758,25,Smartphone,Eletrônicos,4,1069.99,4279.97,NY,Produto com defeito
8780,2046-01-14,629,61,Smartphone,Eletrônicos,4,1426.58,5706.33,CA,Muito satisfeito com a compra.
8781,2046-01-15,604,38,Laptop,Eletrônicos,4,1224.45,4897.79,CA,Muito satisfeito com a compra.
8782,2046-01-16,401,39,Smartphone,Eletrônicos,1,801.01,801.01,CA,Produto ok.
8783,2046-01-17,28,26,Tablet,Eletrônicos,2,1883.23,3766.46,FL,Produto com ótimo custo-benefício.
8784,2046-01-18,937,75,Laptop,Eletrônicos,5,1052.27,5261.37,TX,Entrega rápida!
8785,2046-01-19,962,75,Fone de ouvido,Acessórios,3,1941.26,5823.77,FL,Entrega rápida!
8786,2046-01-20,537,59,Tablet,Eletrônicos,2,1149.56,2299.12,CA,Arrependido da compra
8787,2046-01-21,58,60,Tablet,Eletrônicos,3,1597.1,4791.29,CA,Entrega atrasada
8788,2046-01-22,498,28,Laptop,Eletrônicos,2,1496.95,2993.89,NY,Atendimento sem problema
8789,2046-01-23,297,33,Fone de ouvido,Acessórios,5,1338.61,6693.03,NY,Produto cumpre o que promete
8790,2046-01-24,134,67,Tablet,Eletrônicos,3,78.2,234.6,TX,Excelente produto!
8791,2046-01-25,331,70,Smartphone,Eletrônicos,5,200.99,1004.93,IL,Arrependido da compra
8792,2046-01-26,249,26,Tablet,Eletrônicos,3,1183.89,3551.68,CA,Atendimento excepcional.
8793,2046-01-27,550,20,Laptop,Eletrônicos,1,1827.97,1827.97,NY,Produto com ótimo custo-benefício.
8794,2046-01-28,902,71,Laptop,Eletrônicos,1,1222.23,1222.23,TX,Atendimento excepcional.
8795,2046-01-29,941,53,Laptop,Eletrônicos,3,510.19,1530.58,FL,Atendimento excepcional.
8796,2046-01-30,75,69,Tablet,Eletrônicos,3,674.43,2023.28,CA,Atendimento excepcional.
8797,2046-01-31,654,68,Fone de ouvido,Acessórios,5,1265.16,6325.81,IL,Excelente produto!
8798,2046-02-01,834,59,Smartphone,Eletrônicos,4,1214.26,4857.02,TX,Atendimento sem problema
8799,2046-02-02,168,30,Laptop,Eletrônicos,3,1913.62,5740.86,IL,Produto com ótimo custo-benefício.
8800,2046-02-03,771,18,Fone de ouvido,Acessórios,2,1081.71,2163.43,CA,Atendimento sem problema
8801,2046-02-04,503,61,Smartphone,Eletrônicos,2,742.28,1484.56,TX,Atendimento excepcional.
8802,2046-02-05,885,28,Laptop,Eletrônicos,2,1073.74,2147.47,NY,Entrega dentro do prazo previsto.
8803,2046-02-06,355,41,Smartphone,Eletrônicos,1,1583.16,1583.16,IL,Entrega rápida!
8804,2046-02-07,225,22,Smartphone,Eletrônicos,5,1103.71,5518.55,FL,Atendimento sem problema
8805,2046-02-08,664,19,Fone de ouvido,Acessórios,1,685.8,685.8,FL,Entrega rápida!
8806,2046-02-09,531,34,Smartphone,Eletrônicos,2,710.31,1420.62,IL,Entrega rápida!
8807,2046-02-10,146,34,Laptop,Eletrônicos,3,1525.78,4577.35,CA,Entrega dentro do prazo previsto.
8808,2046-02-11,960,37,Fone de ouvido,Acessórios,2,179.57,359.15,CA,Produto cumpre o que promete
8809,2046-02-12,241,32,Tablet,Eletrônicos,3,585.77,1757.32,CA,Produto com ótimo custo-benefício.
8810,2046-02-13,884,21,Tablet,Eletrônicos,5,348.42,1742.12,FL,Produto com ótimo custo-benefício.
8811,2046-02-14,893,71,Fone de ouvido,Acessórios,4,1892.12,7568.47,FL,Muito satisfeito com a compra.
8812,2046-02-15,344,28,Tablet,Eletrônicos,3,225.68,677.05,NY,Muito satisfeito com a compra.
8813,2046-02-16,749,40,Smartphone,Eletrônicos,1,1528.46,1528.46,CA,Entrega atrasada
8814,2046-02-17,35,18,Laptop,Eletrônicos,2,1279.33,2558.66,FL,Produto com ótimo custo-benefício.
8815,2046-02-18,702,59,Smartphone,Eletrônicos,2,1283.97,2567.94,FL,Entrega dentro do prazo previsto.
8816,2046-02-19,1,67,Fone de ouvido,Acessórios,2,1538.69,3077.39,CA,Produto cumpre o que promete
8817,2046-02-20,996,64,Laptop,Eletrônicos,3,830.95,2492.85,CA,Produto com ótimo custo-benefício.
8818,2046-02-21,153,68,Fone de ouvido,Acessórios,5,831.45,4157.25,FL,Atendimento excepcional.
8819,2046-02-22,429,74,Fone de ouvido,Acessórios,3,612.98,1838.93,IL,Atendimento excepcional.
8820,2046-02-23,945,21,Fone de ouvido,Acessórios,1,1215.61,1215.61,FL,Atendimento sem problema
8821,2046-02-24,508,55,Smartphone,Eletrônicos,2,1863.12,3726.24,NY,Entrega rápida!
8822,2046-02-25,126,19,Laptop,Eletrônicos,3,1851.77,5555.3,TX,Muito satisfeito com a compra.
8823,2046-02-26,491,62,Laptop,Eletrônicos,2,1420.77,2841.55,CA,Entrega rápida!
8824,2046-02-27,482,44,Laptop,Eletrônicos,1,1817.06,1817.06,NY,Muito satisfeito com a compra.
8825,2046-02-28,345,51,Smartphone,Eletrônicos,4,1928.86,7715.45,IL,Excelente produto!
8826,2046-03-01,912,30,Tablet,Eletrônicos,4,1600.45,6401.82,TX,Muito satisfeito com a compra.
8827,2046-03-02,738,64,Smartphone,Eletrônicos,4,845.27,3381.1,FL,Produto com ótimo custo-benefício.
8828,2046-03-03,221,78,Smartphone,Eletrônicos,2,992.29,1984.58,CA,Sem reclamações.
8829,2046-03-04,915,35,Fone de ouvido,Acessórios,3,1865.95,5597.85,FL,Excelente produto!
8830,2046-03-05,919,28,Laptop,Eletrônicos,2,1356.52,2713.03,NY,Sem reclamações.
8831,2046-03-06,723,22,Laptop,Eletrônicos,5,1650.35,8251.77,CA,Entrega rápida!
8832,2046-03-07,25,46,Tablet,Eletrônicos,3,276.42,829.27,FL,Sem reclamações.
8833,2046-03-08,528,42,Tablet,Eletrônicos,1,428.11,428.11,CA,Produto com ótimo custo-benefício.
8834,2046-03-09,182,31,Fone de ouvido,Acessórios,4,721.01,2884.05,NY,Produto com ótimo custo-benefício.
8835,2046-03-10,499,71,Laptop,Eletrônicos,3,417.07,1251.21,FL,Produto cumpre o que promete
8836,2046-03-11,841,65,Tablet,Eletrônicos,3,1817.61,5452.82,TX,Entrega dentro do prazo previsto.
8837,2046-03-12,641,63,Tablet,Eletrônicos,4,472.94,1891.75,IL,Entrega rápida!
8838,2046-03-13,42,58,Laptop,Eletrônicos,1,1136.51,1136.51,FL,Muito satisfeito com a compra.
8839,2046-03-14,915,55,Smartphone,Eletrônicos,2,216.64,433.27,CA,Sem reclamações.
8840,2046-03-15,481,58,Tablet,Eletrônicos,2,352.18,704.35,FL,Produto com ótimo custo-benefício.
8841,2046-03-16,930,78,Laptop,Eletrônicos,3,532.46,1597.38,CA,Produto cumpre o que promete
8842,2046-03-17,848,54,Tablet,Eletrônicos,4,1966.64,7866.57,NY,Produto com defeito
8843,2046-03-18,748,28,Fone de ouvido,Acessórios,5,1604.27,8021.37,IL,Muito satisfeito com a compra.
8844,2046-03-19,872,61,Tablet,Eletrônicos,1,1363.43,1363.43,CA,Entrega dentro do prazo previsto.
8845,2046-03-20,439,49,Laptop,Eletrônicos,2,1836.71,3673.42,FL,Muito satisfeito com a compra.
8846,2046-03-21,402,66,Tablet,Eletrônicos,1,1914.61,1914.61,NY,Produto cumpre o que promete
8847,2046-03-22,546,23,Fone de ouvido,Acessórios,1,934.47,934.47,TX,Entrega rápida!
8848,2046-03-23,345,69,Fone de ouvido,Acessórios,1,688.99,688.99,FL,Atendimento excepcional.
8849,2046-03-24,893,74,Tablet,Eletrônicos,4,664.86,2659.46,IL,Entrega dentro do prazo previsto.
8850,2046-03-25,45,23,Tablet,Eletrônicos,4,119.67,478.69,NY,Muito satisfeito com a compra.
8851,2046-03-26,646,64,Fone de ouvido,Acessórios,4,595.29,2381.18,FL,Péssimo atendimento
8852,2046-03-27,21,66,Fone de ouvido,Acessórios,3,742.34,2227.02,CA,Produto com ótimo custo-benefício.
8853,2046-03-28,634,39,Smartphone,Eletrônicos,4,121.95,487.81,CA,Entrega rápida!
8854,2046-03-29,70,20,Smartphone,Eletrônicos,3,1771.08,5313.24,CA,Atendimento excepcional.
8855,2046-03-30,864,36,Fone de ouvido,Acessórios,2,1703.32,3406.64,FL,Produto cumpre o que promete
8856,2046-03-31,873,72,Tablet,Eletrônicos,2,540.43,1080.85,IL,Excelente produto!
8857,2046-04-01,48,51,Laptop,Eletrônicos,2,1614.99,3229.98,CA,Produto ok.
8858,2046-04-02,491,58,Tablet,Eletrônicos,2,1602.61,3205.23,FL,Muito satisfeito com a compra.
8859,2046-04-03,551,58,Tablet,Eletrônicos,2,703.27,1406.55,FL,Produto com ótimo custo-benefício.
8860,2046-04-04,287,24,Smartphone,Eletrônicos,4,1409.28,5637.13,IL,Atendimento sem problema
8861,2046-04-05,10,74,Smartphone,Eletrônicos,5,615.22,3076.11,NY,Atendimento excepcional.
8862,2046-04-06,542,33,Smartphone,Eletrônicos,4,187.04,748.15,NY,Atendimento excepcional.
8863,2046-04-07,756,76,Fone de ouvido,Acessórios,5,1034.36,5171.78,FL,Péssimo atendimento
8864,2046-04-08,274,55,Fone de ouvido,Acessórios,4,904.74,3618.95,NY,Entrega rápida!
8865,2046-04-09,956,26,Tablet,Eletrônicos,2,319.4,638.8,TX,Sem reclamações.
8866,2046-04-10,600,75,Tablet,Eletrônicos,1,1006.58,1006.58,IL,Sem reclamações.
8867,2046-04-11,756,30,Laptop,Eletrônicos,5,1901.28,9506.41,FL,Excelente produto!
8868,2046-04-12,381,51,Tablet,Eletrônicos,1,1476.22,1476.22,NY,Produto cumpre o que promete
8869,2046-04-13,329,63,Tablet,Eletrônicos,2,1490.8,2981.6,NY,Produto cumpre o que promete
8870,2046-04-14,479,54,Smartphone,Eletrônicos,5,1527.22,7636.12,IL,Entrega dentro do prazo previsto.
8871,2046-04-15,15,60,Smartphone,Eletrônicos,1,1502.04,1502.04,CA,Atendimento excepcional.
8872,2046-04-16,516,64,Smartphone,Eletrônicos,4,88.81,355.23,NY,Péssimo atendimento
8873,2046-04-17,191,23,Smartphone,Eletrônicos,2,1853.15,3706.29,IL,Sem reclamações.
8874,2046-04-18,168,77,Smartphone,Eletrônicos,4,1668.77,6675.07,CA,Atendimento excepcional.
8875,2046-04-19,521,55,Laptop,Eletrônicos,4,585.43,2341.72,FL,Entrega rápida!
8876,2046-04-20,621,65,Laptop,Eletrônicos,2,1127.85,2255.7,CA,Entrega rápida!
8877,2046-04-21,137,76,Laptop,Eletrônicos,5,1249.26,6246.31,NY,Atendimento sem problema
8878,2046-04-22,154,69,Smartphone,Eletrônicos,3,307.29,921.88,FL,Arrependido da compra
8879,2046-04-23,388,78,Fone de ouvido,Acessórios,3,545.23,1635.69,FL,Excelente produto!
8880,2046-04-24,209,21,Smartphone,Eletrônicos,2,95.34,190.68,CA,Entrega atrasada
8881,2046-04-25,272,22,Smartphone,Eletrônicos,3,1734.71,5204.12,FL,Entrega rápida!
8882,2046-04-26,143,23,Laptop,Eletrônicos,1,98.56,98.56,CA,Muito satisfeito com a compra.
8883,2046-04-27,611,77,Smartphone,Eletrônicos,5,671.46,3357.28,CA,Produto com ótimo custo-benefício.
8884,2046-04-28,889,30,Laptop,Eletrônicos,4,202.58,810.32,CA,Excelente produto!
8885,2046-04-29,820,63,Smartphone,Eletrônicos,4,1573.74,6294.97,IL,Muito satisfeito com a compra.
8886,2046-04-30,69,41,Tablet,Eletrônicos,2,1853.72,3707.43,NY,Sem reclamações.
8887,2046-05-01,247,45,Fone de ouvido,Acessórios,4,1147.49,4589.96,FL,Produto com ótimo custo-benefício.
8888,2046-05-02,261,30,Fone de ouvido,Acessórios,1,322.16,322.16,TX,Muito satisfeito com a compra.
8889,2046-05-03,788,59,Laptop,Eletrônicos,1,1138.41,1138.41,NY,Atendimento sem problema
8890,2046-05-04,79,66,Tablet,Eletrônicos,2,1552.17,3104.33,TX,Entrega dentro do prazo previsto.
8891,2046-05-05,658,73,Fone de ouvido,Acessórios,4,1450.91,5803.65,CA,Entrega atrasada
8892,2046-05-06,623,35,Laptop,Eletrônicos,3,1496.35,4489.06,FL,Produto com ótimo custo-benefício.
8893,2046-05-07,770,76,Smartphone,Eletrônicos,3,594.39,1783.17,NY,Péssimo atendimento
8894,2046-05-08,605,24,Smartphone,Eletrônicos,5,193.79,968.94,TX,Atendimento excepcional.
8895,2046-05-09,525,21,Tablet,Eletrônicos,2,340.48,680.96,TX,Excelente produto!
8896,2046-05-10,772,48,Fone de ouvido,Acessórios,5,1913.24,9566.19,TX,Péssimo atendimento
8897,2046-05-11,938,41,Smartphone,Eletrônicos,3,1246.35,3739.06,NY,Excelente produto!
8898,2046-05-12,621,39,Laptop,Eletrônicos,3,1469.4,4408.21,IL,Atendimento sem problema
8899,2046-05-13,330,38,Smartphone,Eletrônicos,3,1803.18,5409.53,CA,Atendimento sem problema
8900,2046-05-14,189,65,Smartphone,Eletrônicos,5,1712.87,8564.36,FL,Produto com ótimo custo-benefício.
8901,2046-05-15,95,59,Fone de ouvido,Acessórios,2,475.88,951.77,TX,Produto ok.
8902,2046-05-16,617,43,Fone de ouvido,Acessórios,1,163.22,163.22,NY,Muito satisfeito com a compra.
8903,2046-05-17,8,47,Laptop,Eletrônicos,1,1854.0,1854.0,TX,Excelente produto!
8904,2046-05-18,67,70,Tablet,Eletrônicos,3,1964.25,5892.76,NY,Sem reclamações.
8905,2046-05-19,496,69,Tablet,Eletrônicos,2,1156.32,2312.64,IL,Entrega atrasada
8906,2046-05-20,191,79,Smartphone,Eletrônicos,2,1782.38,3564.77,TX,Entrega rápida!
8907,2046-05-21,366,68,Laptop,Eletrônicos,4,502.04,2008.17,TX,Qualidade inferior ao anunciado
8908,2046-05-22,768,52,Tablet,Eletrônicos,4,266.53,1066.1,FL,Muito satisfeito com a compra.
8909,2046-05-23,521,79,Tablet,Eletrônicos,5,1024.64,5123.22,NY,Atendimento excepcional.
8910,2046-05-24,990,68,Smartphone,Eletrônicos,4,1631.81,6527.23,NY,Sem reclamações.
8911,2046-05-25,117,40,Laptop,Eletrônicos,5,1326.57,6632.87,IL,Muito satisfeito com a compra.
8912,2046-05-26,267,73,Tablet,Eletrônicos,1,1292.77,1292.77,TX,Arrependido da compra
8913,2046-05-27,611,62,Fone de ouvido,Acessórios,3,84.04,252.13,FL,Produto ok.
8914,2046-05-28,485,57,Fone de ouvido,Acessórios,2,669.11,1338.22,CA,Sem reclamações.
8915,2046-05-29,509,67,Smartphone,Eletrônicos,1,1882.02,1882.02,FL,Atendimento sem problema
8916,2046-05-30,298,47,Smartphone,Eletrônicos,1,311.83,311.83,FL,Sem reclamações.
8917,2046-05-31,909,36,Smartphone,Eletrônicos,5,1466.41,7332.07,FL,Produto cumpre o que promete
8918,2046-06-01,164,49,Smartphone,Eletrônicos,3,1530.66,4591.97,FL,Muito satisfeito com a compra.
8919,2046-06-02,376,67,Tablet,Eletrônicos,5,1479.02,7395.12,TX,Qualidade inferior ao anunciado
8920,2046-06-03,653,71,Laptop,Eletrônicos,1,1979.11,1979.11,FL,Produto com ótimo custo-benefício.
8921,2046-06-04,268,76,Smartphone,Eletrônicos,2,847.96,1695.91,NY,Muito satisfeito com a compra.
8922,2046-06-05,549,36,Smartphone,Eletrônicos,4,1380.28,5521.11,NY,Produto com ótimo custo-benefício.
8923,2046-06-06,74,39,Tablet,Eletrônicos,5,427.63,2138.14,FL,Produto com defeito
8924,2046-06-07,508,21,Smartphone,Eletrônicos,1,829.43,829.43,NY,Produto com ótimo custo-benefício.
8925,2046-06-08,73,62,Smartphone,Eletrônicos,4,1008.54,4034.17,TX,Excelente produto!
8926,2046-06-09,308,29,Laptop,Eletrônicos,4,468.91,1875.65,CA,Muito satisfeito com a compra.
8927,2046-06-10,199,32,Fone de ouvido,Acessórios,1,1818.28,1818.28,FL,Excelente produto!
8928,2046-06-11,130,75,Smartphone,Eletrônicos,3,1446.59,4339.76,NY,Entrega rápida!
8929,2046-06-12,758,32,Tablet,Eletrônicos,1,603.33,603.33,NY,Entrega dentro do prazo previsto.
8930,2046-06-13,824,27,Laptop,Eletrônicos,2,313.17,626.33,TX,Produto com ótimo custo-benefício.
8931,2046-06-14,572,71,Tablet,Eletrônicos,4,611.34,2445.37,TX,Produto cumpre o que promete
8932,2046-06-15,791,78,Laptop,Eletrônicos,2,1264.82,2529.64,CA,Muito satisfeito com a compra.
8933,2046-06-16,615,36,Laptop,Eletrônicos,5,1661.5,8307.48,IL,Entrega rápida!
8934,2046-06-17,808,70,Smartphone,Eletrônicos,4,1031.18,4124.71,IL,Produto cumpre o que promete
8935,2046-06-18,832,25,Smartphone,Eletrônicos,3,249.86,749.59,IL,Produto com ótimo custo-benefício.
8936,2046-06-19,487,68,Smartphone,Eletrônicos,1,536.16,536.16,CA,Excelente produto!
8937,2046-06-20,853,74,Fone de ouvido,Acessórios,5,723.03,3615.15,FL,Qualidade inferior ao anunciado
8938,2046-06-21,151,48,Fone de ouvido,Acessórios,2,1290.47,2580.93,IL,Excelente produto!
8939,2046-06-22,669,26,Tablet,Eletrônicos,5,530.95,2654.77,IL,Muito satisfeito com a compra.
8940,2046-06-23,206,46,Smartphone,Eletrônicos,3,506.16,1518.48,NY,Entrega rápida!
8941,2046-06-24,986,24,Fone de ouvido,Acessórios,1,608.09,608.09,NY,Atendimento excepcional.
8942,2046-06-25,179,25,Smartphone,Eletrônicos,5,1205.43,6027.16,FL,Produto com ótimo custo-benefício.
8943,2046-06-26,197,58,Fone de ouvido,Acessórios,2,1010.63,2021.26,TX,Sem reclamações.
8944,2046-06-27,735,34,Fone de ouvido,Acessórios,5,1691.19,8455.95,CA,Entrega rápida!
8945,2046-06-28,89,32,Laptop,Eletrônicos,1,1410.97,1410.97,IL,Produto com ótimo custo-benefício.
8946,2046-06-29,799,33,Smartphone,Eletrônicos,5,1350.3,6751.51,CA,Sem reclamações.
8947,2046-06-30,434,24,Smartphone,Eletrônicos,2,351.57,703.14,NY,Entrega rápida!
8948,2046-07-01,788,59,Fone de ouvido,Acessórios,1,157.69,157.69,CA,Produto com ótimo custo-benefício.
8949,2046-07-02,748,36,Smartphone,Eletrônicos,3,1044.5,3133.49,NY,Excelente produto!
8950,2046-07-03,183,55,Fone de ouvido,Acessórios,3,189.7,569.1,CA,Atendimento excepcional.
8951,2046-07-04,209,42,Smartphone,Eletrônicos,4,759.83,3039.34,NY,Atendimento excepcional.
8952,2046-07-05,493,29,Laptop,Eletrônicos,5,100.92,504.6,CA,Excelente produto!
8953,2046-07-06,130,49,Smartphone,Eletrônicos,2,394.78,789.56,IL,Péssimo atendimento
8954,2046-07-07,665,64,Laptop,Eletrônicos,5,265.22,1326.09,IL,Atendimento excepcional.
8955,2046-07-08,13,27,Tablet,Eletrônicos,1,1611.92,1611.92,FL,Sem reclamações.
8956,2046-07-09,634,76,Smartphone,Eletrônicos,4,724.95,2899.78,CA,Entrega rápida!
8957,2046-07-10,871,41,Smartphone,Eletrônicos,2,203.75,407.5,TX,Excelente produto!
8958,2046-07-11,732,67,Smartphone,Eletrônicos,5,567.69,2838.43,FL,Entrega rápida!
8959,2046-07-12,106,21,Laptop,Eletrônicos,2,1381.48,2762.95,CA,Atendimento excepcional.
8960,2046-07-13,375,79,Smartphone,Eletrônicos,1,1503.99,1503.99,TX,Entrega rápida!
8961,2046-07-14,582,60,Smartphone,Eletrônicos,4,283.74,1134.95,IL,Arrependido da compra
8962,2046-07-15,707,54,Fone de ouvido,Acessórios,2,1568.2,3136.41,IL,Produto com defeito
8963,2046-07-16,698,62,Tablet,Eletrônicos,1,772.59,772.59,IL,Excelente produto!
8964,2046-07-17,99,59,Laptop,Eletrônicos,3,1374.8,4124.39,TX,Excelente produto!
8965,2046-07-18,594,71,Fone de ouvido,Acessórios,2,1359.44,2718.88,NY,Muito satisfeito com a compra.
8966,2046-07-19,587,78,Laptop,Eletrônicos,4,1597.51,6390.02,CA,Entrega dentro do prazo previsto.
8967,2046-07-20,886,56,Fone de ouvido,Acessórios,2,1409.51,2819.01,FL,Entrega rápida!
8968,2046-07-21,852,60,Tablet,Eletrônicos,2,125.79,251.59,FL,Muito satisfeito com a compra.
8969,2046-07-22,192,21,Fone de ouvido,Acessórios,1,1062.99,1062.99,IL,Excelente produto!
8970,2046-07-23,325,53,Laptop,Eletrônicos,5,374.05,1870.27,NY,Muito satisfeito com a compra.
8971,2046-07-24,979,54,Smartphone,Eletrônicos,5,1941.43,9707.15,CA,Muito satisfeito com a compra.
8972,2046-07-25,726,42,Smartphone,Eletrônicos,2,548.88,1097.75,CA,Péssimo atendimento
8973,2046-07-26,827,58,Tablet,Eletrônicos,4,869.21,3476.84,FL,Excelente produto!
8974,2046-07-27,956,47,Laptop,Eletrônicos,4,433.57,1734.28,FL,Produto com ótimo custo-benefício.
8975,2046-07-28,467,18,Laptop,Eletrônicos,1,312.45,312.45,FL,Péssimo atendimento
8976,2046-07-29,894,46,Laptop,Eletrônicos,2,1221.81,2443.63,CA,Excelente produto!
8977,2046-07-30,367,33,Tablet,Eletrônicos,2,1011.7,2023.4,FL,Produto ok.
8978,2046-07-31,318,54,Smartphone,Eletrônicos,5,780.59,3902.93,CA,Excelente produto!
8979,2046-08-01,144,54,Fone de ouvido,Acessórios,1,216.57,216.57,IL,Entrega rápida!
8980,2046-08-02,384,24,Tablet,Eletrônicos,3,1485.12,4455.36,NY,Excelente produto!
8981,2046-08-03,216,57,Fone de ouvido,Acessórios,4,61.42,245.68,FL,Excelente produto!
8982,2046-08-04,361,68,Smartphone,Eletrônicos,4,942.44,3769.76,CA,Produto com ótimo custo-benefício.
8983,2046-08-05,324,50,Tablet,Eletrônicos,2,1283.52,2567.03,IL,Excelente produto!
8984,2046-08-06,15,67,Smartphone,Eletrônicos,1,889.89,889.89,TX,Muito satisfeito com a compra.
8985,2046-08-07,217,39,Fone de ouvido,Acessórios,3,296.11,888.32,IL,Produto ok.
8986,2046-08-08,492,60,Laptop,Eletrônicos,4,1567.59,6270.35,NY,Excelente produto!
8987,2046-08-09,951,79,Laptop,Eletrônicos,1,681.69,681.69,IL,Produto ok.
8988,2046-08-10,547,71,Fone de ouvido,Acessórios,3,312.77,938.32,FL,Entrega rápida!
8989,2046-08-11,183,44,Laptop,Eletrônicos,2,1123.02,2246.04,FL,Produto cumpre o que promete
8990,2046-08-12,270,46,Fone de ouvido,Acessórios,5,87.38,436.92,TX,Entrega rápida!
8991,2046-08-13,945,33,Tablet,Eletrônicos,4,681.92,2727.7,CA,Produto com ótimo custo-benefício.
8992,2046-08-14,467,38,Tablet,Eletrônicos,4,1513.75,6055.01,IL,Produto com ótimo custo-benefício.
8993,2046-08-15,870,28,Tablet,Eletrônicos,3,1829.79,5489.36,TX,Sem reclamações.
8994,2046-08-16,612,38,Laptop,Eletrônicos,5,1203.87,6019.34,FL,Qualidade inferior ao anunciado
8995,2046-08-17,519,26,Smartphone,Eletrônicos,1,474.34,474.34,CA,Produto com ótimo custo-benefício.
8996,2046-08-18,542,44,Laptop,Eletrônicos,2,479.0,958.0,CA,Produto cumpre o que promete
8997,2046-08-19,467,56,Laptop,Eletrônicos,1,1227.55,1227.55,NY,Atendimento excepcional.
8998,2046-08-20,305,39,Smartphone,Eletrônicos,3,843.19,2529.56,FL,Produto com ótimo custo-benefício.
8999,2046-08-21,985,32,Smartphone,Eletrônicos,4,395.67,1582.66,CA,Produto ok.
9000,2046-08-22,144,60,Smartphone,Eletrônicos,4,1585.42,6341.7,NY,Entrega rápida!
9001,2046-08-23,111,40,Smartphone,Eletrônicos,1,440.47,440.47,NY,Entrega rápida!
9002,2046-08-24,232,68,Laptop,Eletrônicos,2,677.2,1354.4,FL,Produto ok.
9003,2046-08-25,691,46,Fone de ouvido,Acessórios,3,169.79,509.36,CA,Produto cumpre o que promete
9004,2046-08-26,584,56,Tablet,Eletrônicos,2,1417.68,2835.35,CA,Entrega rápida!
9005,2046-08-27,722,33,Fone de ouvido,Acessórios,3,586.79,1760.38,IL,Entrega rápida!
9006,2046-08-28,732,20,Laptop,Eletrônicos,2,504.09,1008.18,CA,Muito satisfeito com a compra.
9007,2046-08-29,592,33,Smartphone,Eletrônicos,1,641.55,641.55,NY,Atendimento excepcional.
9008,2046-08-30,500,25,Tablet,Eletrônicos,5,1754.55,8772.77,TX,Produto com ótimo custo-benefício.
9009,2046-08-31,595,43,Tablet,Eletrônicos,3,1060.14,3180.41,FL,Arrependido da compra
9010,2046-09-01,554,59,Fone de ouvido,Acessórios,1,357.88,357.88,TX,Excelente produto!
9011,2046-09-02,273,26,Laptop,Eletrônicos,4,1560.24,6240.95,CA,Entrega rápida!
9012,2046-09-03,703,52,Laptop,Eletrônicos,4,456.48,1825.94,NY,Arrependido da compra
9013,2046-09-04,173,24,Laptop,Eletrônicos,2,854.33,1708.66,TX,Produto ok.
9014,2046-09-05,973,25,Tablet,Eletrônicos,4,1157.75,4630.99,FL,Muito satisfeito com a compra.
9015,2046-09-06,7,52,Fone de ouvido,Acessórios,5,1189.66,5948.32,IL,Atendimento excepcional.
9016,2046-09-07,155,65,Tablet,Eletrônicos,3,184.61,553.84,TX,Entrega atrasada
9017,2046-09-08,522,71,Tablet,Eletrônicos,2,1681.77,3363.54,IL,Entrega rápida!
9018,2046-09-09,546,78,Smartphone,Eletrônicos,3,984.89,2954.67,CA,Excelente produto!
9019,2046-09-10,548,63,Fone de ouvido,Acessórios,3,1979.06,5937.18,CA,Entrega rápida!
9020,2046-09-11,921,56,Smartphone,Eletrônicos,1,1449.01,1449.01,FL,Atendimento excepcional.
9021,2046-09-12,518,53,Laptop,Eletrônicos,4,1985.51,7942.04,IL,Produto com ótimo custo-benefício.
9022,2046-09-13,920,23,Tablet,Eletrônicos,3,934.28,2802.83,IL,Produto ok.
9023,2046-09-14,914,24,Fone de ouvido,Acessórios,5,324.52,1622.62,FL,Produto cumpre o que promete
9024,2046-09-15,215,29,Laptop,Eletrônicos,5,1468.25,7341.27,TX,Entrega rápida!
9025,2046-09-16,134,56,Fone de ouvido,Acessórios,4,1566.63,6266.53,FL,Atendimento sem problema
9026,2046-09-17,285,76,Tablet,Eletrônicos,4,1713.03,6852.12,CA,Atendimento excepcional.
9027,2046-09-18,126,18,Fone de ouvido,Acessórios,2,637.83,1275.65,IL,Atendimento sem problema
9028,2046-09-19,921,67,Laptop,Eletrônicos,2,1045.83,2091.67,NY,Atendimento sem problema
9029,2046-09-20,439,60,Smartphone,Eletrônicos,2,1722.14,3444.27,NY,Produto ok.
9030,2046-09-21,849,60,Tablet,Eletrônicos,4,1736.24,6944.94,CA,Entrega rápida!
9031,2046-09-22,686,66,Smartphone,Eletrônicos,3,100.08,300.25,IL,Sem reclamações.
9032,2046-09-23,152,42,Tablet,Eletrônicos,1,1358.29,1358.29,IL,Muito satisfeito com a compra.
9033,2046-09-24,331,29,Laptop,Eletrônicos,2,1223.29,2446.58,FL,Muito satisfeito com a compra.
9034,2046-09-25,538,72,Tablet,Eletrônicos,1,212.51,212.51,TX,Atendimento excepcional.
9035,2046-09-26,383,44,Smartphone,Eletrônicos,5,1863.77,9318.83,FL,Muito satisfeito com a compra.
9036,2046-09-27,115,40,Tablet,Eletrônicos,4,918.48,3673.9,NY,Entrega rápida!
9037,2046-09-28,894,36,Laptop,Eletrônicos,5,1364.8,6824.01,IL,Muito satisfeito com a compra.
9038,2046-09-29,482,38,Tablet,Eletrônicos,2,1771.46,3542.91,TX,Produto com ótimo custo-benefício.
9039,2046-09-30,284,67,Smartphone,Eletrônicos,3,303.74,911.21,FL,Atendimento sem problema
9040,2046-10-01,899,38,Laptop,Eletrônicos,2,1718.89,3437.79,TX,Produto com ótimo custo-benefício.
9041,2046-10-02,75,41,Smartphone,Eletrônicos,1,1462.4,1462.4,NY,Muito satisfeito com a compra.
9042,2046-10-03,166,30,Tablet,Eletrônicos,2,1687.21,3374.41,TX,Entrega rápida!
9043,2046-10-04,189,59,Fone de ouvido,Acessórios,3,1014.93,3044.79,IL,Entrega rápida!
9044,2046-10-05,78,68,Smartphone,Eletrônicos,3,115.3,345.89,TX,Muito satisfeito com a compra.
9045,2046-10-06,947,53,Tablet,Eletrônicos,4,1357.51,5430.02,TX,Entrega dentro do prazo previsto.
9046,2046-10-07,602,73,Fone de ouvido,Acessórios,4,780.34,3121.35,FL,Sem reclamações.
9047,2046-10-08,688,32,Fone de ouvido,Acessórios,3,834.71,2504.13,TX,Entrega rápida!
9048,2046-10-09,21,67,Laptop,Eletrônicos,3,910.46,2731.38,TX,Excelente produto!
9049,2046-10-10,566,18,Fone de ouvido,Acessórios,1,1011.17,1011.17,NY,Excelente produto!
9050,2046-10-11,184,68,Smartphone,Eletrônicos,2,1340.77,2681.54,TX,Entrega rápida!
9051,2046-10-12,871,51,Smartphone,Eletrônicos,4,1467.21,5868.85,FL,Arrependido da compra
9052,2046-10-13,222,59,Fone de ouvido,Acessórios,1,1564.84,1564.84,FL,Excelente produto!
9053,2046-10-14,827,79,Tablet,Eletrônicos,2,1359.63,2719.26,IL,Produto cumpre o que promete
9054,2046-10-15,328,48,Smartphone,Eletrônicos,4,1616.78,6467.14,NY,Qualidade inferior ao anunciado
9055,2046-10-16,179,67,Smartphone,Eletrônicos,1,288.19,288.19,CA,Atendimento excepcional.
9056,2046-10-17,788,49,Laptop,Eletrônicos,5,1681.79,8408.97,IL,Entrega rápida!
9057,2046-10-18,112,53,Tablet,Eletrônicos,5,805.19,4025.97,TX,Entrega rápida!
9058,2046-10-19,736,78,Fone de ouvido,Acessórios,4,1081.11,4324.46,NY,Produto com ótimo custo-benefício.
9059,2046-10-20,726,46,Tablet,Eletrônicos,1,895.87,895.87,IL,Excelente produto!
9060,2046-10-21,59,71,Laptop,Eletrônicos,2,977.65,1955.3,FL,Produto com defeito
9061,2046-10-22,327,27,Laptop,Eletrônicos,2,606.58,1213.17,NY,Péssimo atendimento
9062,2046-10-23,905,75,Tablet,Eletrônicos,1,381.4,381.4,NY,Produto ok.
9063,2046-10-24,621,38,Laptop,Eletrônicos,5,254.54,1272.72,TX,Entrega dentro do prazo previsto.
9064,2046-10-25,897,53,Laptop,Eletrônicos,1,930.23,930.23,NY,Produto com ótimo custo-benefício.
9065,2046-10-26,669,41,Laptop,Eletrônicos,5,294.26,1471.29,NY,Muito satisfeito com a compra.
9066,2046-10-27,191,44,Tablet,Eletrônicos,5,527.73,2638.64,CA,Atendimento excepcional.
9067,2046-10-28,200,38,Laptop,Eletrônicos,2,310.55,621.1,TX,Atendimento excepcional.
9068,2046-10-29,312,35,Fone de ouvido,Acessórios,4,262.79,1051.15,NY,Muito satisfeito com a compra.
9069,2046-10-30,708,69,Fone de ouvido,Acessórios,3,1770.8,5312.4,NY,Entrega dentro do prazo previsto.
9070,2046-10-31,35,72,Smartphone,Eletrônicos,1,1364.35,1364.35,CA,Atendimento excepcional.
9071,2046-11-01,379,21,Fone de ouvido,Acessórios,5,1851.33,9256.65,CA,Excelente produto!
9072,2046-11-02,387,64,Smartphone,Eletrônicos,1,1305.82,1305.82,FL,Produto ok.
9073,2046-11-03,758,71,Tablet,Eletrônicos,4,1695.7,6782.82,TX,Produto ok.
9074,2046-11-04,237,35,Laptop,Eletrônicos,4,1132.83,4531.33,CA,Produto com ótimo custo-benefício.
9075,2046-11-05,616,26,Fone de ouvido,Acessórios,3,952.13,2856.39,NY,Muito satisfeito com a compra.
9076,2046-11-06,519,69,Smartphone,Eletrônicos,3,1080.53,3241.59,CA,Entrega dentro do prazo previsto.
9077,2046-11-07,283,78,Tablet,Eletrônicos,5,674.44,3372.2,IL,Excelente produto!
9078,2046-11-08,1,66,Smartphone,Eletrônicos,3,1333.05,3999.14,FL,Produto ok.
9079,2046-11-09,731,47,Laptop,Eletrônicos,5,1799.49,8997.46,FL,Produto com ótimo custo-benefício.
9080,2046-11-10,464,52,Fone de ouvido,Acessórios,2,1575.59,3151.18,TX,Produto ok.
9081,2046-11-11,230,62,Tablet,Eletrônicos,5,950.9,4754.5,FL,Atendimento sem problema
9082,2046-11-12,967,47,Smartphone,Eletrônicos,3,1910.14,5730.43,TX,Sem reclamações.
9083,2046-11-13,172,56,Tablet,Eletrônicos,1,1971.58,1971.58,IL,Atendimento excepcional.
9084,2046-11-14,87,63,Smartphone,Eletrônicos,3,1011.55,3034.64,NY,Excelente produto!
9085,2046-11-15,553,79,Smartphone,Eletrônicos,4,1736.05,6944.19,IL,Produto ok.
9086,2046-11-16,123,75,Laptop,Eletrônicos,3,59.3,177.91,TX,Muito satisfeito com a compra.
9087,2046-11-17,843,74,Laptop,Eletrônicos,2,179.98,359.96,TX,Produto cumpre o que promete
9088,2046-11-18,298,23,Smartphone,Eletrônicos,5,93.66,468.3,TX,Atendimento sem problema
9089,2046-11-19,885,31,Fone de ouvido,Acessórios,4,1557.67,6230.67,NY,Atendimento excepcional.
9090,2046-11-20,929,63,Tablet,Eletrônicos,5,205.57,1027.85,TX,Produto com defeito
9091,2046-11-21,690,46,Tablet,Eletrônicos,5,83.25,416.24,IL,Muito satisfeito com a compra.
9092,2046-11-22,575,49,Laptop,Eletrônicos,3,337.47,1012.4,NY,Entrega dentro do prazo previsto.
9093,2046-11-23,484,31,Fone de ouvido,Acessórios,1,647.27,647.27,IL,Sem reclamações.
9094,2046-11-24,165,37,Smartphone,Eletrônicos,4,956.17,3824.67,NY,Produto com ótimo custo-benefício.
9095,2046-11-25,699,67,Laptop,Eletrônicos,2,177.54,355.07,TX,Produto com ótimo custo-benefício.
9096,2046-11-26,383,26,Smartphone,Eletrônicos,2,1023.02,2046.03,NY,Produto ok.
9097,2046-11-27,209,29,Smartphone,Eletrônicos,1,533.72,533.72,CA,Muito satisfeito com a compra.
9098,2046-11-28,739,31,Laptop,Eletrônicos,1,585.02,585.02,IL,Entrega rápida!
9099,2046-11-29,432,73,Fone de ouvido,Acessórios,3,1652.71,4958.13,CA,Sem reclamações.
9100,2046-11-30,389,40,Tablet,Eletrônicos,2,1974.5,3949.0,CA,Produto com ótimo custo-benefício.
9101,2046-12-01,560,65,Laptop,Eletrônicos,4,954.53,3818.14,TX,Muito satisfeito com a compra.
9102,2046-12-02,224,51,Fone de ouvido,Acessórios,1,677.45,677.45,TX,Excelente produto!
9103,2046-12-03,3,33,Smartphone,Eletrônicos,1,1866.32,1866.32,CA,Produto com ótimo custo-benefício.
9104,2046-12-04,372,35,Laptop,Eletrônicos,1,1025.87,1025.87,NY,Sem reclamações.
9105,2046-12-05,687,73,Tablet,Eletrônicos,4,1474.19,5896.76,TX,Sem reclamações.
9106,2046-12-06,446,58,Tablet,Eletrônicos,2,856.79,1713.59,IL,Produto com defeito
9107,2046-12-07,611,74,Smartphone,Eletrônicos,4,444.97,1779.88,CA,Excelente produto!
9108,2046-12-08,116,57,Laptop,Eletrônicos,4,1327.03,5308.1,IL,Sem reclamações.
9109,2046-12-09,270,50,Tablet,Eletrônicos,3,1346.44,4039.33,IL,Entrega rápida!
9110,2046-12-10,447,22,Laptop,Eletrônicos,1,947.36,947.36,IL,Produto com ótimo custo-benefício.
9111,2046-12-11,368,56,Tablet,Eletrônicos,2,576.4,1152.8,CA,Sem reclamações.
9112,2046-12-12,253,27,Smartphone,Eletrônicos,3,1672.04,5016.11,FL,Excelente produto!
9113,2046-12-13,317,39,Smartphone,Eletrônicos,3,586.87,1760.61,TX,Produto com ótimo custo-benefício.
9114,2046-12-14,415,60,Laptop,Eletrônicos,5,1335.1,6675.48,IL,Excelente produto!
9115,2046-12-15,95,61,Fone de ouvido,Acessórios,1,798.77,798.77,CA,Atendimento sem problema
9116,2046-12-16,785,50,Fone de ouvido,Acessórios,2,971.34,1942.67,FL,Sem reclamações.
9117,2046-12-17,892,75,Smartphone,Eletrônicos,2,462.24,924.47,CA,Atendimento excepcional.
9118,2046-12-18,24,48,Tablet,Eletrônicos,2,1316.49,2632.97,TX,Atendimento excepcional.
9119,2046-12-19,628,23,Fone de ouvido,Acessórios,1,490.36,490.36,CA,Produto com ótimo custo-benefício.
9120,2046-12-20,663,53,Smartphone,Eletrônicos,2,997.14,1994.28,NY,Excelente produto!
9121,2046-12-21,850,20,Tablet,Eletrônicos,4,690.5,2761.98,NY,Produto ok.
9122,2046-12-22,50,21,Tablet,Eletrônicos,4,1929.03,7716.12,IL,Produto com defeito
9123,2046-12-23,502,73,Fone de ouvido,Acessórios,1,1965.33,1965.33,CA,Qualidade inferior ao anunciado
9124,2046-12-24,718,44,Smartphone,Eletrônicos,2,1519.31,3038.62,CA,Atendimento sem problema
9125,2046-12-25,498,55,Tablet,Eletrônicos,5,1968.64,9843.2,IL,Sem reclamações.
9126,2046-12-26,335,42,Tablet,Eletrônicos,5,271.42,1357.12,IL,Produto cumpre o que promete
9127,2046-12-27,79,54,Laptop,Eletrônicos,5,1985.03,9925.17,FL,Péssimo atendimento
9128,2046-12-28,582,44,Laptop,Eletrônicos,4,251.93,1007.74,CA,Produto ok.
9129,2046-12-29,27,58,Fone de ouvido,Acessórios,5,860.13,4300.65,TX,Excelente produto!
9130,2046-12-30,271,53,Laptop,Eletrônicos,2,515.95,1031.9,TX,Produto com ótimo custo-benefício.
9131,2046-12-31,562,63,Smartphone,Eletrônicos,2,1910.0,3820.0,TX,Atendimento excepcional.
9132,2047-01-01,804,64,Fone de ouvido,Acessórios,5,1289.79,6448.95,IL,Atendimento sem problema
9133,2047-01-02,247,77,Fone de ouvido,Acessórios,3,1214.4,3643.2,IL,Atendimento excepcional.
9134,2047-01-03,776,53,Laptop,Eletrônicos,5,1995.01,9975.03,IL,Entrega dentro do prazo previsto.
9135,2047-01-04,591,71,Tablet,Eletrônicos,3,1244.23,3732.69,TX,Atendimento sem problema
9136,2047-01-05,387,63,Smartphone,Eletrônicos,1,1310.01,1310.01,FL,Entrega rápida!
9137,2047-01-06,702,78,Smartphone,Eletrônicos,1,137.31,137.31,NY,Muito satisfeito com a compra.
9138,2047-01-07,559,59,Smartphone,Eletrônicos,2,1725.15,3450.3,CA,Produto cumpre o que promete
9139,2047-01-08,973,76,Fone de ouvido,Acessórios,4,1941.67,7766.7,NY,Entrega rápida!
9140,2047-01-09,361,24,Smartphone,Eletrônicos,2,1922.61,3845.21,CA,Muito satisfeito com a compra.
9141,2047-01-10,866,47,Tablet,Eletrônicos,2,481.16,962.31,IL,Atendimento sem problema
9142,2047-01-11,984,67,Tablet,Eletrônicos,4,490.53,1962.14,TX,Entrega rápida!
9143,2047-01-12,488,69,Laptop,Eletrônicos,2,763.79,1527.58,NY,Entrega rápida!
9144,2047-01-13,352,64,Smartphone,Eletrônicos,4,654.91,2619.64,IL,Muito satisfeito com a compra.
9145,2047-01-14,701,46,Fone de ouvido,Acessórios,2,645.95,1291.9,CA,Entrega dentro do prazo previsto.
9146,2047-01-15,928,57,Laptop,Eletrônicos,1,1230.17,1230.17,NY,Sem reclamações.
9147,2047-01-16,256,58,Tablet,Eletrônicos,3,1620.94,4862.81,NY,Atendimento excepcional.
9148,2047-01-17,222,22,Smartphone,Eletrônicos,2,1876.7,3753.4,NY,Péssimo atendimento
9149,2047-01-18,884,23,Tablet,Eletrônicos,3,182.33,546.98,NY,Péssimo atendimento
9150,2047-01-19,753,75,Laptop,Eletrônicos,5,592.06,2960.29,NY,Entrega dentro do prazo previsto.
9151,2047-01-20,781,61,Tablet,Eletrônicos,2,547.28,1094.55,IL,Entrega dentro do prazo previsto.
9152,2047-01-21,1,24,Smartphone,Eletrônicos,1,747.01,747.01,CA,Produto ok.
9153,2047-01-22,546,56,Smartphone,Eletrônicos,4,877.45,3509.81,CA,Produto ok.
9154,2047-01-23,446,49,Laptop,Eletrônicos,1,808.88,808.88,FL,Muito satisfeito com a compra.
9155,2047-01-24,79,32,Smartphone,Eletrônicos,3,1906.69,5720.06,TX,Entrega rápida!
9156,2047-01-25,236,68,Tablet,Eletrônicos,4,902.4,3609.61,NY,Muito satisfeito com a compra.
9157,2047-01-26,334,30,Tablet,Eletrônicos,1,1125.61,1125.61,CA,Atendimento sem problema
9158,2047-01-27,889,35,Fone de ouvido,Acessórios,1,1509.83,1509.83,TX,Entrega rápida!
9159,2047-01-28,349,27,Fone de ouvido,Acessórios,1,1463.92,1463.92,TX,Produto com ótimo custo-benefício.
9160,2047-01-29,98,57,Fone de ouvido,Acessórios,4,1186.78,4747.12,IL,Entrega rápida!
9161,2047-01-30,82,74,Tablet,Eletrônicos,1,1728.62,1728.62,NY,Atendimento excepcional.
9162,2047-01-31,502,28,Tablet,Eletrônicos,1,1267.15,1267.15,FL,Muito satisfeito com a compra.
9163,2047-02-01,967,57,Laptop,Eletrônicos,3,1755.78,5267.34,TX,Produto ok.
9164,2047-02-02,477,57,Fone de ouvido,Acessórios,1,640.39,640.39,IL,Péssimo atendimento
9165,2047-02-03,927,64,Tablet,Eletrônicos,1,307.45,307.45,NY,Produto com defeito
9166,2047-02-04,704,19,Laptop,Eletrônicos,5,1648.06,8240.32,CA,Entrega dentro do prazo previsto.
9167,2047-02-05,765,44,Tablet,Eletrônicos,4,795.91,3183.64,FL,Arrependido da compra
9168,2047-02-06,921,69,Laptop,Eletrônicos,5,1319.61,6598.07,NY,Produto com ótimo custo-benefício.
9169,2047-02-07,550,71,Fone de ouvido,Acessórios,3,1487.76,4463.27,IL,Atendimento excepcional.
9170,2047-02-08,14,73,Fone de ouvido,Acessórios,5,687.09,3435.43,IL,Excelente produto!
9171,2047-02-09,392,62,Fone de ouvido,Acessórios,2,1035.07,2070.14,IL,Sem reclamações.
9172,2047-02-10,347,67,Tablet,Eletrônicos,4,1795.11,7180.43,IL,Muito satisfeito com a compra.
9173,2047-02-11,310,61,Tablet,Eletrônicos,1,1765.6,1765.6,IL,Sem reclamações.
9174,2047-02-12,386,25,Laptop,Eletrônicos,5,1511.25,7556.23,FL,Produto ok.
9175,2047-02-13,209,66,Smartphone,Eletrônicos,5,1537.34,7686.71,TX,Produto com ótimo custo-benefício.
9176,2047-02-14,357,76,Smartphone,Eletrônicos,1,1800.48,1800.48,TX,Produto com ótimo custo-benefício.
9177,2047-02-15,974,55,Fone de ouvido,Acessórios,1,1485.85,1485.85,CA,Produto cumpre o que promete
9178,2047-02-16,601,33,Smartphone,Eletrônicos,3,712.19,2136.57,TX,Produto ok.
9179,2047-02-17,568,73,Fone de ouvido,Acessórios,5,285.53,1427.63,IL,Entrega rápida!
9180,2047-02-18,94,41,Laptop,Eletrônicos,5,872.67,4363.37,TX,Entrega dentro do prazo previsto.
9181,2047-02-19,93,77,Smartphone,Eletrônicos,2,220.32,440.64,TX,Sem reclamações.
9182,2047-02-20,340,76,Smartphone,Eletrônicos,2,275.75,551.51,IL,Arrependido da compra
9183,2047-02-21,597,40,Fone de ouvido,Acessórios,5,1902.84,9514.18,FL,Produto com ótimo custo-benefício.
9184,2047-02-22,445,72,Laptop,Eletrônicos,2,1367.98,2735.96,IL,Excelente produto!
9185,2047-02-23,757,31,Smartphone,Eletrônicos,5,1710.64,8553.18,TX,Excelente produto!
9186,2047-02-24,22,44,Smartphone,Eletrônicos,4,1303.65,5214.61,TX,Produto cumpre o que promete
9187,2047-02-25,291,27,Smartphone,Eletrônicos,3,866.15,2598.46,CA,Produto ok.
9188,2047-02-26,485,76,Laptop,Eletrônicos,2,99.06,198.12,IL,Péssimo atendimento
9189,2047-02-27,784,45,Laptop,Eletrônicos,5,1913.88,9569.41,CA,Qualidade inferior ao anunciado
9190,2047-02-28,306,42,Smartphone,Eletrônicos,2,188.32,376.64,CA,Sem reclamações.
9191,2047-03-01,634,19,Fone de ouvido,Acessórios,3,1239.82,3719.45,NY,Atendimento sem problema
9192,2047-03-02,128,62,Fone de ouvido,Acessórios,4,249.3,997.19,CA,Produto com ótimo custo-benefício.
9193,2047-03-03,625,50,Smartphone,Eletrônicos,1,604.09,604.09,TX,Produto com ótimo custo-benefício.
9194,2047-03-04,939,77,Laptop,Eletrônicos,1,412.34,412.34,TX,Entrega atrasada
9195,2047-03-05,273,67,Smartphone,Eletrônicos,2,1129.75,2259.5,NY,Produto cumpre o que promete
9196,2047-03-06,848,79,Laptop,Eletrônicos,5,1779.8,8898.98,NY,Muito satisfeito com a compra.
9197,2047-03-07,442,63,Smartphone,Eletrônicos,3,1289.46,3868.39,IL,Atendimento excepcional.
9198,2047-03-08,503,52,Laptop,Eletrônicos,4,1345.17,5380.67,NY,Entrega rápida!
9199,2047-03-09,130,64,Tablet,Eletrônicos,4,1822.42,7289.67,FL,Entrega rápida!
9200,2047-03-10,132,58,Fone de ouvido,Acessórios,4,1511.38,6045.52,TX,Sem reclamações.
9201,2047-03-11,597,75,Tablet,Eletrônicos,1,1738.61,1738.61,TX,Muito satisfeito com a compra.
9202,2047-03-12,935,30,Fone de ouvido,Acessórios,3,861.96,2585.89,NY,Produto com ótimo custo-benefício.
9203,2047-03-13,482,72,Laptop,Eletrônicos,1,1737.44,1737.44,NY,Entrega dentro do prazo previsto.
9204,2047-03-14,862,22,Tablet,Eletrônicos,2,1309.43,2618.86,TX,Produto com ótimo custo-benefício.
9205,2047-03-15,390,22,Fone de ouvido,Acessórios,4,314.44,1257.74,NY,Muito satisfeito com a compra.
9206,2047-03-16,593,39,Smartphone,Eletrônicos,3,125.49,376.47,IL,Entrega rápida!
9207,2047-03-17,999,51,Laptop,Eletrônicos,4,525.87,2103.47,NY,Entrega rápida!
9208,2047-03-18,985,18,Laptop,Eletrônicos,1,787.78,787.78,NY,Excelente produto!
9209,2047-03-19,325,76,Smartphone,Eletrônicos,1,1683.26,1683.26,IL,Entrega atrasada
9210,2047-03-20,69,34,Smartphone,Eletrônicos,1,1495.43,1495.43,IL,Produto com ótimo custo-benefício.
9211,2047-03-21,660,68,Fone de ouvido,Acessórios,4,1912.98,7651.93,IL,Produto ok.
9212,2047-03-22,448,66,Laptop,Eletrônicos,3,1140.39,3421.17,TX,Entrega rápida!
9213,2047-03-23,528,26,Fone de ouvido,Acessórios,3,1508.1,4524.29,NY,Produto ok.
9214,2047-03-24,819,27,Smartphone,Eletrônicos,2,586.8,1173.61,IL,Entrega dentro do prazo previsto.
9215,2047-03-25,617,78,Laptop,Eletrônicos,4,1375.18,5500.71,IL,Atendimento excepcional.
9216,2047-03-26,165,32,Smartphone,Eletrônicos,2,1426.99,2853.99,TX,Atendimento sem problema
9217,2047-03-27,488,62,Fone de ouvido,Acessórios,2,1704.41,3408.82,FL,Produto com ótimo custo-benefício.
9218,2047-03-28,713,46,Fone de ouvido,Acessórios,2,1095.99,2191.97,NY,Excelente produto!
9219,2047-03-29,709,70,Fone de ouvido,Acessórios,2,1315.56,2631.12,FL,Produto cumpre o que promete
9220,2047-03-30,426,42,Laptop,Eletrônicos,1,445.95,445.95,FL,Produto ok.
9221,2047-03-31,697,38,Smartphone,Eletrônicos,2,1486.68,2973.36,IL,Produto com defeito
9222,2047-04-01,834,34,Smartphone,Eletrônicos,3,1684.9,5054.71,TX,Qualidade inferior ao anunciado
9223,2047-04-02,265,44,Fone de ouvido,Acessórios,2,1207.79,2415.58,NY,Produto ok.
9224,2047-04-03,875,45,Fone de ouvido,Acessórios,1,275.57,275.57,NY,Entrega dentro do prazo previsto.
9225,2047-04-04,612,40,Fone de ouvido,Acessórios,5,660.07,3300.36,NY,Muito satisfeito com a compra.
9226,2047-04-05,342,56,Fone de ouvido,Acessórios,5,977.25,4886.27,FL,Muito satisfeito com a compra.
9227,2047-04-06,832,53,Tablet,Eletrônicos,5,1370.47,6852.33,CA,Excelente produto!
9228,2047-04-07,726,20,Tablet,Eletrônicos,4,674.64,2698.55,TX,Muito satisfeito com a compra.
9229,2047-04-08,278,50,Tablet,Eletrônicos,3,1688.57,5065.7,CA,Produto com ótimo custo-benefício.
9230,2047-04-09,674,24,Fone de ouvido,Acessórios,1,774.99,774.99,FL,Sem reclamações.
9231,2047-04-10,439,22,Fone de ouvido,Acessórios,5,133.53,667.65,IL,Muito satisfeito com a compra.
9232,2047-04-11,157,43,Smartphone,Eletrônicos,1,1598.29,1598.29,CA,Entrega dentro do prazo previsto.
9233,2047-04-12,422,34,Laptop,Eletrônicos,1,1306.24,1306.24,CA,Produto com ótimo custo-benefício.
9234,2047-04-13,251,34,Smartphone,Eletrônicos,4,1613.82,6455.26,TX,Sem reclamações.
9235,2047-04-14,878,64,Tablet,Eletrônicos,5,730.34,3651.68,FL,Entrega dentro do prazo previsto.
9236,2047-04-15,609,20,Smartphone,Eletrônicos,2,84.38,168.76,TX,Produto com ótimo custo-benefício.
9237,2047-04-16,530,20,Fone de ouvido,Acessórios,1,193.82,193.82,IL,Qualidade inferior ao anunciado
9238,2047-04-17,327,51,Tablet,Eletrônicos,5,268.01,1340.06,NY,Excelente produto!
9239,2047-04-18,961,25,Tablet,Eletrônicos,1,1620.04,1620.04,FL,Qualidade inferior ao anunciado
9240,2047-04-19,895,62,Laptop,Eletrônicos,4,637.8,2551.19,IL,Produto com ótimo custo-benefício.
9241,2047-04-20,97,77,Laptop,Eletrônicos,4,1995.9,7983.61,IL,Muito satisfeito com a compra.
9242,2047-04-21,513,73,Tablet,Eletrônicos,2,1528.86,3057.71,CA,Arrependido da compra
9243,2047-04-22,216,23,Tablet,Eletrônicos,4,1222.25,4889.01,TX,Produto ok.
9244,2047-04-23,132,54,Smartphone,Eletrônicos,5,1968.06,9840.29,CA,Muito satisfeito com a compra.
9245,2047-04-24,260,62,Tablet,Eletrônicos,4,666.8,2667.21,CA,Atendimento sem problema
9246,2047-04-25,125,79,Fone de ouvido,Acessórios,2,372.95,745.9,NY,Entrega rápida!
9247,2047-04-26,82,39,Smartphone,Eletrônicos,3,1487.68,4463.05,TX,Muito satisfeito com a compra.
9248,2047-04-27,283,50,Fone de ouvido,Acessórios,1,592.26,592.26,NY,Excelente produto!
9249,2047-04-28,683,67,Fone de ouvido,Acessórios,1,1924.02,1924.02,IL,Entrega rápida!
9250,2047-04-29,59,24,Fone de ouvido,Acessórios,5,1976.74,9883.68,NY,Qualidade inferior ao anunciado
9251,2047-04-30,544,66,Tablet,Eletrônicos,2,1856.49,3712.98,IL,Atendimento sem problema
9252,2047-05-01,161,57,Laptop,Eletrônicos,2,1892.29,3784.57,CA,Atendimento excepcional.
9253,2047-05-02,284,36,Laptop,Eletrônicos,2,1250.53,2501.05,NY,Entrega dentro do prazo previsto.
9254,2047-05-03,106,65,Fone de ouvido,Acessórios,1,1399.63,1399.63,TX,Produto com ótimo custo-benefício.
9255,2047-05-04,105,63,Tablet,Eletrônicos,4,233.78,935.12,NY,Entrega rápida!
9256,2047-05-05,439,69,Smartphone,Eletrônicos,1,1537.95,1537.95,IL,Sem reclamações.
9257,2047-05-06,228,72,Fone de ouvido,Acessórios,1,444.02,444.02,FL,Excelente produto!
9258,2047-05-07,700,27,Smartphone,Eletrônicos,1,1688.64,1688.64,TX,Excelente produto!
9259,2047-05-08,582,40,Smartphone,Eletrônicos,4,1924.99,7699.95,IL,Entrega dentro do prazo previsto.
9260,2047-05-09,318,19,Tablet,Eletrônicos,3,464.14,1392.41,FL,Péssimo atendimento
9261,2047-05-10,464,38,Tablet,Eletrônicos,5,202.16,1010.8,TX,Muito satisfeito com a compra.
9262,2047-05-11,802,41,Laptop,Eletrônicos,3,993.59,2980.76,FL,Produto com ótimo custo-benefício.
9263,2047-05-12,599,65,Laptop,Eletrônicos,3,1593.52,4780.56,CA,Muito satisfeito com a compra.
9264,2047-05-13,882,74,Tablet,Eletrônicos,1,1552.75,1552.75,CA,Produto cumpre o que promete
9265,2047-05-14,874,30,Fone de ouvido,Acessórios,3,1408.8,4226.39,NY,Atendimento sem problema
9266,2047-05-15,472,22,Laptop,Eletrônicos,1,1650.36,1650.36,NY,Produto cumpre o que promete
9267,2047-05-16,56,35,Smartphone,Eletrônicos,1,391.23,391.23,NY,Qualidade inferior ao anunciado
9268,2047-05-17,625,69,Fone de ouvido,Acessórios,5,1321.28,6606.39,NY,Sem reclamações.
9269,2047-05-18,13,28,Smartphone,Eletrônicos,2,1231.07,2462.15,FL,Entrega dentro do prazo previsto.
9270,2047-05-19,440,54,Tablet,Eletrônicos,1,349.19,349.19,TX,Atendimento excepcional.
9271,2047-05-20,18,71,Smartphone,Eletrônicos,3,858.13,2574.4,TX,Produto ok.
9272,2047-05-21,694,49,Fone de ouvido,Acessórios,5,1712.43,8562.16,NY,Produto cumpre o que promete
9273,2047-05-22,973,45,Tablet,Eletrônicos,3,1945.01,5835.04,CA,Atendimento excepcional.
9274,2047-05-23,113,39,Fone de ouvido,Acessórios,2,1347.59,2695.18,IL,Produto com ótimo custo-benefício.
9275,2047-05-24,229,62,Smartphone,Eletrônicos,4,1847.79,7391.14,NY,Produto com ótimo custo-benefício.
9276,2047-05-25,171,45,Fone de ouvido,Acessórios,2,307.5,614.99,NY,Entrega dentro do prazo previsto.
9277,2047-05-26,295,18,Tablet,Eletrônicos,5,1951.37,9756.84,CA,Excelente produto!
9278,2047-05-27,189,23,Smartphone,Eletrônicos,2,115.34,230.68,IL,Sem reclamações.
9279,2047-05-28,426,28,Smartphone,Eletrônicos,2,1078.16,2156.31,FL,Excelente produto!
9280,2047-05-29,977,59,Laptop,Eletrônicos,5,617.47,3087.33,FL,Produto ok.
9281,2047-05-30,79,50,Laptop,Eletrônicos,5,1637.12,8185.61,IL,Excelente produto!
9282,2047-05-31,658,33,Fone de ouvido,Acessórios,3,474.21,1422.63,IL,Entrega dentro do prazo previsto.
9283,2047-06-01,919,30,Laptop,Eletrônicos,1,72.48,72.48,FL,Entrega rápida!
9284,2047-06-02,182,38,Laptop,Eletrônicos,4,858.49,3433.95,NY,Excelente produto!
9285,2047-06-03,499,76,Laptop,Eletrônicos,4,175.01,700.04,NY,Muito satisfeito com a compra.
9286,2047-06-04,798,65,Laptop,Eletrônicos,4,615.68,2462.72,CA,Muito satisfeito com a compra.
9287,2047-06-05,762,64,Tablet,Eletrônicos,2,1305.31,2610.62,IL,Sem reclamações.
9288,2047-06-06,866,56,Tablet,Eletrônicos,5,624.67,3123.36,NY,Entrega dentro do prazo previsto.
9289,2047-06-07,826,63,Laptop,Eletrônicos,5,529.3,2646.48,NY,Produto com ótimo custo-benefício.
9290,2047-06-08,708,79,Fone de ouvido,Acessórios,5,353.22,1766.08,CA,Muito satisfeito com a compra.
9291,2047-06-09,835,41,Tablet,Eletrônicos,1,313.59,313.59,IL,Atendimento sem problema
9292,2047-06-10,71,60,Laptop,Eletrônicos,5,1075.42,5377.11,CA,Produto ok.
9293,2047-06-11,248,44,Tablet,Eletrônicos,5,1378.94,6894.69,CA,Muito satisfeito com a compra.
9294,2047-06-12,146,62,Smartphone,Eletrônicos,2,932.83,1865.66,FL,Excelente produto!
9295,2047-06-13,618,54,Tablet,Eletrônicos,3,291.03,873.08,CA,Excelente produto!
9296,2047-06-14,775,67,Tablet,Eletrônicos,4,1313.12,5252.5,IL,Atendimento excepcional.
9297,2047-06-15,296,20,Fone de ouvido,Acessórios,2,1136.39,2272.78,NY,Produto ok.
9298,2047-06-16,582,29,Tablet,Eletrônicos,2,793.49,1586.97,NY,Produto ok.
9299,2047-06-17,470,24,Fone de ouvido,Acessórios,2,693.59,1387.18,FL,Entrega rápida!
9300,2047-06-18,506,75,Smartphone,Eletrônicos,4,407.15,1628.59,IL,Excelente produto!
9301,2047-06-19,193,37,Laptop,Eletrônicos,2,335.28,670.57,NY,Sem reclamações.
9302,2047-06-20,68,32,Fone de ouvido,Acessórios,3,710.6,2131.81,CA,Entrega rápida!
9303,2047-06-21,494,18,Tablet,Eletrônicos,5,131.18,655.9,TX,Atendimento excepcional.
9304,2047-06-22,817,68,Tablet,Eletrônicos,3,901.42,2704.27,TX,Produto cumpre o que promete
9305,2047-06-23,52,27,Fone de ouvido,Acessórios,5,1223.07,6115.35,TX,Excelente produto!
9306,2047-06-24,882,31,Smartphone,Eletrônicos,5,1886.23,9431.13,TX,Atendimento sem problema
9307,2047-06-25,363,32,Laptop,Eletrônicos,2,1270.36,2540.73,CA,Péssimo atendimento
9308,2047-06-26,797,51,Tablet,Eletrônicos,2,1266.95,2533.9,NY,Péssimo atendimento
9309,2047-06-27,917,74,Smartphone,Eletrônicos,4,780.11,3120.44,FL,Atendimento excepcional.
9310,2047-06-28,474,66,Laptop,Eletrônicos,1,309.97,309.97,CA,Sem reclamações.
9311,2047-06-29,846,42,Laptop,Eletrônicos,3,921.53,2764.59,NY,Atendimento sem problema
9312,2047-06-30,521,48,Tablet,Eletrônicos,4,1217.42,4869.68,IL,Excelente produto!
9313,2047-07-01,763,27,Fone de ouvido,Acessórios,4,1461.87,5847.46,NY,Excelente produto!
9314,2047-07-02,431,54,Tablet,Eletrônicos,3,1660.87,4982.61,NY,Entrega rápida!
9315,2047-07-03,844,77,Tablet,Eletrônicos,3,549.06,1647.18,NY,Sem reclamações.
9316,2047-07-04,298,23,Tablet,Eletrônicos,5,520.38,2601.9,CA,Produto com ótimo custo-benefício.
9317,2047-07-05,435,23,Smartphone,Eletrônicos,1,1152.33,1152.33,NY,Entrega rápida!
9318,2047-07-06,696,45,Fone de ouvido,Acessórios,2,1153.73,2307.46,NY,Atendimento sem problema
9319,2047-07-07,691,55,Smartphone,Eletrônicos,1,475.0,475.0,IL,Atendimento excepcional.
9320,2047-07-08,198,74,Tablet,Eletrônicos,1,1195.58,1195.58,IL,Produto com ótimo custo-benefício.
9321,2047-07-09,128,31,Fone de ouvido,Acessórios,2,724.46,1448.93,TX,Entrega rápida!
9322,2047-07-10,532,30,Laptop,Eletrônicos,1,1296.66,1296.66,CA,Sem reclamações.
9323,2047-07-11,984,30,Fone de ouvido,Acessórios,4,617.54,2470.15,NY,Sem reclamações.
9324,2047-07-12,411,74,Tablet,Eletrônicos,4,1204.97,4819.88,TX,Produto cumpre o que promete
9325,2047-07-13,934,76,Fone de ouvido,Acessórios,2,1548.2,3096.41,TX,Excelente produto!
9326,2047-07-14,840,27,Laptop,Eletrônicos,2,1961.31,3922.62,CA,Entrega atrasada
9327,2047-07-15,65,33,Laptop,Eletrônicos,3,1826.58,5479.75,TX,Excelente produto!
9328,2047-07-16,694,56,Fone de ouvido,Acessórios,3,1031.9,3095.7,TX,Atendimento excepcional.
9329,2047-07-17,241,52,Laptop,Eletrônicos,1,1002.28,1002.28,CA,Atendimento sem problema
9330,2047-07-18,369,32,Smartphone,Eletrônicos,1,903.52,903.52,FL,Atendimento sem problema
9331,2047-07-19,536,40,Fone de ouvido,Acessórios,2,104.11,208.23,TX,Produto cumpre o que promete
9332,2047-07-20,384,54,Laptop,Eletrônicos,1,373.61,373.61,IL,Muito satisfeito com a compra.
9333,2047-07-21,431,74,Laptop,Eletrônicos,5,165.42,827.09,TX,Entrega rápida!
9334,2047-07-22,967,25,Fone de ouvido,Acessórios,4,1407.89,5631.57,CA,Atendimento excepcional.
9335,2047-07-23,83,43,Smartphone,Eletrônicos,1,855.81,855.81,CA,Atendimento excepcional.
9336,2047-07-24,982,77,Fone de ouvido,Acessórios,1,174.35,174.35,FL,Entrega rápida!
9337,2047-07-25,831,39,Laptop,Eletrônicos,3,1396.62,4189.86,FL,Sem reclamações.
9338,2047-07-26,697,22,Fone de ouvido,Acessórios,5,1306.65,6533.25,IL,Muito satisfeito com a compra.
9339,2047-07-27,951,75,Laptop,Eletrônicos,1,1453.93,1453.93,IL,Entrega rápida!
9340,2047-07-28,828,51,Tablet,Eletrônicos,4,1219.68,4878.71,TX,Excelente produto!
9341,2047-07-29,611,44,Fone de ouvido,Acessórios,1,365.0,365.0,FL,Produto com ótimo custo-benefício.
9342,2047-07-30,574,77,Fone de ouvido,Acessórios,2,169.71,339.43,IL,Entrega dentro do prazo previsto.
9343,2047-07-31,286,36,Laptop,Eletrônicos,5,1643.42,8217.12,TX,Sem reclamações.
9344,2047-08-01,989,60,Laptop,Eletrônicos,1,470.83,470.83,NY,Produto com defeito
9345,2047-08-02,534,60,Laptop,Eletrônicos,5,1107.93,5539.66,TX,Produto cumpre o que promete
9346,2047-08-03,459,52,Laptop,Eletrônicos,1,996.17,996.17,IL,Atendimento excepcional.
9347,2047-08-04,212,62,Fone de ouvido,Acessórios,4,1846.05,7384.21,TX,Produto cumpre o que promete
9348,2047-08-05,126,37,Laptop,Eletrônicos,4,1127.26,4509.03,NY,Produto com ótimo custo-benefício.
9349,2047-08-06,413,68,Fone de ouvido,Acessórios,5,1181.03,5905.16,IL,Muito satisfeito com a compra.
9350,2047-08-07,499,72,Smartphone,Eletrônicos,3,673.03,2019.1,TX,Excelente produto!
9351,2047-08-08,425,78,Fone de ouvido,Acessórios,3,1919.45,5758.36,IL,Muito satisfeito com a compra.
9352,2047-08-09,554,64,Laptop,Eletrônicos,2,1244.13,2488.26,TX,Produto com ótimo custo-benefício.
9353,2047-08-10,610,55,Laptop,Eletrônicos,3,59.71,179.14,CA,Atendimento sem problema
9354,2047-08-11,961,30,Smartphone,Eletrônicos,5,1134.36,5671.8,IL,Entrega rápida!
9355,2047-08-12,543,73,Fone de ouvido,Acessórios,3,759.54,2278.61,IL,Sem reclamações.
9356,2047-08-13,158,35,Smartphone,Eletrônicos,2,112.62,225.24,IL,Péssimo atendimento
9357,2047-08-14,112,35,Fone de ouvido,Acessórios,1,891.52,891.52,IL,Entrega atrasada
9358,2047-08-15,402,18,Laptop,Eletrônicos,3,1558.45,4675.36,TX,Qualidade inferior ao anunciado
9359,2047-08-16,759,49,Fone de ouvido,Acessórios,5,1032.39,5161.95,FL,Entrega dentro do prazo previsto.
9360,2047-08-17,122,70,Laptop,Eletrônicos,5,1296.95,6484.73,TX,Entrega rápida!
9361,2047-08-18,273,72,Laptop,Eletrônicos,2,1297.5,2594.99,NY,Excelente produto!
9362,2047-08-19,294,42,Tablet,Eletrônicos,2,1358.49,2716.98,CA,Entrega dentro do prazo previsto.
9363,2047-08-20,398,38,Tablet,Eletrônicos,4,805.81,3223.25,TX,Atendimento sem problema
9364,2047-08-21,471,44,Fone de ouvido,Acessórios,4,771.51,3086.04,TX,Péssimo atendimento
9365,2047-08-22,985,28,Laptop,Eletrônicos,4,58.94,235.76,IL,Produto ok.
9366,2047-08-23,207,65,Smartphone,Eletrônicos,1,350.73,350.73,NY,Entrega rápida!
9367,2047-08-24,110,18,Laptop,Eletrônicos,5,1904.08,9520.4,IL,Produto com defeito
9368,2047-08-25,440,36,Smartphone,Eletrônicos,4,1692.71,6770.85,IL,Péssimo atendimento
9369,2047-08-26,278,49,Fone de ouvido,Acessórios,5,586.46,2932.31,FL,Atendimento excepcional.
9370,2047-08-27,963,25,Fone de ouvido,Acessórios,2,832.32,1664.65,CA,Produto ok.
9371,2047-08-28,568,36,Smartphone,Eletrônicos,1,1882.85,1882.85,FL,Sem reclamações.
9372,2047-08-29,887,72,Smartphone,Eletrônicos,2,538.37,1076.73,IL,Atendimento excepcional.
9373,2047-08-30,915,33,Laptop,Eletrônicos,5,1088.44,5442.2,CA,Atendimento sem problema
9374,2047-08-31,569,75,Fone de ouvido,Acessórios,4,93.06,372.22,TX,Produto com ótimo custo-benefício.
9375,2047-09-01,940,52,Laptop,Eletrônicos,2,1258.48,2516.97,NY,Entrega rápida!
9376,2047-09-02,482,19,Smartphone,Eletrônicos,3,1863.64,5590.93,FL,Muito satisfeito com a compra.
9377,2047-09-03,803,29,Tablet,Eletrônicos,1,1775.25,1775.25,NY,Sem reclamações.
9378,2047-09-04,114,46,Tablet,Eletrônicos,5,1028.84,5144.2,IL,Entrega rápida!
9379,2047-09-05,893,27,Tablet,Eletrônicos,4,1316.8,5267.21,CA,Atendimento excepcional.
9380,2047-09-06,897,79,Smartphone,Eletrônicos,2,1161.11,2322.21,TX,Produto com defeito
9381,2047-09-07,820,39,Laptop,Eletrônicos,1,180.6,180.6,CA,Muito satisfeito com a compra.
9382,2047-09-08,853,51,Fone de ouvido,Acessórios,4,359.51,1438.04,NY,Muito satisfeito com a compra.
9383,2047-09-09,477,75,Smartphone,Eletrônicos,2,1929.44,3858.89,NY,Produto cumpre o que promete
9384,2047-09-10,710,79,Tablet,Eletrônicos,5,549.14,2745.69,TX,Excelente produto!
9385,2047-09-11,933,38,Laptop,Eletrônicos,3,799.68,2399.03,TX,Atendimento sem problema
9386,2047-09-12,321,54,Fone de ouvido,Acessórios,3,1042.44,3127.32,CA,Muito satisfeito com a compra.
9387,2047-09-13,179,22,Fone de ouvido,Acessórios,5,1959.31,9796.54,FL,Produto cumpre o que promete
9388,2047-09-14,897,23,Smartphone,Eletrônicos,1,1395.49,1395.49,CA,Muito satisfeito com a compra.
9389,2047-09-15,219,49,Smartphone,Eletrônicos,5,1277.72,6388.59,NY,Arrependido da compra
9390,2047-09-16,789,20,Fone de ouvido,Acessórios,2,1072.58,2145.16,CA,Entrega rápida!
9391,2047-09-17,949,27,Fone de ouvido,Acessórios,1,1416.32,1416.32,IL,Atendimento excepcional.
9392,2047-09-18,528,22,Tablet,Eletrônicos,3,1344.83,4034.49,CA,Produto com defeito
9393,2047-09-19,492,41,Fone de ouvido,Acessórios,2,1810.54,3621.08,CA,Entrega dentro do prazo previsto.
9394,2047-09-20,891,37,Smartphone,Eletrônicos,4,1106.58,4426.32,IL,Produto ok.
9395,2047-09-21,61,79,Laptop,Eletrônicos,4,871.93,3487.72,NY,Produto com ótimo custo-benefício.
9396,2047-09-22,54,54,Tablet,Eletrônicos,4,1623.97,6495.86,TX,Excelente produto!
9397,2047-09-23,680,48,Tablet,Eletrônicos,3,1609.58,4828.73,CA,Muito satisfeito com a compra.
9398,2047-09-24,538,64,Fone de ouvido,Acessórios,5,381.18,1905.91,FL,Produto com ótimo custo-benefício.
9399,2047-09-25,848,34,Laptop,Eletrônicos,1,511.74,511.74,TX,Entrega rápida!
9400,2047-09-26,988,66,Tablet,Eletrônicos,3,1919.34,5758.03,FL,Qualidade inferior ao anunciado
9401,2047-09-27,65,41,Smartphone,Eletrônicos,2,916.01,1832.03,CA,Muito satisfeito com a compra.
9402,2047-09-28,612,35,Fone de ouvido,Acessórios,2,1063.34,2126.68,FL,Produto com ótimo custo-benefício.
9403,2047-09-29,586,43,Smartphone,Eletrônicos,4,654.81,2619.25,TX,Excelente produto!
9404,2047-09-30,704,59,Fone de ouvido,Acessórios,1,988.09,988.09,FL,Produto ok.
9405,2047-10-01,171,72,Tablet,Eletrônicos,4,1499.55,5998.18,FL,Entrega rápida!
9406,2047-10-02,273,24,Fone de ouvido,Acessórios,2,990.57,1981.15,TX,Produto com ótimo custo-benefício.
9407,2047-10-03,889,60,Laptop,Eletrônicos,2,663.83,1327.66,TX,Entrega dentro do prazo previsto.
9408,2047-10-04,699,31,Smartphone,Eletrônicos,5,237.2,1186.01,TX,Atendimento excepcional.
9409,2047-10-05,535,58,Laptop,Eletrônicos,5,1860.11,9300.55,TX,Produto com ótimo custo-benefício.
9410,2047-10-06,391,66,Smartphone,Eletrônicos,5,1749.73,8748.66,IL,Atendimento excepcional.
9411,2047-10-07,940,19,Smartphone,Eletrônicos,4,1593.16,6372.65,CA,Entrega rápida!
9412,2047-10-08,693,47,Fone de ouvido,Acessórios,1,1403.44,1403.44,TX,Atendimento excepcional.
9413,2047-10-09,327,66,Tablet,Eletrônicos,5,1055.24,5276.22,NY,Atendimento excepcional.
9414,2047-10-10,108,34,Tablet,Eletrônicos,3,1799.92,5399.77,FL,Muito satisfeito com a compra.
9415,2047-10-11,847,76,Laptop,Eletrônicos,5,1593.82,7969.09,TX,Muito satisfeito com a compra.
9416,2047-10-12,162,37,Fone de ouvido,Acessórios,4,1641.22,6564.88,TX,Entrega rápida!
9417,2047-10-13,814,73,Tablet,Eletrônicos,1,653.62,653.62,CA,Entrega rápida!
9418,2047-10-14,452,27,Smartphone,Eletrônicos,5,875.74,4378.72,TX,Excelente produto!
9419,2047-10-15,206,41,Smartphone,Eletrônicos,1,1428.26,1428.26,IL,Atendimento excepcional.
9420,2047-10-16,590,61,Fone de ouvido,Acessórios,3,773.57,2320.71,NY,Excelente produto!
9421,2047-10-17,16,29,Laptop,Eletrônicos,2,1013.25,2026.5,NY,Produto com defeito
9422,2047-10-18,327,44,Fone de ouvido,Acessórios,1,1310.7,1310.7,TX,Produto com ótimo custo-benefício.
9423,2047-10-19,608,32,Laptop,Eletrônicos,5,903.63,4518.14,CA,Produto ok.
9424,2047-10-20,659,26,Fone de ouvido,Acessórios,4,1596.43,6385.71,TX,Produto ok.
9425,2047-10-21,2,35,Smartphone,Eletrônicos,4,276.74,1106.97,FL,Produto cumpre o que promete
9426,2047-10-22,10,65,Fone de ouvido,Acessórios,4,1450.21,5800.84,NY,Produto ok.
9427,2047-10-23,434,78,Tablet,Eletrônicos,4,333.16,1332.64,FL,Produto cumpre o que promete
9428,2047-10-24,125,24,Tablet,Eletrônicos,1,1878.79,1878.79,IL,Produto cumpre o que promete
9429,2047-10-25,81,45,Fone de ouvido,Acessórios,4,662.37,2649.49,NY,Produto com defeito
9430,2047-10-26,485,63,Laptop,Eletrônicos,2,1601.09,3202.19,NY,Atendimento excepcional.
9431,2047-10-27,652,53,Laptop,Eletrônicos,3,1066.76,3200.29,IL,Entrega rápida!
9432,2047-10-28,838,20,Smartphone,Eletrônicos,1,227.62,227.62,FL,Entrega rápida!
9433,2047-10-29,150,61,Smartphone,Eletrônicos,1,1186.04,1186.04,TX,Produto cumpre o que promete
9434,2047-10-30,800,33,Laptop,Eletrônicos,4,1828.75,7314.99,CA,Entrega rápida!
9435,2047-10-31,873,53,Fone de ouvido,Acessórios,4,356.61,1426.43,FL,Arrependido da compra
9436,2047-11-01,340,21,Smartphone,Eletrônicos,1,676.55,676.55,IL,Muito satisfeito com a compra.
9437,2047-11-02,129,52,Laptop,Eletrônicos,4,906.36,3625.44,IL,Entrega rápida!
9438,2047-11-03,438,26,Laptop,Eletrônicos,4,586.35,2345.41,IL,Excelente produto!
9439,2047-11-04,751,73,Fone de ouvido,Acessórios,4,1890.37,7561.48,NY,Entrega dentro do prazo previsto.
9440,2047-11-05,501,63,Tablet,Eletrônicos,4,786.13,3144.5,TX,Atendimento sem problema
9441,2047-11-06,58,29,Laptop,Eletrônicos,4,1333.22,5332.88,NY,Produto com ótimo custo-benefício.
9442,2047-11-07,198,27,Smartphone,Eletrônicos,5,486.64,2433.19,NY,Atendimento sem problema
9443,2047-11-08,211,63,Fone de ouvido,Acessórios,5,478.43,2392.13,NY,Entrega rápida!
9444,2047-11-09,914,61,Fone de ouvido,Acessórios,5,392.91,1964.53,IL,Muito satisfeito com a compra.
9445,2047-11-10,902,61,Fone de ouvido,Acessórios,1,897.88,897.88,FL,Excelente produto!
9446,2047-11-11,45,19,Tablet,Eletrônicos,3,1089.07,3267.22,CA,Sem reclamações.
9447,2047-11-12,97,36,Tablet,Eletrônicos,1,70.96,70.96,CA,Entrega dentro do prazo previsto.
9448,2047-11-13,279,30,Smartphone,Eletrônicos,5,1674.2,8371.0,TX,Muito satisfeito com a compra.
9449,2047-11-14,535,59,Smartphone,Eletrônicos,1,1049.87,1049.87,TX,Atendimento excepcional.
9450,2047-11-15,410,72,Fone de ouvido,Acessórios,3,356.56,1069.68,IL,Produto ok.
9451,2047-11-16,461,70,Smartphone,Eletrônicos,4,181.22,724.89,CA,Atendimento excepcional.
9452,2047-11-17,391,50,Laptop,Eletrônicos,2,173.24,346.48,FL,Atendimento excepcional.
9453,2047-11-18,847,18,Tablet,Eletrônicos,5,552.4,2762.02,IL,Muito satisfeito com a compra.
9454,2047-11-19,44,45,Fone de ouvido,Acessórios,5,1023.62,5118.1,TX,Atendimento excepcional.
9455,2047-11-20,27,57,Fone de ouvido,Acessórios,3,1727.47,5182.4,IL,Produto ok.
9456,2047-11-21,794,23,Laptop,Eletrônicos,4,1810.78,7243.13,TX,Atendimento excepcional.
9457,2047-11-22,97,69,Laptop,Eletrônicos,4,1673.04,6692.16,CA,Entrega atrasada
9458,2047-11-23,975,20,Laptop,Eletrônicos,2,690.7,1381.4,IL,Produto ok.
9459,2047-11-24,548,62,Laptop,Eletrônicos,4,647.79,2591.15,NY,Entrega dentro do prazo previsto.
9460,2047-11-25,621,42,Fone de ouvido,Acessórios,3,1975.54,5926.63,TX,Entrega rápida!
9461,2047-11-26,567,74,Tablet,Eletrônicos,4,1378.5,5513.99,NY,Produto com ótimo custo-benefício.
9462,2047-11-27,704,61,Tablet,Eletrônicos,3,644.66,1933.97,TX,Atendimento sem problema
9463,2047-11-28,219,69,Laptop,Eletrônicos,5,691.71,3458.53,NY,Entrega dentro do prazo previsto.
9464,2047-11-29,185,33,Smartphone,Eletrônicos,5,897.56,4487.78,CA,Atendimento excepcional.
9465,2047-11-30,69,60,Fone de ouvido,Acessórios,5,1262.52,6312.62,CA,Entrega rápida!
9466,2047-12-01,829,73,Tablet,Eletrônicos,1,1801.06,1801.06,FL,Entrega rápida!
9467,2047-12-02,130,21,Laptop,Eletrônicos,5,436.7,2183.49,FL,Atendimento sem problema
9468,2047-12-03,567,25,Smartphone,Eletrônicos,3,214.59,643.76,FL,Sem reclamações.
9469,2047-12-04,890,56,Smartphone,Eletrônicos,2,841.22,1682.43,IL,Sem reclamações.
9470,2047-12-05,609,33,Laptop,Eletrônicos,4,528.64,2114.55,TX,Qualidade inferior ao anunciado
9471,2047-12-06,848,79,Fone de ouvido,Acessórios,5,1173.26,5866.32,IL,Entrega dentro do prazo previsto.
9472,2047-12-07,599,61,Tablet,Eletrônicos,1,1413.47,1413.47,FL,Entrega rápida!
9473,2047-12-08,806,55,Smartphone,Eletrônicos,1,655.94,655.94,TX,Produto cumpre o que promete
9474,2047-12-09,631,40,Tablet,Eletrônicos,3,1386.63,4159.89,IL,Atendimento sem problema
9475,2047-12-10,720,23,Tablet,Eletrônicos,2,719.14,1438.27,CA,Entrega rápida!
9476,2047-12-11,334,60,Smartphone,Eletrônicos,5,1288.19,6440.94,TX,Excelente produto!
9477,2047-12-12,925,61,Laptop,Eletrônicos,5,1284.47,6422.34,FL,Produto ok.
9478,2047-12-13,154,33,Smartphone,Eletrônicos,1,592.41,592.41,CA,Atendimento sem problema
9479,2047-12-14,547,71,Smartphone,Eletrônicos,3,1289.66,3868.98,TX,Produto ok.
9480,2047-12-15,79,33,Fone de ouvido,Acessórios,1,792.86,792.86,IL,Produto ok.
9481,2047-12-16,579,79,Tablet,Eletrônicos,1,706.09,706.09,FL,Produto com ótimo custo-benefício.
9482,2047-12-17,855,40,Laptop,Eletrônicos,2,614.11,1228.22,IL,Entrega dentro do prazo previsto.
9483,2047-12-18,413,33,Tablet,Eletrônicos,3,724.01,2172.02,CA,Entrega rápida!
9484,2047-12-19,546,53,Smartphone,Eletrônicos,2,1584.15,3168.31,CA,Atendimento excepcional.
9485,2047-12-20,609,29,Laptop,Eletrônicos,3,528.1,1584.3,CA,Entrega rápida!
9486,2047-12-21,169,54,Laptop,Eletrônicos,5,1379.88,6899.38,TX,Excelente produto!
9487,2047-12-22,681,26,Laptop,Eletrônicos,4,1806.21,7224.84,FL,Excelente produto!
9488,2047-12-23,663,35,Laptop,Eletrônicos,4,733.34,2933.35,CA,Produto cumpre o que promete
9489,2047-12-24,583,26,Fone de ouvido,Acessórios,3,107.55,322.65,IL,Produto com ótimo custo-benefício.
9490,2047-12-25,515,65,Laptop,Eletrônicos,4,97.98,391.93,FL,Excelente produto!
9491,2047-12-26,314,38,Smartphone,Eletrônicos,1,322.03,322.03,IL,Entrega rápida!
9492,2047-12-27,32,75,Fone de ouvido,Acessórios,5,264.59,1322.94,IL,Entrega dentro do prazo previsto.
9493,2047-12-28,287,18,Smartphone,Eletrônicos,5,1508.77,7543.83,CA,Entrega rápida!
9494,2047-12-29,594,76,Smartphone,Eletrônicos,4,624.96,2499.84,FL,Excelente produto!
9495,2047-12-30,43,40,Tablet,Eletrônicos,3,1322.39,3967.18,NY,Muito satisfeito com a compra.
9496,2047-12-31,903,22,Laptop,Eletrônicos,1,132.79,132.79,TX,Excelente produto!
9497,2048-01-01,617,36,Laptop,Eletrônicos,3,626.69,1880.08,NY,Excelente produto!
9498,2048-01-02,1,52,Smartphone,Eletrônicos,4,506.59,2026.34,TX,Sem reclamações.
9499,2048-01-03,573,50,Laptop,Eletrônicos,5,589.92,2949.58,FL,Muito satisfeito com a compra.
9500,2048-01-04,270,72,Fone de ouvido,Acessórios,5,421.9,2109.5,CA,Entrega rápida!
9501,2048-01-05,180,63,Tablet,Eletrônicos,3,1254.94,3764.81,FL,Entrega rápida!
9502,2048-01-06,736,35,Laptop,Eletrônicos,2,1342.21,2684.42,NY,Entrega dentro do prazo previsto.
9503,2048-01-07,518,57,Laptop,Eletrônicos,3,339.51,1018.52,IL,Excelente produto!
9504,2048-01-08,103,31,Fone de ouvido,Acessórios,2,1495.23,2990.47,TX,Arrependido da compra
9505,2048-01-09,10,37,Tablet,Eletrônicos,3,537.59,1612.77,TX,Produto cumpre o que promete
9506,2048-01-10,583,69,Fone de ouvido,Acessórios,2,601.7,1203.4,NY,Produto com ótimo custo-benefício.
9507,2048-01-11,90,30,Smartphone,Eletrônicos,2,1666.18,3332.35,CA,Sem reclamações.
9508,2048-01-12,226,76,Smartphone,Eletrônicos,2,1807.27,3614.55,FL,Excelente produto!
9509,2048-01-13,670,70,Laptop,Eletrônicos,2,1658.27,3316.55,NY,Excelente produto!
9510,2048-01-14,740,33,Tablet,Eletrônicos,1,338.14,338.14,FL,Atendimento excepcional.
9511,2048-01-15,917,58,Smartphone,Eletrônicos,2,1998.57,3997.14,CA,Atendimento sem problema
9512,2048-01-16,126,48,Fone de ouvido,Acessórios,2,1360.7,2721.41,IL,Muito satisfeito com a compra.
9513,2048-01-17,956,56,Smartphone,Eletrônicos,5,1045.8,5229.02,FL,Produto cumpre o que promete
9514,2048-01-18,209,52,Smartphone,Eletrônicos,1,1911.94,1911.94,CA,Produto ok.
9515,2048-01-19,97,37,Fone de ouvido,Acessórios,2,1643.89,3287.78,NY,Atendimento excepcional.
9516,2048-01-20,74,74,Laptop,Eletrônicos,4,1398.9,5595.6,IL,Entrega atrasada
9517,2048-01-21,627,18,Tablet,Eletrônicos,1,1684.87,1684.87,IL,Produto com ótimo custo-benefício.
9518,2048-01-22,191,73,Laptop,Eletrônicos,5,801.66,4008.3,IL,Qualidade inferior ao anunciado
9519,2048-01-23,682,57,Fone de ouvido,Acessórios,3,1384.65,4153.96,TX,Entrega dentro do prazo previsto.
9520,2048-01-24,819,63,Smartphone,Eletrônicos,5,421.63,2108.16,CA,Atendimento sem problema
9521,2048-01-25,960,30,Tablet,Eletrônicos,5,1976.6,9883.01,FL,Entrega dentro do prazo previsto.
9522,2048-01-26,716,24,Laptop,Eletrônicos,1,1198.51,1198.51,NY,Produto cumpre o que promete
9523,2048-01-27,56,62,Fone de ouvido,Acessórios,1,1637.76,1637.76,IL,Muito satisfeito com a compra.
9524,2048-01-28,720,39,Smartphone,Eletrônicos,4,844.31,3377.25,IL,Produto cumpre o que promete
9525,2048-01-29,553,24,Smartphone,Eletrônicos,4,1529.25,6116.99,IL,Atendimento excepcional.
9526,2048-01-30,32,75,Laptop,Eletrônicos,1,805.4,805.4,CA,Produto com ótimo custo-benefício.
9527,2048-01-31,527,37,Fone de ouvido,Acessórios,1,1200.51,1200.51,NY,Qualidade inferior ao anunciado
9528,2048-02-01,574,69,Smartphone,Eletrônicos,1,1567.36,1567.36,CA,Muito satisfeito com a compra.
9529,2048-02-02,667,54,Smartphone,Eletrônicos,3,277.12,831.37,NY,Atendimento excepcional.
9530,2048-02-03,284,53,Tablet,Eletrônicos,5,745.73,3728.66,FL,Muito satisfeito com a compra.
9531,2048-02-04,721,21,Smartphone,Eletrônicos,4,1112.63,4450.51,TX,Excelente produto!
9532,2048-02-05,832,74,Laptop,Eletrônicos,4,701.3,2805.18,NY,Muito satisfeito com a compra.
9533,2048-02-06,494,23,Fone de ouvido,Acessórios,2,652.88,1305.75,CA,Atendimento excepcional.
9534,2048-02-07,187,63,Fone de ouvido,Acessórios,3,599.24,1797.73,CA,Produto ok.
9535,2048-02-08,498,20,Tablet,Eletrônicos,1,494.19,494.19,CA,Excelente produto!
9536,2048-02-09,442,20,Fone de ouvido,Acessórios,1,1705.36,1705.36,TX,Produto com ótimo custo-benefício.
9537,2048-02-10,130,75,Laptop,Eletrônicos,3,1851.19,5553.58,NY,Péssimo atendimento
9538,2048-02-11,639,73,Smartphone,Eletrônicos,4,1415.33,5661.32,NY,Qualidade inferior ao anunciado
9539,2048-02-12,292,20,Tablet,Eletrônicos,1,108.5,108.5,NY,Produto ok.
9540,2048-02-13,114,79,Fone de ouvido,Acessórios,2,1583.15,3166.31,NY,Atendimento excepcional.
9541,2048-02-14,199,53,Tablet,Eletrônicos,4,1087.28,4349.13,IL,Produto com ótimo custo-benefício.
9542,2048-02-15,13,71,Tablet,Eletrônicos,5,1528.31,7641.57,IL,Entrega dentro do prazo previsto.
9543,2048-02-16,271,26,Fone de ouvido,Acessórios,3,902.81,2708.43,CA,Entrega rápida!
9544,2048-02-17,601,71,Tablet,Eletrônicos,4,130.5,522.0,IL,Qualidade inferior ao anunciado
9545,2048-02-18,215,33,Fone de ouvido,Acessórios,5,1379.4,6897.01,NY,Entrega rápida!
9546,2048-02-19,444,68,Laptop,Eletrônicos,2,916.05,1832.1,NY,Produto ok.
9547,2048-02-20,790,33,Fone de ouvido,Acessórios,3,1754.38,5263.15,IL,Excelente produto!
9548,2048-02-21,512,29,Smartphone,Eletrônicos,1,1489.37,1489.37,FL,Atendimento excepcional.
9549,2048-02-22,447,55,Fone de ouvido,Acessórios,1,751.15,751.15,CA,Sem reclamações.
9550,2048-02-23,986,37,Smartphone,Eletrônicos,5,1461.96,7309.8,TX,Produto cumpre o que promete
9551,2048-02-24,993,70,Tablet,Eletrônicos,4,1015.66,4062.63,CA,Produto cumpre o que promete
9552,2048-02-25,715,48,Fone de ouvido,Acessórios,2,438.92,877.83,CA,Muito satisfeito com a compra.
9553,2048-02-26,74,47,Smartphone,Eletrônicos,5,868.78,4343.89,CA,Produto cumpre o que promete
9554,2048-02-27,537,38,Fone de ouvido,Acessórios,2,484.0,967.99,IL,Entrega rápida!
9555,2048-02-28,101,20,Fone de ouvido,Acessórios,2,59.7,119.41,CA,Produto com ótimo custo-benefício.
9556,2048-02-29,176,38,Fone de ouvido,Acessórios,2,531.25,1062.5,NY,Atendimento excepcional.
9557,2048-03-01,427,45,Laptop,Eletrônicos,3,458.57,1375.7,CA,Produto ok.
9558,2048-03-02,117,45,Smartphone,Eletrônicos,5,58.46,292.28,NY,Excelente produto!
9559,2048-03-03,166,22,Laptop,Eletrônicos,3,1578.65,4735.96,IL,Entrega dentro do prazo previsto.
9560,2048-03-04,41,24,Laptop,Eletrônicos,4,200.12,800.48,IL,Atendimento excepcional.
9561,2048-03-05,429,74,Smartphone,Eletrônicos,4,925.67,3702.66,CA,Atendimento excepcional.
9562,2048-03-06,344,22,Fone de ouvido,Acessórios,1,864.87,864.87,NY,Muito satisfeito com a compra.
9563,2048-03-07,424,26,Laptop,Eletrônicos,1,403.75,403.75,NY,Atendimento excepcional.
9564,2048-03-08,366,64,Laptop,Eletrônicos,1,1935.39,1935.39,NY,Atendimento excepcional.
9565,2048-03-09,120,38,Laptop,Eletrônicos,4,1227.28,4909.12,NY,Excelente produto!
9566,2048-03-10,609,37,Fone de ouvido,Acessórios,2,1636.35,3272.7,TX,Muito satisfeito com a compra.
9567,2048-03-11,657,55,Laptop,Eletrônicos,2,1017.47,2034.95,IL,Atendimento excepcional.
9568,2048-03-12,728,57,Tablet,Eletrônicos,5,1459.48,7297.42,NY,Entrega rápida!
9569,2048-03-13,229,69,Smartphone,Eletrônicos,4,1941.07,7764.28,TX,Atendimento excepcional.
9570,2048-03-14,825,54,Tablet,Eletrônicos,1,729.39,729.39,TX,Muito satisfeito com a compra.
9571,2048-03-15,130,75,Fone de ouvido,Acessórios,4,1033.31,4133.26,IL,Entrega rápida!
9572,2048-03-16,352,34,Laptop,Eletrônicos,2,1053.35,2106.69,FL,Entrega atrasada
9573,2048-03-17,889,59,Smartphone,Eletrônicos,2,1984.39,3968.78,CA,Entrega rápida!
9574,2048-03-18,318,45,Laptop,Eletrônicos,3,504.54,1513.63,IL,Excelente produto!
9575,2048-03-19,984,48,Fone de ouvido,Acessórios,3,1366.85,4100.55,FL,Excelente produto!
9576,2048-03-20,649,50,Smartphone,Eletrônicos,5,319.55,1597.74,CA,Entrega rápida!
9577,2048-03-21,836,49,Tablet,Eletrônicos,4,1857.79,7431.17,CA,Excelente produto!
9578,2048-03-22,337,79,Smartphone,Eletrônicos,3,1201.24,3603.73,CA,Entrega rápida!
9579,2048-03-23,273,49,Laptop,Eletrônicos,3,1725.85,5177.56,TX,Entrega rápida!
9580,2048-03-24,117,65,Smartphone,Eletrônicos,4,1795.72,7182.88,NY,Atendimento sem problema
9581,2048-03-25,818,73,Fone de ouvido,Acessórios,2,1136.36,2272.73,CA,Produto com defeito
9582,2048-03-26,368,40,Fone de ouvido,Acessórios,5,1379.91,6899.57,NY,Atendimento sem problema
9583,2048-03-27,94,38,Smartphone,Eletrônicos,5,1412.51,7062.53,CA,Entrega rápida!
9584,2048-03-28,168,42,Fone de ouvido,Acessórios,5,947.94,4739.69,TX,Entrega dentro do prazo previsto.
9585,2048-03-29,954,50,Fone de ouvido,Acessórios,3,897.93,2693.8,CA,Produto com ótimo custo-benefício.
9586,2048-03-30,715,20,Fone de ouvido,Acessórios,2,413.07,826.13,IL,Sem reclamações.
9587,2048-03-31,341,23,Tablet,Eletrônicos,5,798.63,3993.17,FL,Entrega rápida!
9588,2048-04-01,661,66,Laptop,Eletrônicos,4,1981.98,7927.9,CA,Excelente produto!
9589,2048-04-02,914,79,Fone de ouvido,Acessórios,5,576.23,2881.15,FL,Atendimento excepcional.
9590,2048-04-03,695,45,Smartphone,Eletrônicos,1,1536.76,1536.76,FL,Produto cumpre o que promete
9591,2048-04-04,925,71,Fone de ouvido,Acessórios,2,165.73,331.46,TX,Produto cumpre o que promete
9592,2048-04-05,152,19,Tablet,Eletrônicos,1,961.56,961.56,FL,Produto com ótimo custo-benefício.
9593,2048-04-06,586,49,Smartphone,Eletrônicos,2,163.9,327.8,TX,Entrega dentro do prazo previsto.
9594,2048-04-07,877,43,Laptop,Eletrônicos,4,977.81,3911.24,CA,Sem reclamações.
9595,2048-04-08,913,79,Smartphone,Eletrônicos,3,103.73,311.18,NY,Excelente produto!
9596,2048-04-09,274,22,Smartphone,Eletrônicos,3,1245.92,3737.77,TX,Atendimento excepcional.
9597,2048-04-10,554,28,Smartphone,Eletrônicos,2,1193.69,2387.39,FL,Produto cumpre o que promete
9598,2048-04-11,496,27,Smartphone,Eletrônicos,5,1605.79,8028.97,FL,Excelente produto!
9599,2048-04-12,724,32,Fone de ouvido,Acessórios,1,1187.41,1187.41,CA,Produto cumpre o que promete
9600,2048-04-13,101,35,Laptop,Eletrônicos,4,1855.7,7422.79,TX,Produto com ótimo custo-benefício.
9601,2048-04-14,557,66,Fone de ouvido,Acessórios,5,1577.05,7885.27,CA,Entrega atrasada
9602,2048-04-15,82,31,Tablet,Eletrônicos,3,308.68,926.04,TX,Entrega atrasada
9603,2048-04-16,529,45,Tablet,Eletrônicos,5,567.67,2838.36,NY,Muito satisfeito com a compra.
9604,2048-04-17,73,47,Smartphone,Eletrônicos,1,101.15,101.15,IL,Produto com ótimo custo-benefício.
9605,2048-04-18,14,79,Fone de ouvido,Acessórios,3,802.96,2408.88,CA,Muito satisfeito com a compra.
9606,2048-04-19,433,77,Fone de ouvido,Acessórios,2,1043.6,2087.19,FL,Atendimento excepcional.
9607,2048-04-20,157,30,Laptop,Eletrônicos,4,1894.6,7578.38,CA,Entrega rápida!
9608,2048-04-21,735,37,Laptop,Eletrônicos,4,1068.42,4273.69,TX,Sem reclamações.
9609,2048-04-22,132,19,Laptop,Eletrônicos,3,1573.0,4719.01,CA,Sem reclamações.
9610,2048-04-23,338,42,Fone de ouvido,Acessórios,2,572.65,1145.29,NY,Atendimento sem problema
9611,2048-04-24,404,61,Laptop,Eletrônicos,1,348.66,348.66,TX,Atendimento excepcional.
9612,2048-04-25,376,76,Laptop,Eletrônicos,4,1631.13,6524.52,FL,Produto ok.
9613,2048-04-26,888,60,Laptop,Eletrônicos,3,532.48,1597.44,FL,Produto com ótimo custo-benefício.
9614,2048-04-27,559,68,Smartphone,Eletrônicos,4,1749.1,6996.41,TX,Produto com ótimo custo-benefício.
9615,2048-04-28,107,29,Tablet,Eletrônicos,2,381.21,762.41,NY,Atendimento excepcional.
9616,2048-04-29,620,42,Tablet,Eletrônicos,1,1710.59,1710.59,CA,Produto ok.
9617,2048-04-30,265,21,Fone de ouvido,Acessórios,2,1557.05,3114.11,IL,Produto com ótimo custo-benefício.
9618,2048-05-01,205,59,Fone de ouvido,Acessórios,5,1241.88,6209.4,FL,Qualidade inferior ao anunciado
9619,2048-05-02,79,29,Smartphone,Eletrônicos,2,1707.93,3415.86,NY,Sem reclamações.
9620,2048-05-03,155,24,Tablet,Eletrônicos,2,694.88,1389.77,NY,Muito satisfeito com a compra.
9621,2048-05-04,783,72,Laptop,Eletrônicos,4,373.77,1495.07,NY,Muito satisfeito com a compra.
9622,2048-05-05,988,55,Laptop,Eletrônicos,2,356.23,712.46,CA,Excelente produto!
9623,2048-05-06,997,57,Fone de ouvido,Acessórios,3,577.2,1731.6,NY,Produto cumpre o que promete
9624,2048-05-07,247,76,Tablet,Eletrônicos,4,920.14,3680.57,NY,Atendimento excepcional.
9625,2048-05-08,531,49,Fone de ouvido,Acessórios,4,1758.24,7032.98,TX,Excelente produto!
9626,2048-05-09,858,60,Fone de ouvido,Acessórios,5,224.59,1122.97,TX,Atendimento excepcional.
9627,2048-05-10,948,23,Laptop,Eletrônicos,3,1834.72,5504.17,NY,Sem reclamações.
9628,2048-05-11,538,74,Laptop,Eletrônicos,2,1854.71,3709.43,NY,Excelente produto!
9629,2048-05-12,729,70,Tablet,Eletrônicos,5,1468.11,7340.55,TX,Muito satisfeito com a compra.
9630,2048-05-13,154,44,Fone de ouvido,Acessórios,3,1805.55,5416.66,CA,Produto cumpre o que promete
9631,2048-05-14,154,52,Smartphone,Eletrônicos,5,1551.47,7757.37,TX,Produto com ótimo custo-benefício.
9632,2048-05-15,686,38,Tablet,Eletrônicos,1,1080.19,1080.19,TX,Produto com defeito
9633,2048-05-16,92,37,Fone de ouvido,Acessórios,2,1221.46,2442.93,TX,Entrega dentro do prazo previsto.
9634,2048-05-17,433,36,Tablet,Eletrônicos,5,1275.04,6375.19,TX,Entrega rápida!
9635,2048-05-18,338,50,Tablet,Eletrônicos,1,297.44,297.44,IL,Sem reclamações.
9636,2048-05-19,480,73,Tablet,Eletrônicos,2,426.46,852.91,FL,Péssimo atendimento
9637,2048-05-20,693,21,Smartphone,Eletrônicos,5,1070.57,5352.85,CA,Sem reclamações.
9638,2048-05-21,131,77,Smartphone,Eletrônicos,5,274.7,1373.48,CA,Entrega rápida!
9639,2048-05-22,450,36,Laptop,Eletrônicos,5,1931.71,9658.55,NY,Produto com defeito
9640,2048-05-23,993,77,Laptop,Eletrônicos,5,1038.9,5194.49,IL,Muito satisfeito com a compra.
9641,2048-05-24,810,69,Fone de ouvido,Acessórios,4,791.17,3164.67,NY,Atendimento excepcional.
9642,2048-05-25,787,66,Tablet,Eletrônicos,5,357.2,1786.02,CA,Entrega rápida!
9643,2048-05-26,273,45,Fone de ouvido,Acessórios,4,862.24,3448.96,CA,Excelente produto!
9644,2048-05-27,929,39,Laptop,Eletrônicos,4,639.73,2558.92,NY,Qualidade inferior ao anunciado
9645,2048-05-28,588,68,Smartphone,Eletrônicos,1,221.46,221.46,FL,Produto ok.
9646,2048-05-29,177,41,Laptop,Eletrônicos,2,1935.66,3871.32,NY,Atendimento sem problema
9647,2048-05-30,696,76,Fone de ouvido,Acessórios,4,566.71,2266.83,FL,Entrega rápida!
9648,2048-05-31,831,63,Laptop,Eletrônicos,3,1396.42,4189.25,FL,Qualidade inferior ao anunciado
9649,2048-06-01,643,79,Fone de ouvido,Acessórios,4,228.08,912.32,TX,Excelente produto!
9650,2048-06-02,875,47,Fone de ouvido,Acessórios,3,1830.68,5492.04,CA,Muito satisfeito com a compra.
9651,2048-06-03,49,46,Fone de ouvido,Acessórios,1,1201.97,1201.97,TX,Produto cumpre o que promete
9652,2048-06-04,567,27,Fone de ouvido,Acessórios,3,1330.9,3992.7,CA,Atendimento excepcional.
9653,2048-06-05,666,70,Laptop,Eletrônicos,1,1574.48,1574.48,TX,Muito satisfeito com a compra.
9654,2048-06-06,355,49,Fone de ouvido,Acessórios,1,1231.53,1231.53,FL,Entrega atrasada
9655,2048-06-07,712,26,Fone de ouvido,Acessórios,1,188.27,188.27,TX,Sem reclamações.
9656,2048-06-08,308,42,Tablet,Eletrônicos,3,887.69,2663.06,IL,Qualidade inferior ao anunciado
9657,2048-06-09,868,33,Fone de ouvido,Acessórios,3,560.96,1682.88,TX,Muito satisfeito com a compra.
9658,2048-06-10,885,32,Laptop,Eletrônicos,1,999.1,999.1,TX,Muito satisfeito com a compra.
9659,2048-06-11,630,76,Fone de ouvido,Acessórios,1,838.43,838.43,TX,Entrega rápida!
9660,2048-06-12,775,65,Smartphone,Eletrônicos,2,1661.74,3323.48,IL,Arrependido da compra
9661,2048-06-13,46,35,Smartphone,Eletrônicos,1,531.74,531.74,CA,Produto com ótimo custo-benefício.
9662,2048-06-14,302,70,Fone de ouvido,Acessórios,5,442.54,2212.69,TX,Produto ok.
9663,2048-06-15,868,40,Smartphone,Eletrônicos,2,1918.27,3836.54,CA,Entrega rápida!
9664,2048-06-16,912,72,Smartphone,Eletrônicos,2,1901.56,3803.11,NY,Entrega dentro do prazo previsto.
9665,2048-06-17,408,59,Laptop,Eletrônicos,2,1987.26,3974.51,FL,Entrega rápida!
9666,2048-06-18,189,20,Tablet,Eletrônicos,5,1158.34,5791.71,NY,Atendimento excepcional.
9667,2048-06-19,822,24,Smartphone,Eletrônicos,2,270.63,541.26,IL,Entrega dentro do prazo previsto.
9668,2048-06-20,830,56,Smartphone,Eletrônicos,2,1766.33,3532.65,IL,Atendimento excepcional.
9669,2048-06-21,129,69,Tablet,Eletrônicos,3,332.97,998.92,CA,Produto com ótimo custo-benefício.
9670,2048-06-22,561,28,Tablet,Eletrônicos,3,353.41,1060.23,CA,Atendimento sem problema
9671,2048-06-23,537,72,Smartphone,Eletrônicos,1,427.13,427.13,TX,Produto cumpre o que promete
9672,2048-06-24,266,41,Fone de ouvido,Acessórios,1,1324.17,1324.17,NY,Muito satisfeito com a compra.
9673,2048-06-25,118,52,Smartphone,Eletrônicos,4,259.04,1036.15,CA,Atendimento sem problema
9674,2048-06-26,464,67,Fone de ouvido,Acessórios,5,1567.65,7838.25,CA,Qualidade inferior ao anunciado
9675,2048-06-27,144,42,Fone de ouvido,Acessórios,3,163.59,490.77,CA,Produto ok.
9676,2048-06-28,442,45,Fone de ouvido,Acessórios,1,265.37,265.37,FL,Produto cumpre o que promete
9677,2048-06-29,200,29,Tablet,Eletrônicos,5,897.25,4486.25,CA,Produto ok.
9678,2048-06-30,157,40,Smartphone,Eletrônicos,2,789.38,1578.77,FL,Produto cumpre o que promete
9679,2048-07-01,487,34,Smartphone,Eletrônicos,5,1979.93,9899.66,IL,Excelente produto!
9680,2048-07-02,860,75,Laptop,Eletrônicos,3,1935.38,5806.15,TX,Produto com defeito
9681,2048-07-03,134,75,Tablet,Eletrônicos,4,419.88,1679.52,NY,Entrega rápida!
9682,2048-07-04,912,58,Laptop,Eletrônicos,3,1896.0,5687.99,CA,Arrependido da compra
9683,2048-07-05,148,54,Laptop,Eletrônicos,1,1399.91,1399.91,FL,Atendimento excepcional.
9684,2048-07-06,336,35,Fone de ouvido,Acessórios,1,847.24,847.24,CA,Produto com ótimo custo-benefício.
9685,2048-07-07,71,72,Tablet,Eletrônicos,5,1492.28,7461.4,CA,Entrega dentro do prazo previsto.
9686,2048-07-08,233,26,Laptop,Eletrônicos,3,1805.27,5415.82,FL,Produto com ótimo custo-benefício.
9687,2048-07-09,334,62,Smartphone,Eletrônicos,1,401.28,401.28,CA,Atendimento excepcional.
9688,2048-07-10,811,52,Laptop,Eletrônicos,2,432.17,864.34,NY,Entrega dentro do prazo previsto.
9689,2048-07-11,666,53,Tablet,Eletrônicos,2,847.01,1694.01,IL,Sem reclamações.
9690,2048-07-12,90,74,Smartphone,Eletrônicos,4,379.96,1519.85,TX,Entrega rápida!
9691,2048-07-13,334,35,Smartphone,Eletrônicos,5,752.78,3763.88,CA,Atendimento excepcional.
9692,2048-07-14,199,37,Smartphone,Eletrônicos,1,1309.1,1309.1,FL,Excelente produto!
9693,2048-07-15,161,38,Fone de ouvido,Acessórios,4,1635.0,6539.98,NY,Produto com ótimo custo-benefício.
9694,2048-07-16,538,64,Smartphone,Eletrônicos,2,638.77,1277.55,CA,Excelente produto!
9695,2048-07-17,121,37,Fone de ouvido,Acessórios,4,599.37,2397.5,IL,Muito satisfeito com a compra.
9696,2048-07-18,301,72,Fone de ouvido,Acessórios,4,1570.5,6282.0,IL,Excelente produto!
9697,2048-07-19,724,23,Laptop,Eletrônicos,1,793.0,793.0,FL,Atendimento sem problema
9698,2048-07-20,575,26,Laptop,Eletrônicos,1,1646.03,1646.03,CA,Produto ok.
9699,2048-07-21,963,60,Smartphone,Eletrônicos,1,1987.09,1987.09,CA,Entrega rápida!
9700,2048-07-22,436,46,Tablet,Eletrônicos,5,1960.35,9801.77,CA,Atendimento excepcional.
9701,2048-07-23,68,46,Smartphone,Eletrônicos,4,1342.24,5368.96,IL,Produto ok.
9702,2048-07-24,765,30,Laptop,Eletrônicos,4,781.67,3126.66,CA,Produto cumpre o que promete
9703,2048-07-25,922,53,Smartphone,Eletrônicos,5,177.71,888.53,CA,Atendimento excepcional.
9704,2048-07-26,459,44,Laptop,Eletrônicos,2,1489.18,2978.36,CA,Atendimento excepcional.
9705,2048-07-27,514,64,Smartphone,Eletrônicos,3,1957.04,5871.11,CA,Entrega atrasada
9706,2048-07-28,398,74,Tablet,Eletrônicos,2,182.57,365.14,FL,Produto cumpre o que promete
9707,2048-07-29,620,66,Smartphone,Eletrônicos,5,62.03,310.14,IL,Produto ok.
9708,2048-07-30,286,61,Tablet,Eletrônicos,4,1671.96,6687.85,TX,Produto cumpre o que promete
9709,2048-07-31,561,23,Tablet,Eletrônicos,4,249.4,997.62,FL,Entrega rápida!
9710,2048-08-01,140,56,Smartphone,Eletrônicos,1,209.16,209.16,CA,Atendimento excepcional.
9711,2048-08-02,730,74,Tablet,Eletrônicos,1,1825.16,1825.16,TX,Produto ok.
9712,2048-08-03,556,49,Tablet,Eletrônicos,4,205.14,820.57,NY,Entrega rápida!
9713,2048-08-04,929,66,Laptop,Eletrônicos,4,272.33,1089.34,TX,Muito satisfeito com a compra.
9714,2048-08-05,781,60,Laptop,Eletrônicos,1,1160.67,1160.67,FL,Muito satisfeito com a compra.
9715,2048-08-06,590,61,Tablet,Eletrônicos,1,1525.79,1525.79,IL,Produto ok.
9716,2048-08-07,728,45,Fone de ouvido,Acessórios,2,829.17,1658.33,FL,Atendimento sem problema
9717,2048-08-08,894,62,Smartphone,Eletrônicos,4,870.15,3480.6,IL,Atendimento excepcional.
9718,2048-08-09,610,18,Tablet,Eletrônicos,4,1283.62,5134.48,IL,Atendimento sem problema
9719,2048-08-10,748,67,Smartphone,Eletrônicos,5,1035.58,5177.9,IL,Entrega rápida!
9720,2048-08-11,282,71,Laptop,Eletrônicos,2,86.33,172.65,NY,Atendimento excepcional.
9721,2048-08-12,661,68,Smartphone,Eletrônicos,3,271.49,814.46,TX,Produto com ótimo custo-benefício.
9722,2048-08-13,924,60,Tablet,Eletrônicos,3,1184.12,3552.36,FL,Produto ok.
9723,2048-08-14,816,48,Tablet,Eletrônicos,3,1597.64,4792.93,FL,Entrega rápida!
9724,2048-08-15,996,47,Tablet,Eletrônicos,1,1538.05,1538.05,IL,Atendimento excepcional.
9725,2048-08-16,936,71,Tablet,Eletrônicos,3,1493.11,4479.33,NY,Muito satisfeito com a compra.
9726,2048-08-17,578,35,Fone de ouvido,Acessórios,5,1553.98,7769.91,NY,Atendimento excepcional.
9727,2048-08-18,746,46,Fone de ouvido,Acessórios,1,136.66,136.66,CA,Entrega atrasada
9728,2048-08-19,457,59,Fone de ouvido,Acessórios,1,1795.45,1795.45,NY,Muito satisfeito com a compra.
9729,2048-08-20,87,55,Tablet,Eletrônicos,3,1784.1,5352.31,IL,Excelente produto!
9730,2048-08-21,79,40,Fone de ouvido,Acessórios,1,1087.25,1087.25,IL,Atendimento excepcional.
9731,2048-08-22,205,39,Smartphone,Eletrônicos,2,534.76,1069.52,TX,Produto com ótimo custo-benefício.
9732,2048-08-23,791,19,Tablet,Eletrônicos,2,1204.75,2409.5,IL,Produto com ótimo custo-benefício.
9733,2048-08-24,337,22,Laptop,Eletrônicos,3,1137.88,3413.63,TX,Excelente produto!
9734,2048-08-25,254,59,Tablet,Eletrônicos,5,484.77,2423.83,NY,Entrega rápida!
9735,2048-08-26,304,32,Smartphone,Eletrônicos,1,1226.1,1226.1,CA,Excelente produto!
9736,2048-08-27,380,78,Fone de ouvido,Acessórios,4,1604.72,6418.89,FL,Entrega rápida!
9737,2048-08-28,130,49,Tablet,Eletrônicos,3,1621.91,4865.73,IL,Muito satisfeito com a compra.
9738,2048-08-29,596,63,Fone de ouvido,Acessórios,1,166.41,166.41,NY,Entrega dentro do prazo previsto.
9739,2048-08-30,276,23,Tablet,Eletrônicos,3,434.47,1303.41,IL,Muito satisfeito com a compra.
9740,2048-08-31,699,31,Smartphone,Eletrônicos,3,1353.04,4059.11,TX,Produto cumpre o que promete
9741,2048-09-01,558,41,Tablet,Eletrônicos,5,1726.67,8633.36,NY,Produto cumpre o que promete
9742,2048-09-02,899,74,Fone de ouvido,Acessórios,4,1066.37,4265.49,FL,Excelente produto!
9743,2048-09-03,183,38,Fone de ouvido,Acessórios,1,1429.68,1429.68,TX,Produto ok.
9744,2048-09-04,268,31,Smartphone,Eletrônicos,3,91.09,273.27,NY,Produto cumpre o que promete
9745,2048-09-05,808,29,Tablet,Eletrônicos,3,1236.42,3709.26,FL,Atendimento sem problema
9746,2048-09-06,322,72,Laptop,Eletrônicos,1,1925.72,1925.72,TX,Sem reclamações.
9747,2048-09-07,512,21,Tablet,Eletrônicos,3,1338.98,4016.94,FL,Atendimento excepcional.
9748,2048-09-08,612,75,Smartphone,Eletrônicos,3,1848.44,5545.31,NY,Produto com ótimo custo-benefício.
9749,2048-09-09,78,61,Laptop,Eletrônicos,3,1153.72,3461.16,TX,Entrega rápida!
9750,2048-09-10,784,38,Smartphone,Eletrônicos,2,1694.59,3389.18,CA,Atendimento excepcional.
9751,2048-09-11,339,34,Tablet,Eletrônicos,2,292.12,584.23,IL,Produto com ótimo custo-benefício.
9752,2048-09-12,674,46,Laptop,Eletrônicos,4,290.85,1163.4,CA,Produto cumpre o que promete
9753,2048-09-13,556,68,Smartphone,Eletrônicos,5,284.35,1421.75,FL,Entrega rápida!
9754,2048-09-14,509,33,Fone de ouvido,Acessórios,1,1003.26,1003.26,NY,Entrega rápida!
9755,2048-09-15,238,35,Laptop,Eletrônicos,5,694.01,3470.07,IL,Muito satisfeito com a compra.
9756,2048-09-16,134,55,Laptop,Eletrônicos,5,1452.41,7262.06,NY,Entrega rápida!
9757,2048-09-17,973,58,Smartphone,Eletrônicos,2,1810.11,3620.23,FL,Entrega rápida!
9758,2048-09-18,192,75,Fone de ouvido,Acessórios,4,1257.78,5031.12,NY,Sem reclamações.
9759,2048-09-19,356,68,Laptop,Eletrônicos,5,465.76,2328.8,TX,Péssimo atendimento
9760,2048-09-20,278,61,Smartphone,Eletrônicos,5,1865.21,9326.05,TX,Atendimento excepcional.
9761,2048-09-21,18,28,Laptop,Eletrônicos,3,1079.32,3237.97,FL,Muito satisfeito com a compra.
9762,2048-09-22,524,49,Laptop,Eletrônicos,1,1453.89,1453.89,NY,Produto cumpre o que promete
9763,2048-09-23,180,45,Laptop,Eletrônicos,4,1786.49,7145.95,FL,Produto cumpre o que promete
9764,2048-09-24,123,33,Fone de ouvido,Acessórios,1,1980.17,1980.17,IL,Arrependido da compra
9765,2048-09-25,246,51,Tablet,Eletrônicos,2,1036.82,2073.65,NY,Sem reclamações.
9766,2048-09-26,734,67,Tablet,Eletrônicos,5,1625.72,8128.61,TX,Muito satisfeito com a compra.
9767,2048-09-27,373,47,Fone de ouvido,Acessórios,5,1155.39,5776.95,CA,Produto ok.
9768,2048-09-28,51,55,Fone de ouvido,Acessórios,1,998.59,998.59,TX,Produto com ótimo custo-benefício.
9769,2048-09-29,1000,75,Smartphone,Eletrônicos,2,1098.54,2197.08,NY,Produto cumpre o que promete
9770,2048-09-30,71,39,Laptop,Eletrônicos,3,994.34,2983.01,NY,Produto ok.
9771,2048-10-01,480,22,Fone de ouvido,Acessórios,3,871.0,2613.01,NY,Atendimento sem problema
9772,2048-10-02,560,26,Smartphone,Eletrônicos,5,1461.26,7306.28,NY,Atendimento excepcional.
9773,2048-10-03,19,30,Tablet,Eletrônicos,5,536.87,2684.34,IL,Atendimento sem problema
9774,2048-10-04,774,56,Tablet,Eletrônicos,4,1251.94,5007.78,CA,Entrega dentro do prazo previsto.
9775,2048-10-05,84,40,Tablet,Eletrônicos,1,1440.27,1440.27,TX,Atendimento excepcional.
9776,2048-10-06,155,44,Tablet,Eletrônicos,5,1789.58,8947.89,IL,Atendimento sem problema
9777,2048-10-07,565,49,Smartphone,Eletrônicos,2,697.16,1394.32,FL,Atendimento sem problema
9778,2048-10-08,619,48,Laptop,Eletrônicos,1,1728.17,1728.17,NY,Produto ok.
9779,2048-10-09,357,50,Smartphone,Eletrônicos,4,1893.32,7573.27,TX,Produto com ótimo custo-benefício.
9780,2048-10-10,816,59,Laptop,Eletrônicos,3,1314.92,3944.77,FL,Entrega atrasada
9781,2048-10-11,647,43,Tablet,Eletrônicos,4,1554.29,6217.18,CA,Entrega rápida!
9782,2048-10-12,443,35,Fone de ouvido,Acessórios,1,841.13,841.13,TX,Atendimento sem problema
9783,2048-10-13,69,29,Fone de ouvido,Acessórios,3,1906.66,5719.99,IL,Péssimo atendimento
9784,2048-10-14,523,20,Fone de ouvido,Acessórios,2,1358.18,2716.36,FL,Produto com defeito
9785,2048-10-15,143,22,Laptop,Eletrônicos,3,654.81,1964.42,TX,Produto cumpre o que promete
9786,2048-10-16,192,31,Tablet,Eletrônicos,3,838.31,2514.93,IL,Produto com ótimo custo-benefício.
9787,2048-10-17,387,76,Smartphone,Eletrônicos,2,1254.62,2509.25,NY,Entrega atrasada
9788,2048-10-18,378,64,Fone de ouvido,Acessórios,5,506.56,2532.82,TX,Qualidade inferior ao anunciado
9789,2048-10-19,581,29,Laptop,Eletrônicos,5,1520.13,7600.67,NY,Excelente produto!
9790,2048-10-20,535,21,Fone de ouvido,Acessórios,3,488.15,1464.45,FL,Atendimento excepcional.
9791,2048-10-21,693,73,Smartphone,Eletrônicos,3,1203.99,3611.97,FL,Entrega rápida!
9792,2048-10-22,293,33,Tablet,Eletrônicos,4,1409.16,5636.65,FL,Atendimento excepcional.
9793,2048-10-23,9,28,Smartphone,Eletrônicos,5,1726.51,8632.54,NY,Produto com ótimo custo-benefício.
9794,2048-10-24,271,53,Tablet,Eletrônicos,2,1481.11,2962.21,NY,Atendimento excepcional.
9795,2048-10-25,387,55,Tablet,Eletrônicos,3,1607.71,4823.13,IL,Produto com defeito
9796,2048-10-26,93,74,Tablet,Eletrônicos,3,1830.22,5490.65,TX,Muito satisfeito com a compra.
9797,2048-10-27,966,65,Fone de ouvido,Acessórios,4,1215.65,4862.62,IL,Qualidade inferior ao anunciado
9798,2048-10-28,529,19,Smartphone,Eletrônicos,4,1700.25,6800.98,NY,Atendimento sem problema
9799,2048-10-29,154,30,Fone de ouvido,Acessórios,4,502.15,2008.6,TX,Produto ok.
9800,2048-10-30,405,25,Smartphone,Eletrônicos,1,1638.73,1638.73,FL,Muito satisfeito com a compra.
9801,2048-10-31,840,61,Laptop,Eletrônicos,2,482.29,964.58,IL,Entrega rápida!
9802,2048-11-01,149,38,Laptop,Eletrônicos,1,1872.53,1872.53,IL,Atendimento excepcional.
9803,2048-11-02,889,43,Smartphone,Eletrônicos,3,693.45,2080.34,IL,Arrependido da compra
9804,2048-11-03,267,55,Smartphone,Eletrônicos,4,385.08,1540.34,NY,Entrega rápida!
9805,2048-11-04,422,52,Smartphone,Eletrônicos,4,338.93,1355.72,TX,Produto com ótimo custo-benefício.
9806,2048-11-05,840,32,Smartphone,Eletrônicos,4,415.18,1660.72,FL,Excelente produto!
9807,2048-11-06,618,57,Tablet,Eletrônicos,5,922.7,4613.52,NY,Produto com ótimo custo-benefício.
9808,2048-11-07,472,47,Fone de ouvido,Acessórios,2,1068.19,2136.38,FL,Qualidade inferior ao anunciado
9809,2048-11-08,893,19,Tablet,Eletrônicos,1,1831.88,1831.88,CA,Excelente produto!
9810,2048-11-09,547,33,Fone de ouvido,Acessórios,2,792.98,1585.96,CA,Atendimento sem problema
9811,2048-11-10,631,30,Fone de ouvido,Acessórios,4,474.09,1896.36,FL,Entrega rápida!
9812,2048-11-11,526,18,Fone de ouvido,Acessórios,3,1500.45,4501.35,CA,Produto ok.
9813,2048-11-12,503,60,Tablet,Eletrônicos,5,312.58,1562.88,TX,Excelente produto!
9814,2048-11-13,14,45,Smartphone,Eletrônicos,2,1789.95,3579.91,TX,Arrependido da compra
9815,2048-11-14,778,18,Tablet,Eletrônicos,3,848.33,2544.99,NY,Produto com ótimo custo-benefício.
9816,2048-11-15,652,57,Tablet,Eletrônicos,4,1246.99,4987.96,FL,Produto ok.
9817,2048-11-16,806,51,Fone de ouvido,Acessórios,4,413.06,1652.24,NY,Atendimento excepcional.
9818,2048-11-17,364,30,Laptop,Eletrônicos,4,333.78,1335.13,TX,Atendimento excepcional.
9819,2048-11-18,119,78,Laptop,Eletrônicos,4,1607.74,6430.95,TX,Muito satisfeito com a compra.
9820,2048-11-19,238,70,Tablet,Eletrônicos,5,887.92,4439.6,TX,Excelente produto!
9821,2048-11-20,546,19,Fone de ouvido,Acessórios,5,1974.15,9870.74,IL,Atendimento excepcional.
9822,2048-11-21,169,76,Tablet,Eletrônicos,2,1072.38,2144.76,CA,Entrega dentro do prazo previsto.
9823,2048-11-22,522,21,Tablet,Eletrônicos,4,1699.02,6796.09,NY,Excelente produto!
9824,2048-11-23,634,42,Smartphone,Eletrônicos,5,1960.93,9804.65,NY,Atendimento excepcional.
9825,2048-11-24,913,51,Fone de ouvido,Acessórios,3,598.24,1794.73,TX,Produto com ótimo custo-benefício.
9826,2048-11-25,657,30,Laptop,Eletrônicos,5,1611.72,8058.6,IL,Entrega rápida!
9827,2048-11-26,963,53,Laptop,Eletrônicos,5,92.91,464.56,NY,Muito satisfeito com a compra.
9828,2048-11-27,958,49,Laptop,Eletrônicos,2,1375.52,2751.04,NY,Atendimento excepcional.
9829,2048-11-28,735,78,Tablet,Eletrônicos,5,1503.14,7515.71,IL,Produto com ótimo custo-benefício.
9830,2048-11-29,883,75,Fone de ouvido,Acessórios,3,980.86,2942.58,TX,Entrega rápida!
9831,2048-11-30,769,38,Smartphone,Eletrônicos,4,366.11,1464.42,IL,Entrega rápida!
9832,2048-12-01,780,43,Laptop,Eletrônicos,1,1252.61,1252.61,CA,Muito satisfeito com a compra.
9833,2048-12-02,871,32,Fone de ouvido,Acessórios,2,1800.18,3600.36,NY,Arrependido da compra
9834,2048-12-03,516,46,Laptop,Eletrônicos,3,1866.07,5598.22,CA,Péssimo atendimento
9835,2048-12-04,938,43,Smartphone,Eletrônicos,2,1504.9,3009.8,NY,Produto ok.
9836,2048-12-05,397,38,Fone de ouvido,Acessórios,4,564.24,2256.96,CA,Entrega rápida!
9837,2048-12-06,866,29,Tablet,Eletrônicos,5,1747.14,8735.69,NY,Produto cumpre o que promete
9838,2048-12-07,106,29,Tablet,Eletrônicos,5,1783.2,8916.02,TX,Produto ok.
9839,2048-12-08,85,22,Laptop,Eletrônicos,3,766.12,2298.37,FL,Atendimento excepcional.
9840,2048-12-09,214,78,Laptop,Eletrônicos,4,406.81,1627.26,IL,Atendimento excepcional.
9841,2048-12-10,121,59,Fone de ouvido,Acessórios,1,1755.59,1755.59,NY,Entrega rápida!
9842,2048-12-11,132,43,Smartphone,Eletrônicos,1,1775.94,1775.94,IL,Entrega rápida!
9843,2048-12-12,850,49,Laptop,Eletrônicos,5,246.77,1233.83,NY,Produto cumpre o que promete
9844,2048-12-13,197,19,Fone de ouvido,Acessórios,4,1935.62,7742.48,FL,Produto cumpre o que promete
9845,2048-12-14,19,25,Smartphone,Eletrônicos,4,1089.51,4358.03,TX,Muito satisfeito com a compra.
9846,2048-12-15,642,44,Laptop,Eletrônicos,3,1987.77,5963.32,TX,Excelente produto!
9847,2048-12-16,12,54,Laptop,Eletrônicos,1,917.77,917.77,IL,Produto com ótimo custo-benefício.
9848,2048-12-17,81,71,Fone de ouvido,Acessórios,3,1089.9,3269.71,FL,Produto com ótimo custo-benefício.
9849,2048-12-18,330,25,Laptop,Eletrônicos,2,568.86,1137.72,IL,Muito satisfeito com a compra.
9850,2048-12-19,866,41,Tablet,Eletrônicos,4,1802.95,7211.79,TX,Atendimento excepcional.
9851,2048-12-20,774,30,Smartphone,Eletrônicos,1,915.24,915.24,CA,Atendimento excepcional.
9852,2048-12-21,392,46,Smartphone,Eletrônicos,3,1638.5,4915.49,IL,Sem reclamações.
9853,2048-12-22,637,30,Tablet,Eletrônicos,5,205.48,1027.41,NY,Atendimento sem problema
9854,2048-12-23,307,75,Fone de ouvido,Acessórios,2,1587.08,3174.16,TX,Entrega atrasada
9855,2048-12-24,267,40,Tablet,Eletrônicos,3,1005.97,3017.92,NY,Entrega dentro do prazo previsto.
9856,2048-12-25,447,64,Tablet,Eletrônicos,5,60.55,302.73,FL,Atendimento excepcional.
9857,2048-12-26,441,32,Smartphone,Eletrônicos,1,491.21,491.21,TX,Produto ok.
9858,2048-12-27,895,41,Fone de ouvido,Acessórios,1,427.77,427.77,TX,Produto com ótimo custo-benefício.
9859,2048-12-28,652,75,Laptop,Eletrônicos,2,1515.94,3031.88,IL,Excelente produto!
9860,2048-12-29,841,60,Tablet,Eletrônicos,5,980.54,4902.72,IL,Atendimento excepcional.
9861,2048-12-30,2,40,Tablet,Eletrônicos,4,361.45,1445.8,NY,Produto com ótimo custo-benefício.
9862,2048-12-31,520,27,Fone de ouvido,Acessórios,1,550.77,550.77,IL,Entrega rápida!
9863,2049-01-01,762,55,Tablet,Eletrônicos,4,1032.95,4131.8,CA,Entrega rápida!
9864,2049-01-02,651,22,Fone de ouvido,Acessórios,4,88.29,353.18,TX,Excelente produto!
9865,2049-01-03,636,22,Laptop,Eletrônicos,3,877.04,2631.13,FL,Produto com ótimo custo-benefício.
9866,2049-01-04,309,48,Fone de ouvido,Acessórios,3,1372.22,4116.66,TX,Produto cumpre o que promete
9867,2049-01-05,740,57,Laptop,Eletrônicos,1,1059.62,1059.62,NY,Muito satisfeito com a compra.
9868,2049-01-06,522,18,Fone de ouvido,Acessórios,4,1216.29,4865.18,IL,Muito satisfeito com a compra.
9869,2049-01-07,469,19,Tablet,Eletrônicos,3,686.91,2060.72,TX,Sem reclamações.
9870,2049-01-08,212,66,Laptop,Eletrônicos,5,407.0,2034.99,IL,Atendimento excepcional.
9871,2049-01-09,112,46,Tablet,Eletrônicos,5,1629.0,8144.98,NY,Sem reclamações.
9872,2049-01-10,8,75,Laptop,Eletrônicos,5,1815.99,9079.94,IL,Produto ok.
9873,2049-01-11,804,24,Fone de ouvido,Acessórios,5,1045.94,5229.72,FL,Entrega atrasada
9874,2049-01-12,477,46,Fone de ouvido,Acessórios,4,644.83,2579.32,NY,Muito satisfeito com a compra.
9875,2049-01-13,874,74,Fone de ouvido,Acessórios,5,1046.85,5234.25,TX,Entrega rápida!
9876,2049-01-14,460,72,Smartphone,Eletrônicos,4,1764.02,7056.09,TX,Produto ok.
9877,2049-01-15,253,26,Smartphone,Eletrônicos,1,1398.24,1398.24,FL,Produto com ótimo custo-benefício.
9878,2049-01-16,526,53,Laptop,Eletrônicos,1,1724.3,1724.3,CA,Produto com ótimo custo-benefício.
9879,2049-01-17,752,24,Smartphone,Eletrônicos,5,690.34,3451.7,IL,Atendimento excepcional.
9880,2049-01-18,438,45,Fone de ouvido,Acessórios,5,1438.36,7191.8,TX,Entrega dentro do prazo previsto.
9881,2049-01-19,754,27,Smartphone,Eletrônicos,5,1323.45,6617.23,FL,Atendimento excepcional.
9882,2049-01-20,981,33,Smartphone,Eletrônicos,1,1164.65,1164.65,IL,Sem reclamações.
9883,2049-01-21,854,27,Tablet,Eletrônicos,3,1080.04,3240.12,NY,Atendimento excepcional.
9884,2049-01-22,661,56,Laptop,Eletrônicos,1,1124.41,1124.41,FL,Produto ok.
9885,2049-01-23,236,75,Laptop,Eletrônicos,5,1706.86,8534.29,NY,Atendimento excepcional.
9886,2049-01-24,306,43,Laptop,Eletrônicos,3,1836.19,5508.57,NY,Muito satisfeito com a compra.
9887,2049-01-25,478,51,Smartphone,Eletrônicos,3,270.08,810.23,NY,Muito satisfeito com a compra.
9888,2049-01-26,679,51,Fone de ouvido,Acessórios,2,1159.1,2318.21,IL,Excelente produto!
9889,2049-01-27,20,57,Tablet,Eletrônicos,4,1840.9,7363.59,CA,Entrega rápida!
9890,2049-01-28,216,31,Laptop,Eletrônicos,5,312.74,1563.71,NY,Produto com ótimo custo-benefício.
9891,2049-01-29,855,35,Smartphone,Eletrônicos,4,855.08,3420.3,TX,Produto com defeito
9892,2049-01-30,135,18,Fone de ouvido,Acessórios,2,223.71,447.41,IL,Atendimento sem problema
9893,2049-01-31,905,34,Tablet,Eletrônicos,4,271.28,1085.12,IL,Produto ok.
9894,2049-02-01,129,66,Tablet,Eletrônicos,5,1813.02,9065.08,NY,Produto com defeito
9895,2049-02-02,410,39,Laptop,Eletrônicos,2,920.05,1840.1,TX,Atendimento excepcional.
9896,2049-02-03,422,54,Laptop,Eletrônicos,4,1393.04,5572.17,FL,Atendimento excepcional.
9897,2049-02-04,294,33,Fone de ouvido,Acessórios,1,320.88,320.88,IL,Péssimo atendimento
9898,2049-02-05,246,24,Smartphone,Eletrônicos,3,92.8,278.39,NY,Produto ok.
9899,2049-02-06,701,32,Fone de ouvido,Acessórios,2,1786.44,3572.89,NY,Péssimo atendimento
9900,2049-02-07,556,68,Laptop,Eletrônicos,1,1170.36,1170.36,CA,Produto ok.
9901,2049-02-08,86,38,Fone de ouvido,Acessórios,5,88.98,444.88,CA,Produto cumpre o que promete
9902,2049-02-09,556,19,Smartphone,Eletrônicos,3,1985.06,5955.19,FL,Atendimento sem problema
9903,2049-02-10,842,76,Tablet,Eletrônicos,2,1009.78,2019.55,FL,Entrega dentro do prazo previsto.
9904,2049-02-11,375,65,Tablet,Eletrônicos,3,977.96,2933.88,FL,Atendimento excepcional.
9905,2049-02-12,446,42,Tablet,Eletrônicos,2,1260.78,2521.57,FL,Muito satisfeito com a compra.
9906,2049-02-13,378,26,Tablet,Eletrônicos,2,65.41,130.83,NY,Entrega dentro do prazo previsto.
9907,2049-02-14,390,37,Laptop,Eletrônicos,4,1159.82,4639.28,NY,Sem reclamações.
9908,2049-02-15,657,67,Laptop,Eletrônicos,3,1277.49,3832.48,NY,Entrega rápida!
9909,2049-02-16,51,27,Smartphone,Eletrônicos,3,629.06,1887.18,TX,Atendimento excepcional.
9910,2049-02-17,242,73,Smartphone,Eletrônicos,1,1467.36,1467.36,FL,Atendimento sem problema
9911,2049-02-18,294,69,Smartphone,Eletrônicos,5,785.99,3929.96,TX,Atendimento excepcional.
9912,2049-02-19,920,38,Smartphone,Eletrônicos,1,1449.66,1449.66,IL,Excelente produto!
9913,2049-02-20,563,21,Fone de ouvido,Acessórios,4,330.46,1321.84,IL,Muito satisfeito com a compra.
9914,2049-02-21,266,47,Smartphone,Eletrônicos,2,1831.71,3663.42,NY,Entrega dentro do prazo previsto.
9915,2049-02-22,120,51,Tablet,Eletrônicos,4,1764.94,7059.77,IL,Produto com ótimo custo-benefício.
9916,2049-02-23,712,47,Tablet,Eletrônicos,4,343.72,1374.89,NY,Muito satisfeito com a compra.
9917,2049-02-24,917,31,Tablet,Eletrônicos,1,1879.99,1879.99,FL,Atendimento sem problema
9918,2049-02-25,248,39,Fone de ouvido,Acessórios,2,1137.67,2275.34,TX,Muito satisfeito com a compra.
9919,2049-02-26,70,18,Smartphone,Eletrônicos,5,1418.22,7091.08,NY,Atendimento excepcional.
9920,2049-02-27,853,77,Tablet,Eletrônicos,4,1688.57,6754.29,CA,Produto com defeito
9921,2049-02-28,57,25,Tablet,Eletrônicos,5,212.96,1064.81,CA,Sem reclamações.
9922,2049-03-01,382,28,Tablet,Eletrônicos,2,380.1,760.21,FL,Produto com ótimo custo-benefício.
9923,2049-03-02,39,18,Tablet,Eletrônicos,2,616.26,1232.52,TX,Produto cumpre o que promete
9924,2049-03-03,984,22,Laptop,Eletrônicos,1,980.55,980.55,NY,Entrega dentro do prazo previsto.
9925,2049-03-04,801,74,Smartphone,Eletrônicos,3,724.81,2174.42,FL,Entrega dentro do prazo previsto.
9926,2049-03-05,443,62,Smartphone,Eletrônicos,1,1036.4,1036.4,TX,Atendimento excepcional.
9927,2049-03-06,18,66,Fone de ouvido,Acessórios,5,412.54,2062.69,CA,Entrega rápida!
9928,2049-03-07,952,27,Laptop,Eletrônicos,1,1380.2,1380.2,NY,Atendimento sem problema
9929,2049-03-08,732,72,Fone de ouvido,Acessórios,2,158.68,317.37,TX,Excelente produto!
9930,2049-03-09,825,79,Tablet,Eletrônicos,4,754.83,3019.31,IL,Atendimento excepcional.
9931,2049-03-10,756,56,Fone de ouvido,Acessórios,3,399.11,1197.34,NY,Excelente produto!
9932,2049-03-11,352,30,Tablet,Eletrônicos,2,1473.37,2946.74,IL,Excelente produto!
9933,2049-03-12,972,38,Tablet,Eletrônicos,4,1773.12,7092.5,FL,Atendimento excepcional.
9934,2049-03-13,816,53,Smartphone,Eletrônicos,5,203.63,1018.17,TX,Muito satisfeito com a compra.
9935,2049-03-14,298,74,Smartphone,Eletrônicos,5,1580.82,7904.12,TX,Atendimento sem problema
9936,2049-03-15,283,70,Smartphone,Eletrônicos,5,1796.66,8983.29,TX,Atendimento excepcional.
9937,2049-03-16,586,62,Smartphone,Eletrônicos,1,1949.24,1949.24,TX,Produto com ótimo custo-benefício.
9938,2049-03-17,110,50,Smartphone,Eletrônicos,5,1179.8,5899.02,NY,Produto ok.
9939,2049-03-18,180,74,Laptop,Eletrônicos,5,688.41,3442.07,IL,Excelente produto!
9940,2049-03-19,938,60,Smartphone,Eletrônicos,1,677.85,677.85,IL,Sem reclamações.
9941,2049-03-20,544,45,Fone de ouvido,Acessórios,4,788.99,3155.97,FL,Excelente produto!
9942,2049-03-21,746,70,Tablet,Eletrônicos,2,1244.7,2489.4,FL,Atendimento excepcional.
9943,2049-03-22,794,26,Smartphone,Eletrônicos,3,1005.95,3017.85,TX,Produto com ótimo custo-benefício.
9944,2049-03-23,25,62,Laptop,Eletrônicos,5,1324.59,6622.94,CA,Qualidade inferior ao anunciado
9945,2049-03-24,843,28,Fone de ouvido,Acessórios,5,126.66,633.31,CA,Atendimento excepcional.
9946,2049-03-25,791,76,Fone de ouvido,Acessórios,5,256.47,1282.35,TX,Atendimento sem problema
9947,2049-03-26,738,57,Tablet,Eletrônicos,1,1954.25,1954.25,IL,Produto com ótimo custo-benefício.
9948,2049-03-27,57,46,Fone de ouvido,Acessórios,1,1991.0,1991.0,FL,Entrega rápida!
9949,2049-03-28,180,77,Fone de ouvido,Acessórios,1,1505.98,1505.98,NY,Entrega rápida!
9950,2049-03-29,232,75,Fone de ouvido,Acessórios,3,549.97,1649.92,CA,Produto cumpre o que promete
9951,2049-03-30,894,24,Fone de ouvido,Acessórios,2,1909.09,3818.19,FL,Muito satisfeito com a compra.
9952,2049-03-31,343,78,Laptop,Eletrônicos,5,466.72,2333.6,CA,Produto com ótimo custo-benefício.
9953,2049-04-01,477,44,Tablet,Eletrônicos,4,1476.29,5905.16,IL,Atendimento sem problema
9954,2049-04-02,799,77,Smartphone,Eletrônicos,5,274.75,1373.77,IL,Atendimento excepcional.
9955,2049-04-03,576,39,Fone de ouvido,Acessórios,5,1315.36,6576.82,TX,Muito satisfeito com a compra.
9956,2049-04-04,455,74,Laptop,Eletrônicos,5,1531.05,7655.27,TX,Excelente produto!
9957,2049-04-05,232,48,Tablet,Eletrônicos,5,1726.3,8631.49,CA,Qualidade inferior ao anunciado
9958,2049-04-06,289,47,Smartphone,Eletrônicos,2,1481.9,2963.79,CA,Excelente produto!
9959,2049-04-07,213,45,Tablet,Eletrônicos,4,1850.8,7403.19,FL,Arrependido da compra
9960,2049-04-08,258,37,Laptop,Eletrônicos,1,1065.8,1065.8,TX,Entrega rápida!
9961,2049-04-09,530,32,Laptop,Eletrônicos,4,1370.99,5483.94,IL,Entrega rápida!
9962,2049-04-10,687,32,Laptop,Eletrônicos,5,770.62,3853.11,FL,Produto cumpre o que promete
9963,2049-04-11,929,70,Fone de ouvido,Acessórios,4,70.26,281.04,FL,Muito satisfeito com a compra.
9964,2049-04-12,229,29,Laptop,Eletrônicos,5,1525.55,7627.76,NY,Muito satisfeito com a compra.
9965,2049-04-13,226,34,Smartphone,Eletrônicos,4,1746.23,6984.91,IL,Excelente produto!
9966,2049-04-14,596,40,Fone de ouvido,Acessórios,3,389.15,1167.46,FL,Atendimento excepcional.
9967,2049-04-15,803,23,Tablet,Eletrônicos,4,105.85,423.4,NY,Sem reclamações.
9968,2049-04-16,435,62,Smartphone,Eletrônicos,1,370.78,370.78,TX,Produto cumpre o que promete
9969,2049-04-17,882,33,Fone de ouvido,Acessórios,1,1795.81,1795.81,IL,Excelente produto!
9970,2049-04-18,758,44,Laptop,Eletrônicos,4,626.25,2504.98,TX,Arrependido da compra
9971,2049-04-19,402,40,Tablet,Eletrônicos,4,505.72,2022.89,NY,Atendimento excepcional.
9972,2049-04-20,622,18,Laptop,Eletrônicos,2,78.45,156.9,IL,Entrega rápida!
9973,2049-04-21,766,62,Smartphone,Eletrônicos,4,629.26,2517.03,CA,Produto com ótimo custo-benefício.
9974,2049-04-22,88,24,Smartphone,Eletrônicos,1,1445.5,1445.5,CA,Sem reclamações.
9975,2049-04-23,584,62,Fone de ouvido,Acessórios,3,1920.22,5760.67,CA,Excelente produto!
9976,2049-04-24,893,56,Smartphone,Eletrônicos,1,659.85,659.85,FL,Excelente produto!
9977,2049-04-25,542,57,Tablet,Eletrônicos,2,519.34,1038.67,CA,Entrega atrasada
9978,2049-04-26,684,67,Fone de ouvido,Acessórios,4,1781.73,7126.94,FL,Produto cumpre o que promete
9979,2049-04-27,309,66,Tablet,Eletrônicos,3,1712.38,5137.15,FL,Entrega dentro do prazo previsto.
9980,2049-04-28,906,65,Laptop,Eletrônicos,1,689.91,689.91,NY,Atendimento excepcional.
9981,2049-04-29,343,77,Tablet,Eletrônicos,3,184.17,552.51,CA,Entrega dentro do prazo previsto.
9982,2049-04-30,436,66,Tablet,Eletrônicos,5,1984.38,9921.9,IL,Entrega rápida!
9983,2049-05-01,177,57,Smartphone,Eletrônicos,1,1377.37,1377.37,FL,Produto com defeito
9984,2049-05-02,139,56,Laptop,Eletrônicos,5,1856.83,9284.16,NY,Atendimento excepcional.
9985,2049-05-03,194,74,Smartphone,Eletrônicos,3,716.66,2149.97,FL,Entrega rápida!
9986,2049-05-04,186,35,Laptop,Eletrônicos,4,1312.99,5251.95,IL,Muito satisfeito com a compra.
9987,2049-05-05,218,53,Laptop,Eletrônicos,4,1365.27,5461.08,IL,Excelente produto!
9988,2049-05-06,164,73,Tablet,Eletrônicos,4,1752.17,7008.66,CA,Excelente produto!
9989,2049-05-07,161,39,Smartphone,Eletrônicos,5,1986.46,9932.32,FL,Produto ok.
9990,2049-05-08,943,19,Tablet,Eletrônicos,4,261.9,1047.6,IL,Produto com defeito
9991,2049-05-09,525,65,Tablet,Eletrônicos,2,1280.68,2561.36,TX,Entrega dentro do prazo previsto.
9992,2049-05-10,808,43,Tablet,Eletrônicos,1,706.06,706.06,IL,Entrega rápida!
9993,2049-05-11,601,67,Laptop,Eletrônicos,1,1632.73,1632.73,IL,Excelente produto!
9994,2049-05-12,836,49,Smartphone,Eletrônicos,3,1520.59,4561.77,FL,Entrega atrasada
9995,2049-05-13,42,40,Smartphone,Eletrônicos,5,1790.41,8952.06,IL,Entrega rápida!
9996,2049-05-14,915,74,Tablet,Eletrônicos,1,720.22,720.22,NY,Atendimento excepcional.
9997,2049-05-15,210,57,Laptop,Eletrônicos,5,409.83,2049.17,IL,Muito satisfeito com a compra.
9998,2049-05-16,741,63,Smartphone,Eletrônicos,3,92.51,277.54,TX,Péssimo atendimento
9999,2049-05-17,862,35,Fone de ouvido,Acessórios,4,548.24,2192.95,IL,Produto com ótimo custo-benefício.
10000,2049-05-18,275,36,Smartphone,Eletrônicos,3,765.98,2297.95,CA,Atendimento excepcional.
